"id","site","job_url","job_url_direct","title","company","location","date_posted","job_type","salary_source","interval","min_amount","max_amount","currency","is_remote","job_level","job_function","listing_type","emails","description","company_industry","company_url","company_logo","company_url_direct","company_addresses","company_num_employees","company_revenue","company_description"
"gd-1009622571550","glassdoor","https://www.glassdoor.com/job-listing/j?jl=1009622571550","","Senior Software Engineer, Machine Learning (Ads)","Discord","San Francisco, CA","2025-02-01","","direct_data","yearly",202000.0,222000.0,"USD",False,"","","organic","","Discord is used by over 200 million people every month for many different reasons, but there’s one thing that nearly everyone does on our platform: play video games. Over 90% of our users play games, spending a combined 1\\.5 billion hours playing thousands of unique titles on Discord each month. Discord plays a uniquely important role in the future of gaming. We are focused on making it easier and more fun for people to talk and hang out before, during, and after playing games.We are looking for a Senior Software Engineer specializing in Machine Learning to join our Revenue ML team at Discord. This team partners with our revenue product groups, focusing on both consumer revenue and our emerging Ads initiative. This role will specifically contribute to our Ads ML efforts, helping to build and scale ML capabilities in areas such as ads measurement, targeting, and delivery ranking. As part of this team, you will play a critical role in developing foundational ML models that enhance ad relevance, optimize performance, and drive revenue. This is a unique opportunity to work on an early\\-stage Ads ML platform and have a direct impact on the business’s success. Our tech stack includes Python, ML frameworks like TensorFlow and PyTorch, large\\-scale data infrastructure, and real\\-time ad\\-serving technologies. What You'll Be Doing: Design, develop, and deploy machine learning models for ads measurement, targeting, and ranking. Improve our ads measurement framework by integrating first\\-party and third\\-party data to provide accurate campaign performance insights. Develop sophisticated ML models to infer user interests, enhance ad targeting. Build and optimize ad ranking models to serve the most effective ads based on campaign objectives (e.g., app installs, impression delivery). Collaborate cross\\-functionally with product, engineering, and business teams to define and execute on the Ads ML roadmap. Scale our ML infrastructure to support an increasing number of concurrent ad campaigns while ensuring low\\-latency decision\\-making. Drive research and implementation of state\\-of\\-the\\-art ML techniques in the field of online advertising. What You Should Have: 5\\+ years of experience as a Machine Learning Engineer or Data Scientist. 3\\+ years of experience specifically in Ads ML (ads ranking, personalization, optimization, user profiling, targeting, or measurement). Strong proficiency in Python and experience building ML models for large\\-scale applications. Proven track record of designing, implementing, and scaling ML\\-driven ad systems in real\\-world applications. Experience working with real\\-time ML inference, A/B testing, and optimization frameworks. Strong understanding of performance advertising and how ML impacts revenue and advertiser retention. The ability to thrive in a fast\\-moving, ambiguous environment and build systems from the ground up. Bonus Skills: Experience with large\\-scale data infrastructure and distributed computing. Familiarity with deep learning frameworks such as TensorFlow or PyTorch. Knowledge of ad tech industry standards and third\\-party measurement solutions. \\#LI\\-Remote The US base salary range for this full\\-time position is $202,000 to $222,000 \\+ equity \\+ benefits. Our salary ranges are determined by role and level. Within the range, individual pay is determined by additional factors, including job\\-related skills, experience, and relevant education or training. Please note that the compensation details listed in US role postings reflect the base salary only, and do not include equity, or benefits.Why Discord?Discord plays a uniquely important role in the future of gaming. We're a multiplatform, multigenerational and multiplayer platform that helps people deepen their friendships around games and shared interests. We believe games give us a way to have fun with our favorite people, whether listening to music together or grinding in competitive matches for diamond rank. Join us in our mission! Your future is just a click away! Check out ourinclusion, diversity and purpose efforts, company principles, or learn more about the Life @ Discord experience!","","https://www.glassdoor.com/Overview/W-EI_IE910317.htm","https://media.glassdoor.com/sql/910317/discord-squareLogo-1620918281628.png","","","","",""
"gd-1009621310105","glassdoor","https://www.glassdoor.com/job-listing/j?jl=1009621310105","","Machine Learning Engineer","Hive","San Francisco, CA","2025-02-01","","direct_data","yearly",120000.0,180000.0,"USD",False,"","","organic","","**About Hive**

Hive is the leading provider of cloud\\-based AI solutions for content understanding, trusted by the world’s largest, fastest growing, and most innovative organizations. The company empowers developers with a portfolio of best\\-in\\-class, pre\\-trained AI models, serving billions of customer API requests every month. Hive also offers turnkey software applications powered by proprietary AI models and datasets, enabling breakthrough use cases across industries. Together, Hive’s solutions are transforming content moderation, brand protection, sponsorship measurement, context\\-based ad targeting, and more.

Hive has raised over $120M in capital from leading investors, including General Catalyst, 8VC, Glynn Capital, Bain \\& Company, Visa Ventures, and others. We have over 250 employees globally in our San Francisco, Seattle, and Delhi offices. Please reach out if you are interested in joining the future of AI!

**Machine Learning Role**  
In order to execute our vision, we need to grow our team of best\\-in\\-class machine learning engineers. We are looking for developers who are excited about staying at the forefront of deep learning technology, prototyping state\\-of\\-the\\-art neural net models and launching these models into production. We value hard workers who have no qualms working with terabyte\\-scale datasets, who are interested in learning new technologies at all levels of the machine learning stack, and who move fast and take ownership of their projects. Our ideal candidate has experience creating a working machine learning\\-powered project from the ground up, contributes innovative ideas and ingenious implementations to the team, and is capable of planning out scalable, maintainable data pipelines.

**Responsibilities**

* Everything involved in applying a ML model to a production use case, including, designing and coding up the neural network, gathering and refining data, training and tuning the model, deploying it at scale with high throughput and uptime, and analyzing the results in the wild in order to continuously update and improve accuracy and speed
* Interface closely with the Backend and DevOps teams as well as with our internal data labeling services
* Utilize OWASP top 10 techniques to secure code from vulnerabilities
* Maintain awareness of industry best practices for data maintenance handling as it relates to your role
* Adhere to policies, guidelines and procedures pertaining to the protection of information assets
* Report actual or suspected security and/or policy violations/breaches to an appropriate authority

**Requirements**

* You have an undergraduate or graduate degree in computer science or similar technical field, with significant coursework in mathematics or statistics
* You have 1\\-2 years industry machine learning experience
* You have successfully trained and deployed a deep learning machine model (image, NLP, video, or audio) into production, with measurably improved performance over baseline, either in industry or as a personal project
* You have strong experience with a high\\-level machine learning frameworks such as Tensorflow, Caffe, or Torch, and familiarity with the others
* You know the ins and outs of Python, especially as it applies to the above ML frameworks
* You are capable of quickly coding and prototyping data pipelines involving any combination of Python, Node, bash, and linux command\\-line tools, especially when applied to large datasets consisting of millions of files
* You have a working knowledge of the following technologies, or are not afraid of picking it up on the fly: C\\+\\+, Scala/Spark, SQL, Cassandra, Docker
* You are up\\-to\\-date on the latest deep neural net research and architectures, both in understanding the theory and motivations behind the techniques, as well as how to implement them in the ML framework of your choice
* You have great communication skills and ability to work with others
* You are a strong team player, with a do\\-whatever\\-it\\-takes attitude

**Who We Are**

We are a group of ambitious individuals who are passionate about creating a revolutionary AI company. At Hive, you will have a steep learning curve and an opportunity to contribute to one of the fastest growing AI start\\-ups in San Francisco. The work you do here will have a noticeable and direct impact on the development of the company.

Thank you for your interest in Hive and we hope to meet you soon!

The current expected base salary for this position ranges from $120,000 \\- $180,000\\. Actual compensation may vary depending on a number of factors, including a candidate’s qualifications, skills, competencies and experience, and location. Base pay is one part of the total compensation package that is provided to compensate and recognize employees for their work; stock options may be offered in addition to the range provided here.

Job Type: Full\\-time

Pay: $120,000\\.00 \\- $180,000\\.00 per year

Schedule:

* Monday to Friday

Work Location: In person","","https://www.glassdoor.com/Overview/W-EI_IE1529059.htm","https://media.glassdoor.com/sql/1529059/hive-squarelogo-1516370633937.png","","","","",""
"gd-1009621189411","glassdoor","https://www.glassdoor.com/job-listing/j?jl=1009621189411","","Java Microservice Software Engineer","Wells Fargo","San Francisco, CA","2025-02-01","","direct_data","hourly",30.0,65.0,"USD",False,"","","organic","","**About this role:**  

  

Marketing Technology in Wells Fargo is fast growing department, seeking a highly motivated and energetic microservice engineer to join our dynamic team. As part of an innovative environment, you will play role in developing cutting\\-edge software solution. We are looking for someone who thrives in a fast\\-paced setting, has strong expertise in java development and is eager to contribute to exciting new projects. if you are passionate about technology and are ready to make an impact, we'd love to have you onboard.  

  

**In this role, you will:*** Participate in low to moderately complex initiatives and projects associated with the technology domain, including installation, upgrades, and deployment efforts
* Identify opportunities for service quality and availability improvements within the technology domain environment
* Design, code, test, debug, and document for low to moderately complex projects and programs associated with technology domain, including upgrades and deployments
* Review and analyze technical assignments or challenges that are related to low to medium risk deliverables and that require research, evaluation, and selection of alternative technology domains
* Present recommendations for resolving issues or may escalate issues as needed to meet established service level agreements
* Exercise some independent judgment while also developing understanding of given technology domain in reference to security and compliance requirements
* Provide information to technology colleagues, internal partners, and stakeholders

**Required Qualifications:*** 2\\+ years of software engineering experience, or equivalent demonstrated through one or a combination of the following: work experience, training, military experience, education
* Java engineering experience
* Sprint boot, Spring framework, JPA, Transaction management
* Microservice development experience
* Kafka messaging experience
* Relational and No SQL database engineering experience
* Object oriented programming cpncepts
* Behavioral Driven Development (e.g., Cucumber) experience
* GitHub repository

**Desired Qualifications:*** Any cloud vendor certification
* Kubernetes experience

**Job Expectations:*** 25% Travel
* Hybrid work schedule
* This position is not eligible for visa sponsorship

**Pay Range**  

  

Reflected is the base pay range offered for this position. Pay may vary depending on factors including but not limited to achievements, skills, experience, or work location. The range listed is just one component of the compensation package offered to candidates.  

$30\\.58 \\- $65\\.24  

**Benefits**  

  

Wells Fargo provides eligible employees with a comprehensive set of benefits, many of which are listed below. Visit Benefits \\- Wells Fargo Jobs for an overview of the following benefit plans and programs offered to employees.* Health benefits
* 401(k) Plan
* Paid time off
* Disability benefits
* Life insurance, critical illness insurance, and accident insurance
* Parental leave
* Critical caregiving leave
* Discounts and savings
* Commuter benefits
* Tuition reimbursement
* Scholarships for dependent children
* Adoption reimbursement

**Posting End Date:**  

6 Feb 2025  

* **Job posting may come down early due to volume of applicants.**

  

**We Value Diversity**  

  

At Wells Fargo, we believe in diversity, equity and inclusion in the workplace; accordingly, we welcome applications for employment from all qualified candidates, regardless of race, color, gender, national origin, religion, age, sexual orientation, gender identity, gender expression, genetic information, individuals with disabilities, pregnancy, marital status, status as a protected veteran or any other status protected by applicable law.  

  

Employees support our focus on building strong customer relationships balanced with a strong risk mitigating and compliance\\-driven culture which firmly establishes those disciplines as critical to the success of our customers and company. They are accountable for execution of all applicable risk programs (Credit, Market, Financial Crimes, Operational, Regulatory Compliance), which includes effectively following and adhering to applicable Wells Fargo policies and procedures, appropriately fulfilling risk and compliance obligations, timely and effective escalation and remediation of issues, and making sound risk decisions. There is emphasis on proactive monitoring, governance, risk identification and escalation, as well as making sound risk decisions commensurate with the business unit's risk appetite and all risk and compliance program requirements.  

  

Candidates applying to job openings posted in US: All qualified applicants will receive consideration for employment without regard to race, color, religion, sex, sexual orientation, gender identity, national origin, disability, status as a protected veteran, or any other legally protected characteristic.  

  

**Applicants with Disabilities**  

  

To request a medical accommodation during the application or interview process, visit Disability Inclusion at Wells Fargo .  

  

**Drug and Alcohol Policy**  

  

Wells Fargo maintains a drug free workplace. Please see our Drug and Alcohol Policy to learn more.  

  

**Wells Fargo Recruitment and Hiring Requirements:**  

  

a. Third\\-Party recordings are prohibited unless authorized by Wells Fargo.  

  

b. Wells Fargo requires you to directly represent your own experiences during the recruiting and hiring process.","","https://www.glassdoor.com/Overview/W-EI_IE8876.htm","https://media.glassdoor.com/sql/8876/wells-fargo-squarelogo-1569533783558.png","","","","",""
"gd-1009621246496","glassdoor","https://www.glassdoor.com/job-listing/j?jl=1009621246496","","Software Engineer II, Backend (RecordKeeper Core)","Human Interest","San Francisco, CA","2025-02-01","","direct_data","yearly",160000.0,185000.0,"USD",False,"","","organic","applicantaccommodations@humaninterest.com","**Human Interest is on a mission to ensure that people in all lines of work have access to retirement benefits.**



Nearly half of all working Americans are not saving enough for their future. Too often it's because they are employed by a company that doesn't offer a retirement plan. Human Interest is changing that by making it affordable and accessible for small and medium\\-sized businesses to offer employees a path to financial independence through retirement savings.



We're a high\\-growth tech company changing the retirement industry. We've raised more than $700M in primary and secondary financings and are backed by a number of investors. Most recently, this includes funding from Marshall Wace and Baillie Gifford, as well as top investors such as BlackRock, TPG (The Rise Fund), SoftBank, Glynn Capital, NewView Capital, USVP, Wing, Uncork, and more.


**Join our amazing Engineering team**



Our engineering organization aims to redefine the retirement services space with software that provides an effortless, efficient, scalable, and reliable user experience.


* We value continuous improvement, emphasizing documentation, security, consistency, and scalability.
* We help each other be better engineers, ensuring we leave things better than we found them.
* We are customer\\-focused, ensuring our software improves the customer experience


**About the Recordkeeping team**



The Recordkeeping team at Human Interest is dedicated to managing the bookkeeping of retirement plans, enabling the company to serve small businesses and close the retirement savings gap. Our proprietary recordkeeping platform is a major technology investment, supporting the unique needs of 401(k) plans for small businesses.



This team is responsible for developing and maintaining trading, cash movement, and accounting systems that oversee billions of dollars in plan assets. Recordkeeping is a technically challenging domain and requires highly scalable solutions that meet the regulatory needs of a large financial institution. The Recordkeeping platform's transactional, trade, and position data support comprehensive reporting on all financial and trading activities, providing a complete picture of financial activity. As a foundational platform, the Recordkeeping team plays a crucial role in the company's success by accurately recording all financial transactions.


**About the role**



As part of the Core Backend team, you'll play a key role in developing our next\\-generation, horizontally scalable recordkeeping platform. Recordkeeping is a complex and engaging domain, blending accounting principles with the design of scalable, distributed systems. You'll work alongside domain experts to design, build, test, and take ownership of the systems and processes that power our 401(k) services and drive customer satisfaction. Reliability and performance are essential to earning customer trust, so you'll be building resilient, observable, maintainable, and scalable systems. This role requires a strong sense of ownership—key to enabling the success of our users.


**About you**



You are passionate about building highly scalable transaction processing and automation engines. You thrive on building efficient and horizontally scalable software platforms. You are knowledgeable about backend software development, cloud infrastructure, performance analysis, and scalable database technologies (both SQL and NOSQL). You have strong technical skills in Java (bonus points for Kotlin), JavaScript or TypeScript, GraphQL, and PostgreSQL. You thrive under pressure and are committed to delivering high quality software under deadlines. You are adaptable and embrace working in a quickly changing environment. You demonstrate a strong sense of responsibility and possess the capability to successfully lead projects characterized by unclear requirements. You are a highly collaborative team player who is willing to both learn from as well as coach your teammates. You are committed to continuous learning and improvement.


**What you get to do every** **day**


* Build and maintain business\\-critical software to process and record customers' retirement savings
* Improve complex processes and systems to make them more robust, higher performance and require less human intervention
* Collaborate with other engineers and stakeholders to share knowledge and build expertise
* Write clean, high\\-quality code and tests while keeping the system fast and reliable
* Develop and analyze monitors and tests to assess performance, scalability and reliability
* Develop ownership over critical retirement workflows and domains.
* Deliver features and enhancements that improve complex processes and systems, making them more robust and higher performance with less human intervention.
* Make informed engineering tradeoff decisions
* Delight internal and external stakeholders
* Participate in development life cycle activities like analysis, design, coding, testing and production release


**What you bring to the role**


* Minimum 7 years of professional experience building and maintaining backend software
* Experience building large\\-scale backend systems, managing elastic workloads using queue/worker and streaming architectures.
* Experience scaling database platforms (NOSQL, SQL).
* Strong technical skills in Java (bonus points for Kotlin), JavaScript or TypeScript,, Node.js, GraphQL, and PostgreSQL
* Experience migrating to modern scalable technologies from monolithic systems while maintaining high reliability and availability.
* Ability to quickly grasp the workings of accounting and 401k domains.
* Strong desire to learn, exchange feedback and grow \\- from our internal legacy and futuristic technical designs, to retirement domains and workflows that are critical for our business.
* Ability to think creatively, and share knowledge with others
* Ability to write understandable, testable code with an eye towards maintainability
* Proactive and empathetic mindset \\- you love to roll up your sleeves to fix problems for our customers
* Completed formal training in computer science related discipline (Bachelors or Masters preferred)


**Why you will love working at Human Interest**


**Mission** \\- Highly collaborative startup dedicated to supporting employee engagement and growth. It's an opportunity to help solve one of the biggest unsolved problems in America: saving for retirement.


**Culture** \\-Our operating principles define how we come together as a team to do our work. They reflect Human Interest's unique view on what's important and what's right. Documenting this core aspect of our culture helps employees make good decisions on their own. It also helps candidates considering career opportunities critically evaluate whether they will thrive at Human Interest.


* Customer obsession
* Long\\-term orientation
* Autonomous and accountable teams
* An escalating bar for talent and performance
* Fundamental optimism


**Compensation** \\- At Human Interest, there are a number of factors that are used to determine the appropriate pay range for each position. We take into account the cost of labor for each position in various markets across the US. The base salary for this position spans $160,000\\- $185,000and represents the minimum in our lowest geographic region to a maximumin our highest geographic region. The salary that we offer to a new employee within this range is based on their location within the US, their relevant job\\-related skills, and experience. At Human Interest, base salary is one component of the overall Total Rewards package. Depending on the position, additional compensation components such as bonus, commission, and equity may be offered. All of our employees are offered a robust suite of physical, financial and mental wellness benefits.


**Benefits** \\-


* A great 401(k) plan: Our own! Our 401(k) includes a dollar\\-for\\-dollar employer match up to 4% of compensation (immediately vested) and $0 plan fees
* Top\\-of\\-the\\-line health plans, as well as dental and vision insurance
* Generous PTO and parental leave policies
* Addition Wealth \\- Unlimited access to digital tools, financial professionals, and a knowledge center to help you understand your equity and support your financial wellness
* Lyra \\- Enhanced Mental Health Support for Employees and dependents
* Carrot \\- Fertility healthcare and family forming benefits
* Candidly \\- Student loan resource to help you and your family plan, borrow, and repay student debt
* Monthly work\\-from\\-home stipend; quarterly lifestyle stipend
* Employee Resource Groups including Veterans, Lift Ev'ry Voice, Pride, LatinX, Families, and Women in Tech
* Fun online and regional events and celebrations and department and company offsites
* The vast majority of our positions can be 100% remote
  


**We're a great place to work** (but don't take our word for it)



Here's a list of our awards and accolades:


* Certified as a Great Place To Work® (2023\\-2025\\)
* Fortune Best Place to Work in the Bay Area (2024\\)
* Best Places to Work by Built In (2023\\-2024\\)
* America's Best Startup Employers by Forbes (2020\\-2022, 2024\\)
* A Top Company by Y Combinator (2020\\-2023\\)
* Inc. Fastest Growing Companies (2021\\)

  



Human Interest is an equal opportunity employer. All applicants will receive consideration for employment without regard to race, color, religion, sex, gender, gender identity or expression, sexual orientation, national origin, genetics, disability, age, veteran or military status, pregnancy, or any other characteristics protected under federal, state, or local laws.



We are committed to making every stage of our application process fully accessible to all individuals. If you need a reasonable accommodation at any point in the process, please let us know at applicantaccommodations@humaninterest.com.



Please note Human Interest does not accept unsolicited resumes from any source other than directly from candidates. We will not consider resumes from vendors including and without limitation search firms, staffing agencies, fee\\-based referral services, and recruiting agencies.



Pursuant to the San Francisco Fair Chance Ordinance, we will consider employment\\-qualified applicants with arrest and conviction records. We comply with **CCPA**guidelines.


See more: https://humaninterest.com/disclosures","","https://www.glassdoor.com/Overview/W-EI_IE1303170.htm","https://media.glassdoor.com/sql/1303170/human-interest-squarelogo-1600204404025.png","","","","",""
"gd-1009621310631","glassdoor","https://www.glassdoor.com/job-listing/j?jl=1009621310631","","Frontend Engineer","Hive","San Francisco, CA","2025-02-01","","direct_data","yearly",120000.0,160000.0,"USD",False,"","","organic","","**About Hive**

Hive is the leading provider of cloud\\-based AI solutions for content understanding, trusted by the world’s largest, fastest growing, and most innovative organizations. The company empowers developers with a portfolio of best\\-in\\-class, pre\\-trained AI models, serving billions of customer API requests every month. Hive also offers turnkey software applications powered by proprietary AI models and datasets, enabling breakthrough use cases across industries. Together, Hive’s solutions are transforming content moderation, brand protection, sponsorship measurement, context\\-based ad targeting, and more.  
Hive has raised over $120M in capital from leading investors, including General Catalyst, 8VC, Glynn Capital, Bain \\& Company, Visa Ventures, and others. We have over 250 employees globally in our San Francisco, Seattle, and Delhi offices. Please reach out if you are interested in joining the future of AI!  
**Frontend Engineer**

Frontend Engineers are an essential part of the Hive Data and Hive Enterprise products. Working closely with designers, product owners, and other engineers, we implement the user interfaces that define our core platforms. We leverage the latest web technologies such as **React****,\\*** Redux**\\*,** **Webpack****,\\* and** ES6\\* to deliver innovative interfaces and rich user experiences. The team is small and fast moving, and you will be expected to iterate quickly and make software design decisions on product features. As a front\\-end engineer at Hive, your breadth of skills paired with our bottom\\-up product process will give you as much autonomy and responsibility as you can handle. We are looking for technically\\-strong teammates who are passionate about frontend technologies and thrive in a fast\\-paced environment.

**Responsibilities**

* Build robust, high performance, and scalable applications
* Work with the design and product teams to develop new features that are focused on user experience
* Actively participate in product decisions, ensuring we set reasonable development deadlines
* Look for opportunities to improve team efficiency and work with your team to implement improvements
* Utilize OWASP top 10 techniques to secure code from vulnerabilities
* Maintain awareness of industry best practices for data maintenance handling as it relates to your role
* Adhere to policies, guidelines and procedures pertaining to the protection of information assets
* Report actual or suspected security and/or policy violations/breaches to an appropriate authority

**Requirements**

* You have a Bachelor's degree in Computer Science or equivalent
* You have at least 1 year of experience working in web development
* You have experience working with 3rd party APIs and libraries
* You have in\\-depth knowledge of JavaScript, HTML, CSS, and related web technologies
* You have a good grasp of React and Redux (or similar frameworks) and the concepts behind it
* You are capable of creating beautiful web products and have good UX sensibilities
* You are eager to learn new technologies and share your knowledge with your teammates
* You are receptive to feedback and always looking for opportunities to sharpen your skills
* You have excellent communication skills and experience in collaborative environments
* You write understandable, testable code with an eye towards maintainability and scalability

**Who We Are**

We are a group of ambitious individuals who are passionate about creating a revolutionary AI company. At Hive, you will have a steep learning curve and an opportunity to contribute to one of the fastest growing AI start\\-ups in San Francisco. The work you do here will have a noticeable and direct impact on the development of the company.  
Thank you for your interest in Hive and we hope to meet you soon!

Job Type: Full\\-time

Pay: $120,000\\.00 \\- $160,000\\.00 per year

Schedule:

* Monday to Friday

Work Location: In person","","https://www.glassdoor.com/Overview/W-EI_IE1529059.htm","https://media.glassdoor.com/sql/1529059/hive-squarelogo-1516370633937.png","","","","",""
"gd-1009621069203","glassdoor","https://www.glassdoor.com/job-listing/j?jl=1009621069203","","Full-Stack Software Engineer","The Information","San Francisco, CA","2025-02-01","","direct_data","yearly",88910.0,140999.0,"USD",False,"","","organic","","**About The Information**

  

The Information is the go\\-to source of in\\-depth reporting for the most influential leaders in technology and business. Founded in 2013 and headquartered in San Francisco, our original, high\\-quality journalism has the power to inform the most consequential decisions shaping our future, and we’ve built a community of 700,000 active readers who depend on us to do just that. We have a financially healthy business, plenty of capital, and big ambitions to grow our team and business.

 **About the role**


Our engineering team, within our business division, is looking for a driven and collaborative product engineer to help scale, improve, and maintain the technical systems that power our business. In this role, you’ll work on building new features, enhancing existing ones, and ensuring the stability and reliability of our platform. Along the way, you’ll contribute ideas for improving our systems and identifying opportunities for tech\\-driven initiatives that move the needle for the business, while also troubleshooting and resolving issues to support a seamless user experience, for both our internal teams and our end users.

**What you'll do**

* Participate in the development of new features and improvements, adhering to best practices and ensuring code quality.
* Continuously improve technical systems to align with evolving business needs.
* Ensure the reliability and performance of our internal and external facing applications through proactive support and maintenance.
* Propose and implement tech\\-driven ideas to move the needle for the business.
* Diagnose and resolve technical issues to enhance system stability and user experience.
* Engage in code reviews to share feedback and exchange ideas with peers.
* Contribute to a culture of learning and teaching by sharing knowledge and supporting team development.
* Evolve into a Subject Matter Expert (SME), where you’ll be the go\\-to engineer for an area of our business.

**Qualifications**

* 2\\+ years of professional experience as a Full Stack Software Engineer, with exposure to web development.
* Familiarity with cloud infrastructure, such as Heroku and Cloudflare (which we use), AWS, or similar platforms.
* Strong problem\\-solving skills and the ability to debug technical challenges.
* Effective communication and teamwork skills, with a collaborative mindset.
* A willingness to learn, share knowledge, and grow with the team.
* Experience working in a server\\-side language (we primarily use Ruby on Rails, but Python, Node, etc., is also acceptable).
* Experience working in JavaScript and React.
* Experience working in relational databases (e.g., PostgreSQL).
* Understanding of database architecture.

**Bonus Qualifications**

* Experience working with Ruby on Rails, TypeScript preferred.
* Experience with performance optimization or scalability.
* Familiarity working with a CDP platform like Segment, CustomerIO or BlueConic

**Benefits**

* Company\\-paid medical, dental, and vision coverage for employees and their dependents
* Basic life insurance
* Generous paid leave that increases over time
* A parental leave policy for new parents
* 401(k) plan with company match
* Flexible Spending Account
* Additional benefits include commuter benefits, gym and fitness stipend, and phone reimbursement


Salary Range: **$130,000 \\- $150,000** USD Annually \\+ Bonus \\+ Benefits


The salary range posted is based on the company's good faith belief at the time of the posting. Actual compensation may vary above or below this range based on factors such as location, work experience, and skill level.


We are an equal opportunity employer. We do not discriminate on the basis of race, religion, color, national origin, gender, sexual orientation, age, marital status, veteran status, or disability status. We are committed to diversity and to building an inclusive environment for people of all backgrounds and ages.","","https://www.glassdoor.com/Overview/W-EI_IE1522219.htm","https://media.glassdoor.com/sql/1522219/the-information-squarelogo-1486099351590.png","","","","",""
"gd-1009621333899","glassdoor","https://www.glassdoor.com/job-listing/j?jl=1009621333899","","Staff Machine Learning Engineer","Hive","San Francisco, CA","2025-02-01","","direct_data","yearly",200000.0,300000.0,"USD",False,"","","organic","","**About Hive**  
Hive is the leading provider of cloud\\-based AI solutions for content understanding, trusted by the world’s largest, fastest growing, and most innovative organizations. The company empowers developers with a portfolio of best\\-in\\-class, pre\\-trained AI models, serving billions of customer API requests every month. Hive also offers turnkey software applications powered by proprietary AI models and datasets, enabling breakthrough use cases across industries. Together, Hive’s solutions are transforming content moderation, brand protection, sponsorship measurement, context\\-based ad targeting, and more.  
Hive has raised over $120M in capital from leading investors, including General Catalyst, 8VC, Glynn Capital, Bain \\& Company, Visa Ventures, and others. We have over 250 employees globally in our San Francisco, Seattle, and Delhi offices. Please reach out if you are interested in joining the future of AI!  
**Staff Machine Learning Engineer**  
In order to execute our vision, we need to grow our team of best\\-in\\-class machine learning engineers. We are looking for developers who are excited about staying at the forefront of deep learning technology, prototyping state\\-of\\-the\\-art neural net models and launching these models into production. We value hard workers who have no qualms working with terabyte\\-scale datasets, who are interested in learning new technologies at all levels of the machine learning stack, and who move fast and take ownership of their projects. Our ideal candidate has experience creating a working machine learning\\-powered project from the ground up, contributes innovative ideas and ingenious implementations to the team, and is capable of planning out scalable, maintainable data pipelines.  
**Responsibilities**

* Everything involved in applying a ML model to a production use case, including designing and coding up the neural network, gathering and refining data, training and tuning the model, deploying it at scale with high throughput and uptime, and analyzing the results in the wild in order to continuously update and improve accuracy and speed
* Write and maintain scalable, performant code that can be shared across platforms
* Contribute meaningfully to the product and core backend systems by suggesting and executing improvements
* Improve engineering standards, tooling, and processes
* Develop novel, accurate, and performant ML algorithms for use at scale
* Conduct metric\\-driven research experiments to improve model performance
* Provide mentorship to and help onboard ML engineers
* Lead cross\\-functional collaboration with other teams
* Contribute to defining strategic direction, planning the roadmap
* Maintain awareness of industry best practices for data maintenance handling as it relates to your role
* Adhere to policies, guidelines and procedures pertaining to the protection of information assets
* Report actual or suspected security and/or policy violations/breaches to an appropriate authority

**Minimum Requirements**

* You have a Bachelor's Degree in computer science or a related field
* You have 8\\+ years of experience building web applications
* You have successfully implemented highly\\-available distributed systems/microservices
* You have delivered scalable backend APIs
* You have strong interpersonal and communication skills with a bias towards action
* You have experience writing code and training across distributed systems
* You have the ability to understand and make well\\-reasoned tradeoffs in designing features
* You are an expert in machine learning frameworks, such as PyTorch or Tensorflow
* You are an expert in scripting languages such as Python and/or shell scripts, particularly for data analysis
* You are a subject matter expert in at least one focus area of machine learning, such as computer vision or natural language processing
* You can lead end to end development of new products

**Who We Are**  
We are a group of ambitious individuals who are passionate about creating a revolutionary AI company. At Hive, you will have a steep learning curve and an opportunity to contribute to one of the fastest growing AI start\\-ups in San Francisco. The work you do here will have a noticeable and direct impact on the development of the company.  
Thank you for your interest in Hive and we hope to meet you soon!

Job Type: Full\\-time

Pay: $200,000\\.00 \\- $300,000\\.00 per year

Schedule:

* Monday to Friday

Work Location: In person","","https://www.glassdoor.com/Overview/W-EI_IE1529059.htm","https://media.glassdoor.com/sql/1529059/hive-squarelogo-1516370633937.png","","","","",""
"gd-1009621309377","glassdoor","https://www.glassdoor.com/job-listing/j?jl=1009621309377","","Software Engineer - Backend","Hive","San Francisco, CA","2025-02-01","","direct_data","yearly",120000.0,180000.0,"USD",False,"","","organic","","**About Hive**

Hive is the leading provider of cloud\\-based AI solutions for content understanding, trusted by the world’s largest, fastest growing, and most innovative organizations. The company empowers developers with a portfolio of best\\-in\\-class, pre\\-trained AI models, serving billions of customer API requests every month. Hive also offers turnkey software applications powered by proprietary AI models and datasets, enabling breakthrough use cases across industries. Together, Hive’s solutions are transforming content moderation, brand protection, sponsorship measurement, context\\-based ad targeting, and more.  
Hive has raised over $120M in capital from leading investors, including General Catalyst, 8VC, Glynn Capital, Bain \\& Company, Visa Ventures, and others. We have over 250 employees globally in our San Francisco, Seattle, and Delhi offices. Please reach out if you are interested in joining the future of AI!

**Backend Engineer Role**  
In order to execute our vision, we need to grow our team of best\\-in\\-class engineers. We are looking for developers who are excited about launching new products and features into production, who can work autonomously and aren’t afraid to try new technologies, and who don’t back down from the challenges of scale. Our ideal candidate has experience building core services and web\\-based APIs from the ground up, cares just as much about the product itself as the technology that powers it, and is capable of both structuring and writing clean, maintainable code.

**Responsibilities**

* Design, implement or improve features in a variety of backend systems including our REST APIs, microservices, data ingestion and processing systems, and distributed task/job processing systems
* Write and maintain scalable, performant and secure code that can be shared across platforms
* Meaningfully contribute to the product and core backend systems by suggesting and executing improvements
* Improve engineering standards, tooling, processes and security
* Practice test\\-driven development
* Debug production issues across services and multiple levels of the stack
* Participate in on\\-call rotations, as needed, to ensure prompt and effective resolution of critical technical issues
* Utilize OWASP top 10 techniques to secure code from vulnerabilities
* Maintain awareness of industry best practices for data maintenance handling as it relates to your role
* Adhere to policies, guidelines and procedures pertaining to the protection of information assets
* Report actual or suspected security and/or policy violations/breaches to an appropriate authority

**Requirements**

* You have a Bachelor's Degree in computer science or a related field
* You have a few years of experience building web applications
* You have experience or a strong interest in writing applications in Node.js
* You have experience implementing highly\\-available distributed systems/microservices
* You have experience building scalable backend APIs
* You have experience working with relational databases, Postgres preferred
* Understanding monitoring and alerting platforms is a plus
* You strongly believe in high code quality, automated testing, and other engineering best practices
* You have attention to detail and a passion for correctness
* You are comfortable learning new technologies and systems
* You have strong interpersonal and communication skills with a bias towards action

**Who We Are**We are a group of ambitious individuals who are passionate about creating a revolutionary AI company. At Hive, you will have a steep learning curve and an opportunity to contribute to one of the fastest growing AI start\\-ups in San Francisco. The work you do here will have a noticeable and direct impact on the development of the company.Thank you for your interest in Hive and we hope to meet you soon!

Job Type: Full\\-time

Pay: $120,000\\.00 \\- $180,000\\.00 per year

Schedule:

* Monday to Friday

Work Location: In person","","https://www.glassdoor.com/Overview/W-EI_IE1529059.htm","https://media.glassdoor.com/sql/1529059/hive-squarelogo-1516370633937.png","","","","",""
"gd-1009621418121","glassdoor","https://www.glassdoor.com/job-listing/j?jl=1009621418121","","Sr. Software Engineer","DocuSign","San Francisco, CA","2025-02-01","","direct_data","yearly",151800.0,245150.0,"USD",False,"","","organic","accommodations@docusign.com, taops@docusign.com","**Company Overview**
--------------------

  

Docusign brings agreements to life. Over 1\\.5 million customers and more than a billion people in over 180 countries use Docusign solutions to accelerate the process of doing business and simplify people’s lives. With intelligent agreement management, Docusign unleashes business\\-critical data that is trapped inside of documents. Until now, these were disconnected from business systems of record, costing businesses time, money, and opportunity. Using Docusign’s Intelligent Agreement Management platform, companies can create, commit, and manage agreements with solutions created by the \\#1 company in e\\-signature and contract lifecycle management (CLM).  

  

**What You'll Do**
------------------

  

Docusign is seeking a Front End Engineer to enhance the Common User Experiences for Navigator. Our goal is to revolutionize our UX while accommodating our growing user base. You will work on an agile team to create elegant, simple user interactions for complex workflows using modern web frameworks like React and TypeScript, focusing on accessibility, performance, and instrumentation. We seek engineers experienced in building responsive, intuitive UIs for complex systems.

  

Our team values collaboration, growth, innovation, and inclusivity. We aim to quickly ship, validate, and iterate, providing the best possible customer experiences through well\\-crafted software.

  

As a Front End Engineer on the team, you will help shape our company's future. Your contributions will enable us to scale rapidly while maintaining high efficiency and quality standards. You will use your technical expertise to make critical decisions, build robust systems, and deliver products that empower our platform users and internal teams.

  

This is an individual contributor role reporting to a Principal Software Engineer.

 **Responsibility**

* Learn and adopt best practices for responsiveness, performance, and accessibility
* Write and ship modular, secure, and scalable code
* Ensure design and architecture is extensible across multiple projects and conduct technical design reviews
* Contribute to and drive a culture of building scalable and highly available systems
* Test your code at all levels and ensure its quality before shipping
* Raise issues and opportunities for improvement early and often
* Demonstrate a strong focus on instrumenting features being developed
* Partner with product managers, designers, and peer engineers
* Work as part of a passionate, agile development team to deliver engaging web user experiences
* Participate in live site reviews
* Demonstrate a strong focus on instrumenting features being developed to gain insights into usage patterns and feature success
* Focus on code quality by identifying test cases and devising efficient, scalable testing processes
* Identify, propose, and implement process improvements to continuously increase the team's productivity and efficiency
* Stay ahead of the latest development standard methodologies and share your findings with the team

  

  

**Job Designation**
-------------------

 **Hybrid:**


Employee divides their time between in\\-office and remote work. Access to an office location is required. (Frequency: Minimum 2 days per week; may vary by team but will be weekly in\\-office expectation)  

Positions at Docusign are assigned a job designation of either In Office, Hybrid or Remote and are specific to the role/job. Preferred job designations are not guaranteed when changing positions within Docusign. Docusign reserves the right to change a position's job designation depending on business needs and as permitted by local law.

  

  

**What You Bring**
------------------

 **Basic**

  

* 8\\+ years of relevant experience
* BS degree in Computer Science or equivalent experience
* 8\\+ years of industry experience writing client\\-side Javascript TypeScript
* Experience building responsive layouts with modern JavaScript, TypeScript, HTML, CSS, React
* Experience with frontend testing frameworks, Jest and Playwright
* Experience with API design and implementation
* Experience with Git, continuous integration, and deployment tools

 **Preferred**

  

* Self\\-motivated and comfortable operating across the stack in a dynamic environment with a strong sense of ownership
* Takes a user\\-focused approach, shipping incrementally with rapid iterations
* Strong communication and collaboration skills with the ability to work closely with the team and other cross\\-functional teams across the company
* Passion for UI
* Good sense of usability and design
* Experience with consuming and building RESTful web services, React, TypeScript, GraphQL
* Experience working with cross\\-browser behaviors and quirks
* Experience with using telemetry to gain insights into usage patterns and feature success

  

  

**Wage Transparency**
---------------------

  

Pay for this position is based on a number of factors including geographic location and may vary depending on job\\-related knowledge, skills, and experience.  

Based on applicable legislation, the below details pay ranges in the following locations:  

California: $151,800\\.00 \\- $245,150\\.00 base salary  

This role is also eligible for the following:* Bonus: Sales personnel are eligible for variable incentive pay dependent on their achievement of pre\\-established sales goals. Non\\-Sales roles are eligible for a company bonus plan, which is calculated as a percentage of eligible wages and dependent on company performance.
* Stock: This role is eligible to receive Restricted Stock Units (RSUs).

  

Global benefits


provide options for the following:* Paid Time Off: earned time off, as well as paid company holidays based on region
* Paid Parental Leave: take up to six months off with your child after birth, adoption or foster care placement
* Full Health Benefits Plans: options for 100% employer paid and minimum employee contribution health plans from day one of employment
* Retirement Plans: select retirement and pension programs with potential for employer contributions
* Learning and Development: options for coaching, online courses and education reimbursements
* Compassionate Care Leave: paid time off following the loss of a loved one and other life\\-changing events

  

  

**Life At Docusign**
--------------------

 **Working here**


Docusign is committed to building trust and making the world more agreeable for our employees, customers and the communities in which we live and work. You can count on us to listen, be honest, and try our best to do what’s right, every day. At Docusign, everything is equal.  

We each have a responsibility to ensure every team member has an equal opportunity to succeed, to be heard, to exchange ideas openly, to build lasting relationships, and to do the work of their life. Best of all, you will be able to feel deep pride in the work you do, because your contribution helps us make the world better than we found it. And for that, you’ll be loved by us, our customers, and the world in which we live. **Accommodation**


Docusign is committed to providing reasonable accommodations for qualified individuals with disabilities in our job application procedures. If you need such an accommodation, or a religious accommodation, during the application process, please contact us at accommodations@docusign.com.  

If you experience any issues, concerns, or technical difficulties during the application process please get in touch with our Talent organization at taops@docusign.com for assistance.
  
### **Our global benefits**


#### **Paid time off**


Take time to unwind with earned days off, plus paid company holidays based on your region.
#### **Paid parental leave**


Take up to six months off with your child after birth, adoption or foster care placement.
#### **Full health benefits**


Options for 100% employer\\-paid health plans from day one of employment.
#### **Retirement plans**


Select retirement and pension programs with potential for employer contributions.
#### **Learning \\& development**


Grow your career with coaching, online courses and education reimbursements.
#### **Compassionate care leave**


Paid time off following the loss of a loved one and other life\\-changing events.","","https://www.glassdoor.com/Overview/W-EI_IE307604.htm","https://media.glassdoor.com/sql/307604/docusign-squareLogo-1712840936863.png","","","","",""
"gd-1009621327743","glassdoor","https://www.glassdoor.com/job-listing/j?jl=1009621327743","","Senior Software Engineer - Backend","Hive","San Francisco, CA","2025-02-01","","direct_data","yearly",160000.0,250000.0,"USD",False,"","","organic","","**About Hive**

Hive is the leading provider of cloud\\-based AI solutions for content understanding, trusted by the world’s largest, fastest growing, and most innovative organizations. The company empowers developers with a portfolio of best\\-in\\-class, pre\\-trained AI models, serving billions of customer API requests every month. Hive also offers turnkey software applications powered by proprietary AI models and datasets, enabling breakthrough use cases across industries. Together, Hive’s solutions are transforming content moderation, brand protection, sponsorship measurement, context\\-based ad targeting, and more.  
Hive has raised over $120M in capital from leading investors, including General Catalyst, 8VC, Glynn Capital, Bain \\& Company, Visa Ventures, and others. We have over 250 employees globally in our San Francisco, Seattle, and Delhi offices. Please reach out if you are interested in joining the future of AI!  
**Senior Software Engineer \\- Backend**  
In order to execute our vision, we need to grow our team of best\\-in\\-class engineers. We are looking for developers who are excited about launching new products and features into production, who can work autonomously and aren’t afraid to try new technologies, and who don’t back down from the challenges of scale. Our ideal candidate has experience building core services and web\\-based APIs from the ground up, cares just as much about the product itself as the technology that powers it, and is capable of both structuring and writing clean, maintainable code.  
**Responsibilities**

* Design, implement or improve features in a variety of backend systems including our REST APIs, microservices, data ingestion and processing systems, and distributed task/job processing systems
* Write and maintain scalable, performant and secure code that can be shared across platforms
* Meaningfully contribute to the product and core backend systems by suggesting and executing improvements
* Improve engineering standards, tooling, processes and security
* Practice test\\-driven development
* Debug production issues across services and multiple levels of the stack
* Participate in on\\-call rotations, as needed, to ensure prompt and effective resolution of critical technical issues
* Utilize OWASP top 10 techniques to secure code from vulnerabilities
* Maintain awareness of industry best practices for data maintenance handling as it relates to your role
* Adhere to policies, guidelines and procedures pertaining to the protection of information assets
* Report actual or suspected security and/or policy violations/breaches to an appropriate authority

**Requirements**

* You have a Bachelor's Degree in computer science or a related field
* A minimum of 5 years of experience with building scalable web applications
* You have experience or a strong interest in writing applications in Node.js
* You have designed and implemented highly\\-available distributed systems/microservices
* You have experience building platforms that expose scalable backend APIs
* You have deep experience working with relational databases, Postgres preferred
* Understanding monitoring and alerting platforms is a plus
* You strongly believe in high code quality, automated testing, and other engineering best practices
* You have attention to detail and a passion for correctness
* You are comfortable with ambiguity and scoping solutions with your teammates
* You have strong interpersonal and communication skills with a bias towards action

**Who We Are**We are a group of ambitious individuals who are passionate about creating a revolutionary AI company. At Hive, you will have a steep learning curve and an opportunity to contribute to one of the fastest growing AI start\\-ups in San Francisco. The work you do here will have a noticeable and direct impact on the development of the company.Thank you for your interest in Hive and we hope to meet you soon!

Job Type: Full\\-time

Pay: $160,000\\.00 \\- $250,000\\.00 per year

Schedule:

* Monday to Friday

Work Location: In person","","https://www.glassdoor.com/Overview/W-EI_IE1529059.htm","https://media.glassdoor.com/sql/1529059/hive-squarelogo-1516370633937.png","","","","",""
"gd-1009619171949","glassdoor","https://www.glassdoor.com/job-listing/j?jl=1009619171949","","Software Engineering SMTS","Salesforce","San Francisco, CA","2025-01-31","","direct_data","yearly",137100.0,236500.0,"USD",False,"","","organic","","*To get the best candidate experience, please consider applying for a maximum of 3 roles within 12 months to ensure you are not duplicating efforts.*

Job Category


Software Engineering
Job Details


**About Salesforce**

We’re Salesforce, the Customer Company, inspiring the future of business with AI\\+ Data \\+CRM. Leading with our core values, we help companies across every industry blaze new trails and connect with customers in a whole new way. And, we empower you to be a Trailblazer, too — driving your performance and career growth, charting new paths, and improving the state of the world. If you believe in business as the greatest platform for change and in companies doing well and doing good – you’ve come to the right place.


We are a cutting\\-edge technology organization dedicated to improving developer productivity in cloud development environments. Our team is building tools and extensions that enable seamless development experiences for both UI and Java developers on VSCode and JetBrains products. Join us as we push the boundaries of innovation and redefine productivity in remote workspaces.


Role Overview:
  

We are seeking a highly skilled Software Engineer to enhance the development experience using IDEs for UI and Java developers. In this role, you will design, develop, and maintain plugins and extensions that optimize workflows in remote development environments. You will collaborate closely with cross\\-functional teams to deliver tools that empower developers to be their best, regardless of location.


Key Responsibilities:


* Design and develop IDE extensions and plugins tailored for UI and Java development.
* Enhance the integration of remote workspaces with VSCode, ensuring seamless performance and usability.
* Optimize development workflows by creating features that improve debugging, testing, and build processes for remote developers.
* Collaborate with stakeholders to gather requirements and translate them into innovative, scalable solutions.
* Troubleshoot and resolve issues in existing extensions, ensuring high\\-quality, reliable tools for developers.
* Keep up\\-to\\-date with the latest advancements in IDE and remote development technologies, identifying opportunities to improve developer productivity.

Requirements:


* Experience: 3\\+ years of software development experience, with at least 1 year focused on developing IDE plugins/extensions or similar tools.
* Languages: Proficiency in TypeScript, JavaScript, and Java; familiarity with Kotlin is a plus.
* Frameworks and Tools: Experience with Github Codespaces, VSCode API, and modern development frameworks.
* Remote Development: Knowledge of remote development setups, including containers (Docker), remote Tunnels, and cloud workspaces.
* UI Development: Strong understanding of front\\-end technologies like HTML, CSS, and frameworks such as React or Angular.
* Problem Solving: Proven ability to identify developer pain points and build solutions that enhance productivity.
* Collaboration: Excellent communication and teamwork skills, with experience working in agile development environments.

Accommodations


If you require assistance due to a disability applying for open positions please submit a request via this Accommodations Request Form .


Posting Statement


At Salesforce we believe that the business of business is to improve the state of our world. Each of us has a responsibility to drive Equality in our communities and workplaces. We are committed to creating a workforce that reflects society through inclusive programs and initiatives such as equal pay, employee resource groups, inclusive benefits, and more. Learn more about Equality at www.equality.com and explore our company benefits at www.salesforcebenefits.com .


Salesforce is an Equal Employment Opportunity and Affirmative Action Employer. Qualified applicants will receive consideration for employment without regard to race, color, religion, sex, sexual orientation, gender perception or identity, national origin, age, marital status, protected veteran status, or disability status. Salesforce does not accept unsolicited headhunter and agency resumes. Salesforce will not pay any third\\-party agency or company that does not have a signed agreement with Salesforce .
﻿

Salesforce welcomes all.


Pursuant to the San Francisco Fair Chance Ordinance and the Los Angeles Fair Chance Initiative for Hiring, Salesforce will consider for employment qualified applicants with arrest and conviction records.
### **For California\\-based roles, the base salary hiring range for this position is $137,100 to $236,500\\.**

### **Compensation offered will be determined by factors such as location, level, job\\-related knowledge, skills, and experience. Certain roles may be eligible for incentive compensation, equity, benefits. More details about our company benefits can be found at the following link: https://www.salesforcebenefits.com.**","","https://www.glassdoor.com/Overview/W-EI_IE11159.htm","https://media.glassdoor.com/sql/11159/salesforce-com-squarelogo-1413910133565.png","","","","",""
"gd-1009616933458","glassdoor","https://www.glassdoor.com/job-listing/j?jl=1009616933458","","Software Engineer, Performance Platform","DoorDash USA","San Francisco, CA","2025-01-30","","direct_data","yearly",130600.0,192000.0,"USD",False,"","","organic","","**About the Team**
==================



Our mission is to make performance an integral part of DoorDash's software development lifecycle and empower developers to push the limits of the systems they design and develop.



We are responsible for providing tools and capabilities to preemptively identify and address performance, scalability and efficiency limitations, starting at the granular level and bubbling to the E2E ecosystem, leading to smooth/performant experience for all audiences of DoorDash.


**About the Role**
==================



As a Software Engineer on the Performance Platform team, you will help build foundational pieces that will impact the performance characteristics of systems across DoorDash. These include developer tools, frameworks and libraries. You will work closely with engineers, technical product managers, and engineering managers across all parts of the engineering organization to deliver large and impactful initiatives. Additionally, you will be a culture carrier for the Performance Platform team through mentorship, education, and engagement of your peers.



You will report into the Engineering Manager on our Performance Platform team in our Developer Platform organization.


**You're excited about this opportunity because you will…**
===========================================================


* Develop and maintain foundational components to enable DoorDash Engineers to confidently measure and tune performance of their services/components.
* Take on significant technical challenges and have a large impact.
* Collaborate with stakeholders, external partners and peer engineering leaders.
* Join a growing company and grow right along with us.

**We're excited about you because…**
====================================


* 2\\+ years of experience as a Software Engineer working on backend platform/infrastructure teams
* Proficiency in at least one OOP language (eg. Java, Kotlin, Go, C\\+\\+/C\\# etc)
* Experience building and maintaining platform components at scale
* You apply a product mindset to platform problems and feel accomplished enabling others
* You strive for design simplicity and consistency above all else
* You solve problems using software to automate or prevent toil

  



Notice to Applicants for Jobs Located in NYC or Remote Jobs Associated With Office in NYC Only



We use Covey as part of our hiring and/or promotional process for jobs in NYC and certain features may qualify it as an AEDT in NYC. As part of the hiring and/or promotion process, we provide Covey with job requirements and candidate submitted applications. We began using Covey Scout for Inbound from August 21, 2023, through December 21, 2023, and resumed using Covey Scout for Inbound again on June 29, 2024\\.



The Covey tool has been reviewed by an independent auditor. Results of the audit may be viewed here: Covey

**About DoorDash**
==================



At DoorDash, our mission to empower local economies shapes how our team members move quickly, learn, and reiterate in order to make impactful decisions that display empathy for our range of users—from Dashers to merchant partners to consumers. We are a technology and logistics company that started with door\\-to\\-door delivery, and we are looking for team members who can help us go from a company that is known for delivering food to a company that people turn to for any and all goods.
  

  

DoorDash is growing rapidly and changing constantly, which gives our team members the opportunity to share their unique perspectives, solve new challenges, and own their careers. We're committed to supporting employees' happiness, healthiness, and overall well\\-being by providing comprehensive benefits and perks including premium healthcare, wellness expense reimbursement, paid parental leave and more.


**Our Commitment to Diversity and Inclusion**
=============================================



We're committed to growing and empowering a more inclusive community within our company, industry, and cities. That's why we hire and cultivate diverse teams of people from all backgrounds, experiences, and perspectives. We believe that true innovation happens when everyone has room at the table and the tools, resources, and opportunity to excel.



Statement of Non\\-Discrimination: In keeping with our beliefs and goals, no employee or applicant will face discrimination or harassment based on: race, color, ancestry, national origin, religion, age, gender, marital/domestic partner status, sexual orientation, gender identity or expression, disability status, or veteran status. Above and beyond discrimination and harassment based on ""protected categories,"" we also strive to prevent other subtler forms of inappropriate behavior (i.e., stereotyping) from ever gaining a foothold in our office. Whether blatant or hidden, barriers to success have no place at DoorDash. We value a diverse workforce – people who identify as women, non\\-binary or gender non\\-conforming, LGBTQIA\\+, American Indian or Native Alaskan, Black or African American, Hispanic or Latinx, Native Hawaiian or Other Pacific Islander, differently\\-abled, caretakers and parents, and veterans are strongly encouraged to apply. Thank you to the Level Playing Field Institute for this statement of non\\-discrimination.



Pursuant to the San Francisco Fair Chance Ordinance, Los Angeles Fair Chance Initiative for Hiring Ordinance, and any other state or local hiring regulations, we will consider for employment any qualified applicant, including those with arrest and conviction records, in a manner consistent with the applicable regulation.



If you need any accommodations, please inform your recruiting contact upon initial connection.","","https://www.glassdoor.com/Overview/W-EI_IE813073.htm","https://media.glassdoor.com/sql/813073/doordash-squarelogo-1516170457276.png","","","","",""
"gd-1009618671456","glassdoor","https://www.glassdoor.com/job-listing/j?jl=1009618671456","","Software Engineering MTS","Salesforce","San Francisco, CA","2025-01-30","","direct_data","yearly",180960.0,188600.0,"USD",False,"","","organic","onlinejobpostings@salesforce.com","*To get the best candidate experience, please consider applying for a maximum of 3 roles within 12 months to ensure you are not duplicating efforts.*

Job Category


Software Engineering
Job Details


**About Salesforce**

We’re Salesforce, the Customer Company, inspiring the future of business with AI\\+ Data \\+CRM. Leading with our core values, we help companies across every industry blaze new trails and connect with customers in a whole new way. And, we empower you to be a Trailblazer, too — driving your performance and career growth, charting new paths, and improving the state of the world. If you believe in business as the greatest platform for change and in companies doing well and doing good – you’ve come to the right place.


Salesforce Inc. seeks Software Engineering MTS in San Francisco, CA:


Job Duties : Deliver infrastructure that drives Salesforce from high durable data storage using Oracle and Postgres to networking and load balancing using Java, jetty and Python. Design and develop schema management framework in the public cloud environment that meets the scalability, availability, performance and security requirements of Salesforce’s core service offering. Code in React\\-Javascript for front\\-end and Spring\\-Hibernate\\-Postgres for back\\-end development. Provide operational support for schema changes deployed during releases. Coordinate with release management, release engineering teams to create, validate and promote artifacts for production releases. Work with multiple scrum teams to triage changes to the schema, troubleshoot issues in schema change rollout to internal and production environments and provide short\\- and long\\-term solutions using both pragmatic and innovative approaches as needed. Work closely with Quality Engineering, Product Management, and Technical Operations to develop, test, and deploy highly useful, high\\-quality software. Analyze, design, and develop test cases and implement automated test suites. Resolve complex technical issues and drive innovation that improves Salesforce.com. *HQ address additionally encompasses the following Salesforce locations in San Francisco: 350 Mission Street, 415 Mission Street, and 50 Fremont Street. The permanent position may be offered at any of these locations in San Francisco. Telecommuting is an option. Some travel to Salesforce offices may be required.*

Minimum Requirements : Master’s degree (or its foreign degree equivalent) in Computer Science, Engineering (any field), or a related quantitative discipline, and one (1\\) year of experience in the job offered or in any occupation in related field.


A related technical degree required (Computer Science, Engineering (any field)).


Special Skill Requirements : (1\\) Java; (2\\) Spring\\-boot; (3\\) Python; (4\\) Mockito; (5\\) Cloud Computing; (6\\) React; (7\\) PL/SQL and SQL; (8\\) Oracle 11g and 19c; (9\\) CI/CD; (10\\) JUnit; (11\\) Perforce; (12\\) Postgres; and (13\\) JavaScript. Any suitable combination of education, training and/or experience is acceptable. *Telecommuting is an option. Some travel to Salesforce offices may be required.*

Salary : $180,960\\.00 \\- $188,600\\.00 per annum.


Submit a resume using the apply button on this posting or by email at: onlinejobpostings@salesforce.com at Job\\# 22\\-15890\\. Salesforce is an Equal Opportunity \\& Affirmative Action Employer.


\\#LI\\-DNI


Accommodations


If you require assistance due to a disability applying for open positions please submit a request via this Accommodations Request Form .


Posting Statement


At Salesforce we believe that the business of business is to improve the state of our world. Each of us has a responsibility to drive Equality in our communities and workplaces. We are committed to creating a workforce that reflects society through inclusive programs and initiatives such as equal pay, employee resource groups, inclusive benefits, and more. Learn more about Equality at www.equality.com and explore our company benefits at www.salesforcebenefits.com .


Salesforce is an Equal Employment Opportunity and Affirmative Action Employer. Qualified applicants will receive consideration for employment without regard to race, color, religion, sex, sexual orientation, gender perception or identity, national origin, age, marital status, protected veteran status, or disability status. Salesforce does not accept unsolicited headhunter and agency resumes. Salesforce will not pay any third\\-party agency or company that does not have a signed agreement with Salesforce .
﻿

Salesforce welcomes all.


Pursuant to the San Francisco Fair Chance Ordinance and the Los Angeles Fair Chance Initiative for Hiring, Salesforce will consider for employment qualified applicants with arrest and conviction records.
### **For California\\-based roles, the base salary hiring range for this position is $180,960 to $188,600\\.**

### **Compensation offered will be determined by factors such as location, level, job\\-related knowledge, skills, and experience. Certain roles may be eligible for incentive compensation, equity, benefits. More details about our company benefits can be found at the following link: https://www.salesforcebenefits.com.**","","https://www.glassdoor.com/Overview/W-EI_IE11159.htm","https://media.glassdoor.com/sql/11159/salesforce-com-squarelogo-1413910133565.png","","","","",""
"gd-1009616930485","glassdoor","https://www.glassdoor.com/job-listing/j?jl=1009616930485","","Software Engineer III, Front End, Google Cloud Business Platforms","Google","San Francisco, CA","2025-01-30","","","","","","",False,"","","organic","","**Note:** By applying to this position you will have an opportunity to share your preferred working location from the following: San Francisco, CA, USA; Sunnyvale, CA, USA.
  
  

**Minimum qualifications:**  

* Bachelor’s degree or equivalent practical experience.
* 2 years of experience with software development in one or more programming languages, or 1 year of experience with an advanced degree in an industry setting.
* 2 years of experience with data structures or algorithms in either an academic or industry setting.
* 2 years of experience with front\\-end frameworks, full\\-stack development, or API development.


**Preferred qualifications:**  

* Master's degree or PhD in Computer Science or related technical field.
* Experience developing accessible technologies.
* Proficiency in code and system health, diagnosis and resolution, and software test engineering.
* 2 years of experience with performance, large scale systems data analysis, visualization tools, or debugging


About the job
  
  

Google's software engineers develop the next\\-generation technologies that change how billions of users connect, explore, and interact with information and one another. Our products need to handle information at massive scale, and extend well beyond web search. We're looking for engineers who bring fresh ideas from all areas, including information retrieval, distributed computing, large\\-scale system design, networking and data storage, security, artificial intelligence, natural language processing, UI design and mobile; the list goes on and is growing every day. As a software engineer, you will work on a specific project critical to Google’s needs with opportunities to switch teams and projects as you and our fast\\-paced business grow and evolve. We need our engineers to be versatile, display leadership qualities and be enthusiastic to take on new problems across the full\\-stack as we continue to push technology forward.
  
With your technical expertise you will manage project priorities, deadlines, and deliverables. You will design, develop, test, deploy, maintain, and enhance software solutions.
  
Google Cloud accelerates every organization’s ability to digitally transform its business and industry. We deliver enterprise\\-grade solutions that leverage Google’s cutting\\-edge technology, and tools that help developers build more sustainably. Customers in more than 200 countries and territories turn to Google Cloud as their trusted partner to enable growth and solve their most critical business problems.
  
The US base salary range for this full\\-time position is $136,000\\-$200,000 \\+ bonus \\+ equity \\+ benefits. Our salary ranges are determined by role, level, and location. The range displayed on each job posting reflects the minimum and maximum target salaries for the position across all US locations. Within the range, individual pay is determined by work location and additional factors, including job\\-related skills, experience, and relevant education or training. Your recruiter can share more about the specific salary range for your preferred location during the hiring process.
  
Please note that the compensation details listed in US role postings reflect the base salary only, and do not include bonus, equity, or benefits. Learn more aboutbenefits at Google.
  
  

Responsibilities
  
  

* Write product or system development code.
* Participate in, or lead design reviews with peers and stakeholders to decide amongst available technologies.
* Review code developed by other developers and provide feedback to ensure best practices (e.g., style guidelines, checking code in, accuracy, testability, and efficiency).
* Contribute to existing documentation or educational content and adapt content based on product/program updates and user feedback.
* Triage product or system issues and debug/track/resolve by analyzing the sources of issues and the impact on hardware, network, or service operations and quality.


Google is proud to be an equal opportunity workplace and is an affirmative action employer. We are committed to equal employment opportunity regardless of race, color, ancestry, religion, sex, national origin, sexual orientation, age, citizenship, marital status, disability, gender identity or Veteran status. We also consider qualified applicants regardless of criminal histories, consistent with legal requirements. See alsoGoogle's EEO Policy andEEO is the Law. If you have a disability or special need that requires accommodation, please let us know by completing ourAccommodations for Applicants form.","","https://www.glassdoor.com/Overview/W-EI_IE9079.htm","https://media.glassdoor.com/sql/9079/google-squarelogo-1441130773284.png","","","","",""
"gd-1009616933413","glassdoor","https://www.glassdoor.com/job-listing/j?jl=1009616933413","","Software Engineer, Build Platform","DoorDash USA","San Francisco, CA","2025-01-30","","direct_data","yearly",159800.0,235000.0,"USD",False,"","","organic","","**About the Team**
==================



The Build Platform team ensures that our Bazel\\-based build system can handle the scale and complexity of DoorDash's diverse codebases, architectures, and programming languages. The team is dedicated to providing reliable, scalable, and repeatable cloud infrastructure that empowers DoorDash developers to build and deploy great products quickly and safely. Our ""customers"" are the thousands of software engineers working across the globe at DoorDash.


**About the Role**
==================



As a senior member of the Build Platform team, you will:


* Develop Bazel rules, scripts, and utilities to make common operations more accessible for developers.
* Manage and maintain remote execution environments for Bazel builds.
* Optimize build performance to minimize build times and resource consumption.
* Automate routine tasks, such as dependency updates or rule version upgrades.
* Create detailed documentation, tutorials, and onboarding guides for using Bazel effectively.
* Provide support and troubleshooting for Bazel\\-related issues encountered by developers.
* Design clear and actionable error messages or suggestions for common Bazel challenges.
* Lead initiatives that streamline the process of shipping code to production, making it faster and more enjoyable.


This role reports to the Engineering Manager of the Build \\& Deploy Platform team within our Infrastructure organization.


**Why You'll Love This Opportunity**
====================================



You will:


* Leverage your expertise with Bazel to shape and refine our monorepo strategy.
* Help make DoorDash one of the best places in the world to develop services and applications.
* Transform the daily work of thousands of software developers by unlocking the full potential of Bazel.
* Collaborate with stakeholders and infrastructure teams to stay at the forefront of technology.
* Join a rapidly growing company and advance your career alongside our growth.

**We're excited about you because…**
====================================


* You bring extensive domain expertise in Bazel.
* You are already comfortable with remote build \\& execution, have an opinion on whether BuildFarm or BuildBarn is better, and are comfortable setting up and running remote Bazel infra.
* You are comfortable configuring Bazel toolchains for both local and remote.
* You have **6\\+ years of experience** in a software engineering role (excluding internships) and possess strong coding skills, with demonstrated proficiency in **Go**. Additionally, experience in Kotlin, Python, and similar languages is beneficial.
* You have a proven ability to design, build, and maintain modern developer tools, including scalable build systems and CI platforms.
* You have experience with most of the following: AWS, Artifactory, Kubernetes, BuildKite and Protobufs.

  



Notice to Applicants for Jobs Located in NYC or Remote Jobs Associated With Office in NYC Only



We use Covey as part of our hiring and/or promotional process for jobs in NYC and certain features may qualify it as an AEDT in NYC. As part of the hiring and/or promotion process, we provide Covey with job requirements and candidate submitted applications. We began using Covey Scout for Inbound from August 21, 2023, through December 21, 2023, and resumed using Covey Scout for Inbound again on June 29, 2024\\.



The Covey tool has been reviewed by an independent auditor. Results of the audit may be viewed here: Covey

**About DoorDash**
==================



At DoorDash, our mission to empower local economies shapes how our team members move quickly, learn, and reiterate in order to make impactful decisions that display empathy for our range of users—from Dashers to merchant partners to consumers. We are a technology and logistics company that started with door\\-to\\-door delivery, and we are looking for team members who can help us go from a company that is known for delivering food to a company that people turn to for any and all goods.
  

  

DoorDash is growing rapidly and changing constantly, which gives our team members the opportunity to share their unique perspectives, solve new challenges, and own their careers. We're committed to supporting employees' happiness, healthiness, and overall well\\-being by providing comprehensive benefits and perks including premium healthcare, wellness expense reimbursement, paid parental leave and more.


**Our Commitment to Diversity and Inclusion**
=============================================



We're committed to growing and empowering a more inclusive community within our company, industry, and cities. That's why we hire and cultivate diverse teams of people from all backgrounds, experiences, and perspectives. We believe that true innovation happens when everyone has room at the table and the tools, resources, and opportunity to excel.



Statement of Non\\-Discrimination: In keeping with our beliefs and goals, no employee or applicant will face discrimination or harassment based on: race, color, ancestry, national origin, religion, age, gender, marital/domestic partner status, sexual orientation, gender identity or expression, disability status, or veteran status. Above and beyond discrimination and harassment based on ""protected categories,"" we also strive to prevent other subtler forms of inappropriate behavior (i.e., stereotyping) from ever gaining a foothold in our office. Whether blatant or hidden, barriers to success have no place at DoorDash. We value a diverse workforce – people who identify as women, non\\-binary or gender non\\-conforming, LGBTQIA\\+, American Indian or Native Alaskan, Black or African American, Hispanic or Latinx, Native Hawaiian or Other Pacific Islander, differently\\-abled, caretakers and parents, and veterans are strongly encouraged to apply. Thank you to the Level Playing Field Institute for this statement of non\\-discrimination.



Pursuant to the San Francisco Fair Chance Ordinance, Los Angeles Fair Chance Initiative for Hiring Ordinance, and any other state or local hiring regulations, we will consider for employment any qualified applicant, including those with arrest and conviction records, in a manner consistent with the applicable regulation.



If you need any accommodations, please inform your recruiting contact upon initial connection.","","https://www.glassdoor.com/Overview/W-EI_IE813073.htm","https://media.glassdoor.com/sql/813073/doordash-squarelogo-1516170457276.png","","","","",""
"gd-1009617634322","glassdoor","https://www.glassdoor.com/job-listing/j?jl=1009617634322","","Senior Software Engineer - Embedded Linux","Pano AI","San Francisco, CA","2025-01-30","","direct_data","yearly",166000.0,207000.0,"USD",False,"","","organic","","Who we are **The problem:** Every minute matters in fire response. As climate change amplifies the intensity of wildfires—with longer fire seasons, dryer fuels, and faster winds—new ignitions spread faster and put more communities at risk. Today, most wildfires are detected by bystanders and reported via 911, meaning it can take hours to detect a fire, verify its exact location and size, and dispatch first responders. Fire authorities need a faster way to detect, confirm, and pinpoint fires so that they can quickly respond—preventing small flare\\-ups from becoming devastating infernos. **About Pano:** Pano is a venture\\-backed early\\-stage climate tech startup that is the leader in wildfire early detection, leveraging the latest advancements in IoT, AI, satellites, and SaaS software to deliver actionable intelligence to customers. Pano leverages mountaintop cameras and satellites to detect the first traces of smoke and put real\\-time fire images in the hands of asset owners and first responders to speed up containment. Pano is already partnering with major utilities, fire authorities, and government agencies in the USA and Australia. Recent media coverage includes being named one of the Top 10 most innovative companies in AI of 2023 by FastCompany and recipient of the Innovative Mobile Service and Application Award at Mobile World Congress through our partnership with T\\-Mobile.  

Pano brings together a diverse team bridging frontline, wildland firefighting experience with best\\-in\\-class know\\-how in operations, logistics, artificial intelligence, and software. Our team is composed of experienced technology professionals from companies such as Apple, Cisco, Nest, DoorDash and Meta. Headquartered in San Francisco with an office and factory in the Mission District, our hybrid team works from locations around the world. Founded in mid\\-2020, we’ve raised over $40M from leading VC funds. **The Role**  

Want to build technology that helps stop wildfires? As a Senior Software Engineer \\- Embedded Linux at Pano, you'll develop critical systems that give first responders precious minutes when they matter most. You'll enhance our network of cloud\\-connected edge computers that serve as digital watchtowers across wilderness areas, working with our custom Linux OS to enable faster fire detection and response.  

  

This isn't just another software engineering role – you'll solve complex technical challenges while knowing that every improvement you make could mean the difference between a small containable fire and a major disaster. Working at the intersection of embedded Linux, IoT, and AI, you'll be part of a mission that's becoming increasingly critical in our changing climate.
### **What you’ll do**

* Continually improve on the existing custom Linux OS that runs Pano’s edge computers
* Develop new features to enable faster and more accurate wildfire detections
* Participate and drive critical decisions on adopting new tools and patterns to improve uptime and reliability
* Ongoing debug and resolution of field issues

### **What you’ll bring**

* 7\\+ years of software engineering experience plus a BS in Computer Science or equivalent
* 2\\+ years of experience programming in Python
* Proficient in scripting with Bash
* Experience with building, maintaining and deploying embedded Linux operating systems
* Strong Linux fundamentals
* Experience with an embedded system toolchain, like Yocto or Buildroot
* Proven ability to troubleshoot and resolve technical issues in complex systems
* Ability to communicate effectively within the team and across the organization while sharing insights and updates and collaborating to achieve project goals

### **Preferred skills**

* Experience with Google Cloud
* Experience working with cellular communications
* Experience working with sensors like cameras
* Excellent communication skills


Final salary offered is based upon multiple factors, including individual job\\-related qualifications, education, experience, knowledge, skills and location. In addition to salary, this position is also eligible for stock options. We offer comprehensive health insurance, paid time off, and 401k.
Pano is an equal opportunity employer committed to recruiting and supporting our team\\-members regardless of where they come from. We do not discriminate on the basis of race, color, religion, gender, gender identity or expression, sexual orientation, national origin, genetics, disability, age, or veteran status.","","https://www.glassdoor.com/Overview/W-EI_IE8408464.htm","https://media.glassdoor.com/sql/8408464/pano-squareLogo-1706580819242.png","","","","",""
"gd-1009616933383","glassdoor","https://www.glassdoor.com/job-listing/j?jl=1009616933383","","Staff Software Engineer, Machine Learning - Fraud","DoorDash USA","San Francisco, CA","2025-01-30","","direct_data","yearly",137100.0,201600.0,"USD",False,"","","organic","","**About the Team**
==================



The Risk Machine Learning team builds cutting edge models that play central roles in our important anti\\-fraud systems. We operate at a massive scale, risking billions of events across 20\\+ countries. We are looking for ML experts who can help us push the technology boundaries and make DoorDash the world's most safe logistics engine!


**About the Role**
==================



We're looking for a passionate Technical Leader in Machine Learning Engineering to join our team. As a Staff Machine Learning Engineer, you will be a trusted advisor to both your manager and peers, extending your influence across teams within and beyond your area of expertise. You will play a pivotal role in shaping the team's roadmaps, adeptly managing ambiguity, identifying opportunities, and translating them into clear objectives. You will be accountable for the formation and delivery of the team's OKRs.



You will drive significant impact through a combination of direct contributions and by amplifying the capabilities of your team. You'll be conceptualizing, designing, implementing, and validating algorithmic solutions to prevent, detect and mitigate risks in Fraud as well as Trust and Safety. You are excited about opportunities to introduce step function changes to our risking system. You will demonstrate a command of production level machine learning, experience solving end\\-user problems, and collaborate well with multi\\-disciplinary teams.



You will focus on eliminating single points of failure, including yourself, and work to uplift the skills and effectiveness of your team members. You will set and uphold the highest standards of engineering excellence, consistently identifying areas for improvement and fostering a culture of continuous growth.



You will report to the engineering manager on our Risk Machine Learning team in our Operation Excellence organization.


**You're excited about this opportunity because you will…**
===========================================================


* Drive the long\\-term technical ML/AI vision in Fraud, an area that serves as one of the most critical components of the overall DoorDash business
* Develop State of the Art Machine Learning solutions
* Partner with engineering and product leaders to shape the product roadmap
* Mentor team members, and lead cross functional pods to create collective impact


You can find out more on our ML blog here


**We're excited about you because you have…**
=============================================


* Experience leading a team of MLEs in solving hard problems
* 7\\+ years of industry experience developing machine learning models and shipping ML solutions to production.
* Domain expertise in training deep neural nets, such as transformers and multi\\-task learning models. Proficiency in least one deep learning framework, for example PyTorch, TensorFlow
* M.S., or PhD. in Statistics, Computer Science, Math, Operations Research, Physics, Bioinformatics, Economics, or other quantitative fields
* Familiarity with a JVM language (Kotlin/Scala)
* Familiarity with LLMs and anomaly detection
* (Nice to have) Fraud domain knowledge

  


Notice to Applicants for Jobs Located in NYC or Remote Jobs Associated With Office in NYC Only


We use Covey as part of our hiring and/or promotional process for jobs in NYC and certain features may qualify it as an AEDT in NYC. As part of the hiring and/or promotion process, we provide Covey with job requirements and candidate submitted applications. We began using Covey Scout for Inbound from August 21, 2023, through December 21, 2023, and resumed using Covey Scout for Inbound again on June 29, 2024\\.


The Covey tool has been reviewed by an independent auditor. Results of the audit may be viewed here: Covey

**About DoorDash**
==================



At DoorDash, our mission to empower local economies shapes how our team members move quickly, learn, and reiterate in order to make impactful decisions that display empathy for our range of users—from Dashers to merchant partners to consumers. We are a technology and logistics company that started with door\\-to\\-door delivery, and we are looking for team members who can help us go from a company that is known for delivering food to a company that people turn to for any and all goods.
  

  

DoorDash is growing rapidly and changing constantly, which gives our team members the opportunity to share their unique perspectives, solve new challenges, and own their careers. We're committed to supporting employees' happiness, healthiness, and overall well\\-being by providing comprehensive benefits and perks including premium healthcare, wellness expense reimbursement, paid parental leave and more.


**Our Commitment to Diversity and Inclusion**
=============================================



We're committed to growing and empowering a more inclusive community within our company, industry, and cities. That's why we hire and cultivate diverse teams of people from all backgrounds, experiences, and perspectives. We believe that true innovation happens when everyone has room at the table and the tools, resources, and opportunity to excel.



Statement of Non\\-Discrimination: In keeping with our beliefs and goals, no employee or applicant will face discrimination or harassment based on: race, color, ancestry, national origin, religion, age, gender, marital/domestic partner status, sexual orientation, gender identity or expression, disability status, or veteran status. Above and beyond discrimination and harassment based on ""protected categories,"" we also strive to prevent other subtler forms of inappropriate behavior (i.e., stereotyping) from ever gaining a foothold in our office. Whether blatant or hidden, barriers to success have no place at DoorDash. We value a diverse workforce – people who identify as women, non\\-binary or gender non\\-conforming, LGBTQIA\\+, American Indian or Native Alaskan, Black or African American, Hispanic or Latinx, Native Hawaiian or Other Pacific Islander, differently\\-abled, caretakers and parents, and veterans are strongly encouraged to apply. Thank you to the Level Playing Field Institute for this statement of non\\-discrimination.



Pursuant to the San Francisco Fair Chance Ordinance, Los Angeles Fair Chance Initiative for Hiring Ordinance, and any other state or local hiring regulations, we will consider for employment any qualified applicant, including those with arrest and conviction records, in a manner consistent with the applicable regulation.



If you need any accommodations, please inform your recruiting contact upon initial connection.","","https://www.glassdoor.com/Overview/W-EI_IE813073.htm","https://media.glassdoor.com/sql/813073/doordash-squarelogo-1516170457276.png","","","","",""
"gd-1009616933395","glassdoor","https://www.glassdoor.com/job-listing/j?jl=1009616933395","","Machine Learning Engineer, Computer Vision","DoorDash USA","San Francisco, CA","2025-01-30","","direct_data","yearly",137100.0,201600.0,"USD",False,"","","organic","","**About the Team**
==================



Come help us build the world's most reliable on\\-demand, logistics engine for last\\-mile grocery and retail delivery! We're looking for an experienced senior machine learning engineer to help us develop the cutting\\-edge Computer Vision models that power DoorDash's growing grocery and retail business.


**About the Role**
==================



We're looking for a passionate Applied Machine Learning expert to join our team. As a Computer Vision expert, you'll be conceptualizing, designing, implementing, and validating algorithmic improvements to the computer vision system at the heart of our fast\\-growing grocery and retail delivery business. You will use our robust data and machine learning infrastructure to implement new ML solutions to make our product knowledge graph and inventory information more accurate and real time, as well as help Dasher efficiency. We're looking for someone with a command of production\\-level machine learning and experience with solving end\\-user problems who enjoys collaborating with multidisciplinary teams.


**You're excited about this opportunity because you will…**
===========================================================


* Develop production machine learning solutions to solve **consumer vision** problems such as entity recognition, entity resolution, attribute extraction, object detection, segmentation, metric learning, and category classification, image classification.
* Collaborate with cross\\-functional leaders across engineering, product, and business strategy to help shape a product roadmap driven by machine learning, accelerating the growth of a multi\\-billion\\-dollar retail delivery ecosystem.
* Explore and harness diverse data sources, leveraging intuitive models and fostering a culture of flexible experimentation. Your goal will be to continuously improve the shopping and dashing experiences, delivering solutions that are not only effective but also scalable and user\\-centric.
* Drive impact and enjoy ample room for both personal and professional growth. This includes opportunities for deep technical development and leadership as you work within a growing team that is actively unlocking new markets for the company.
* Innovate and experiment with cutting\\-edge technologies and methodologies in AI and ML. You'll have the freedom to explore emerging technologies, test new ideas, and drive technical innovation in the computer vision space, directly shaping the future of our retail and delivery solutions.

**We're excited about you because you have…**
=============================================


* Industry experience developing machine learning models with business impact, and shipping ML solutions to production. You have successfully shipped ML solutions to production and understand the nuances of transitioning models from development to real\\-world environments.
* Deep expertise in applied Computer Vision, with hands\\-on experience solving challenging vision\\-related problems and implementing solutions that drive customer value. Your knowledge extends to solving complex tasks such as object detection, classification, and segmentation.
* Strong machine learning and programming skills, particularly in Python, with experience in key ML frameworks such as PyTorch, TensorFlow, or Spark. You're able to implement scalable models and optimize performance for production systems.
* You must be located near one of our engineering hubs which includes: San Francisco, Sunnyvale, Los Angeles, Seattle, and New York
* M.S., or PhD. in Computer Vision, Statistics, Computer Science, Math, Operations Research, Physics, Economics, or other quantitative field is a plus
* Familiarity with causal inference and experimentation techniques, enabling you to design and evaluate experiments that validate the effectiveness of ML models and ensure the product's continuous improvement.

  



Notice to Applicants for Jobs Located in NYC or Remote Jobs Associated With Office in NYC Only



We use Covey as part of our hiring and/or promotional process for jobs in NYC and certain features may qualify it as an AEDT in NYC. As part of the hiring and/or promotion process, we provide Covey with job requirements and candidate submitted applications. We began using Covey Scout for Inbound from August 21, 2023, through December 21, 2023, and resumed using Covey Scout for Inbound again on June 29, 2024\\.



The Covey tool has been reviewed by an independent auditor. Results of the audit may be viewed here: Covey

**About DoorDash**
==================



At DoorDash, our mission to empower local economies shapes how our team members move quickly, learn, and reiterate in order to make impactful decisions that display empathy for our range of users—from Dashers to merchant partners to consumers. We are a technology and logistics company that started with door\\-to\\-door delivery, and we are looking for team members who can help us go from a company that is known for delivering food to a company that people turn to for any and all goods.
  

  

DoorDash is growing rapidly and changing constantly, which gives our team members the opportunity to share their unique perspectives, solve new challenges, and own their careers. We're committed to supporting employees' happiness, healthiness, and overall well\\-being by providing comprehensive benefits and perks including premium healthcare, wellness expense reimbursement, paid parental leave and more.


**Our Commitment to Diversity and Inclusion**
=============================================



We're committed to growing and empowering a more inclusive community within our company, industry, and cities. That's why we hire and cultivate diverse teams of people from all backgrounds, experiences, and perspectives. We believe that true innovation happens when everyone has room at the table and the tools, resources, and opportunity to excel.



Statement of Non\\-Discrimination: In keeping with our beliefs and goals, no employee or applicant will face discrimination or harassment based on: race, color, ancestry, national origin, religion, age, gender, marital/domestic partner status, sexual orientation, gender identity or expression, disability status, or veteran status. Above and beyond discrimination and harassment based on ""protected categories,"" we also strive to prevent other subtler forms of inappropriate behavior (i.e., stereotyping) from ever gaining a foothold in our office. Whether blatant or hidden, barriers to success have no place at DoorDash. We value a diverse workforce – people who identify as women, non\\-binary or gender non\\-conforming, LGBTQIA\\+, American Indian or Native Alaskan, Black or African American, Hispanic or Latinx, Native Hawaiian or Other Pacific Islander, differently\\-abled, caretakers and parents, and veterans are strongly encouraged to apply. Thank you to the Level Playing Field Institute for this statement of non\\-discrimination.



Pursuant to the San Francisco Fair Chance Ordinance, Los Angeles Fair Chance Initiative for Hiring Ordinance, and any other state or local hiring regulations, we will consider for employment any qualified applicant, including those with arrest and conviction records, in a manner consistent with the applicable regulation.



If you need any accommodations, please inform your recruiting contact upon initial connection.","","https://www.glassdoor.com/Overview/W-EI_IE813073.htm","https://media.glassdoor.com/sql/813073/doordash-squarelogo-1516170457276.png","","","","",""
"gd-1009616933464","glassdoor","https://www.glassdoor.com/job-listing/j?jl=1009616933464","","Senior Software Engineer, Test Platform","DoorDash USA","San Francisco, CA","2025-01-30","","direct_data","yearly",130600.0,192000.0,"USD",False,"","","organic","","**About the Team**
==================



Our mission is to improve the DoorDash developer velocity by providing them with a robust paved path development experience with rapid feedback loops. As a central infrastructure team reimagining the software development process, we are committed to removing as much unnecessary manual work and toil as possible from engineers so they can focus on what really matters \\- building products for our customers. We empower engineers to *move faster with more confidence* by making the development loop blazing fast, making it possible to rapidly develop \\& test changes with high fidelity and start working on new codebases in minutes. The team has the opportunity to interface with nearly every part of the company and has significant autonomy to innovate and leverage best\\-in\\-class technologies to build those delightful solutions for our engineers.


**About the Role**
==================



As a Senior Software Engineer on the Test Platform team, you will be building developer tools, frameworks and libraries as part of a central platform that powers the Software Development Lifecycle across all engineering teams at DoorDash. For instance, you will help build DoorDash's next generation development environment using devcontainers open source technology, and a safe but realistic sandbox environment where engineers can test their code on their laptop or their phones just like it were in production. You will work closely with engineers, technical product managers, and engineering managers across all parts of the engineering organization to deliver large and impactful initiatives. Additionally, you will be a culture carrier in your team through mentorship, education, and uplifting of your peers.


**You're excited about this opportunity because you will…**
===========================================================


* Develop and maintain foundational components to enable DoorDash Engineers to excel at all aspects of their software development lifecycle.
* Play a foundational role in guiding the future of DoorDash's software development strategy, by building, extending, and operating a central platform used by all DoorDash engineering teams.
* Be at the forefront of developing new technologies and have the opportunity to leverage and contribute to open source tech.
* Lead cross\\-functional projects by designing large scale systems with engineering excellence, long\\-term maintainability, and risk in mind.
* Work with a team of highly talented and motivated teammates, and provide mentorship for more junior engineers on the team.
* Join a growing company and grow right along with us.

**We're excited about you because…**
====================================


* You are a builder and have 5\\+ years of experience working on backend platform and infrastructure teams.
* Proficiency in at least one OOP language (Java, Kotlin, or Go)
* You are comfortable working on platform components and have demonstrated effectiveness in building and managing them at scale.
* You possess strong cross\\-functional collaboration skills and can drive the execution of large projects with multiple stakeholders forward.
* You apply a product mindset to platform problems and feel accomplished enabling others
* You strive for design simplicity and consistency above all else
* You solve problems using software to automate and avoid creating toil for others

  



Notice to Applicants for Jobs Located in NYC or Remote Jobs Associated With Office in NYC Only



We use Covey as part of our hiring and/or promotional process for jobs in NYC and certain features may qualify it as an AEDT in NYC. As part of the hiring and/or promotion process, we provide Covey with job requirements and candidate submitted applications. We began using Covey Scout for Inbound from August 21, 2023, through December 21, 2023, and resumed using Covey Scout for Inbound again on June 29, 2024\\.



The Covey tool has been reviewed by an independent auditor. Results of the audit may be viewed here: Covey

**About DoorDash**
==================



At DoorDash, our mission to empower local economies shapes how our team members move quickly, learn, and reiterate in order to make impactful decisions that display empathy for our range of users—from Dashers to merchant partners to consumers. We are a technology and logistics company that started with door\\-to\\-door delivery, and we are looking for team members who can help us go from a company that is known for delivering food to a company that people turn to for any and all goods.
  

  

DoorDash is growing rapidly and changing constantly, which gives our team members the opportunity to share their unique perspectives, solve new challenges, and own their careers. We're committed to supporting employees' happiness, healthiness, and overall well\\-being by providing comprehensive benefits and perks including premium healthcare, wellness expense reimbursement, paid parental leave and more.


**Our Commitment to Diversity and Inclusion**
=============================================



We're committed to growing and empowering a more inclusive community within our company, industry, and cities. That's why we hire and cultivate diverse teams of people from all backgrounds, experiences, and perspectives. We believe that true innovation happens when everyone has room at the table and the tools, resources, and opportunity to excel.



Statement of Non\\-Discrimination: In keeping with our beliefs and goals, no employee or applicant will face discrimination or harassment based on: race, color, ancestry, national origin, religion, age, gender, marital/domestic partner status, sexual orientation, gender identity or expression, disability status, or veteran status. Above and beyond discrimination and harassment based on ""protected categories,"" we also strive to prevent other subtler forms of inappropriate behavior (i.e., stereotyping) from ever gaining a foothold in our office. Whether blatant or hidden, barriers to success have no place at DoorDash. We value a diverse workforce – people who identify as women, non\\-binary or gender non\\-conforming, LGBTQIA\\+, American Indian or Native Alaskan, Black or African American, Hispanic or Latinx, Native Hawaiian or Other Pacific Islander, differently\\-abled, caretakers and parents, and veterans are strongly encouraged to apply. Thank you to the Level Playing Field Institute for this statement of non\\-discrimination.



Pursuant to the San Francisco Fair Chance Ordinance, Los Angeles Fair Chance Initiative for Hiring Ordinance, and any other state or local hiring regulations, we will consider for employment any qualified applicant, including those with arrest and conviction records, in a manner consistent with the applicable regulation.



If you need any accommodations, please inform your recruiting contact upon initial connection.","","https://www.glassdoor.com/Overview/W-EI_IE813073.htm","https://media.glassdoor.com/sql/813073/doordash-squarelogo-1516170457276.png","","","","",""
"gd-1009616933405","glassdoor","https://www.glassdoor.com/job-listing/j?jl=1009616933405","","Software Engineer, CI, Autonomy & Robotics","DoorDash USA","San Francisco, CA","2025-01-30","","direct_data","yearly",130600.0,192000.0,"USD",False,"","","organic","","**About the Team**
==================



DoorDash Labs is an independent team within DoorDash. We are working on building autonomous delivery robots from the ground\\-up as part of DoorDash's core delivery platform. If you have a passion for applying robotics solutions in a service used by millions of people, then we want to talk to you!


**About the Role**
==================



In this role, you'll work with multiple stakeholders including Product, Engineering, and Operations to understand their workflows, challenges, and needs, and ensure the tools and systems built by the Infrastructure team address these requirements. Areas of responsibility include build tooling, CI / CD, cloud jobs, deployment and OTA updates, and local development environments.


**You're excited about the role because you will…**
===================================================


* Have significant scope and ownership
* Work with autonomous robots and hardware
* Collaborate with core autonomy teams: motion planning, perception, and simulation
* Help solve scalability issues on a fast\\-growing project

**We're excited about you because you have…**
=============================================


* A B.S. in Computer Science or related technical field
* Great communication skills
* In\\-depth knowledge of data structures and algorithms.
* Strong Python programming experience
* Knowledge of networking \\& cloud infrastructure
* Experience with some of the following:
* + Bazel
	+ Kubernetes
	+ Docker
	+ C\\+\\+
	+ Linux
	+ Terraform
	+ Robotics or autonomous vehicles

  




Notice to Applicants for Jobs Located in NYC or Remote Jobs Associated With Office in NYC Only



We use Covey as part of our hiring and/or promotional process for jobs in NYC and certain features may qualify it as an AEDT in NYC. As part of the hiring and/or promotion process, we provide Covey with job requirements and candidate submitted applications. We began using Covey Scout for Inbound from August 21, 2023, through December 21, 2023, and resumed using Covey Scout for Inbound again on June 29, 2024\\.



The Covey tool has been reviewed by an independent auditor. Results of the audit may be viewed here: Covey

**About DoorDash**
==================



At DoorDash, our mission to empower local economies shapes how our team members move quickly, learn, and reiterate in order to make impactful decisions that display empathy for our range of users—from Dashers to merchant partners to consumers. We are a technology and logistics company that started with door\\-to\\-door delivery, and we are looking for team members who can help us go from a company that is known for delivering food to a company that people turn to for any and all goods.
  

  

DoorDash is growing rapidly and changing constantly, which gives our team members the opportunity to share their unique perspectives, solve new challenges, and own their careers. We're committed to supporting employees' happiness, healthiness, and overall well\\-being by providing comprehensive benefits and perks including premium healthcare, wellness expense reimbursement, paid parental leave and more.


**Our Commitment to Diversity and Inclusion**
=============================================



We're committed to growing and empowering a more inclusive community within our company, industry, and cities. That's why we hire and cultivate diverse teams of people from all backgrounds, experiences, and perspectives. We believe that true innovation happens when everyone has room at the table and the tools, resources, and opportunity to excel.



Statement of Non\\-Discrimination: In keeping with our beliefs and goals, no employee or applicant will face discrimination or harassment based on: race, color, ancestry, national origin, religion, age, gender, marital/domestic partner status, sexual orientation, gender identity or expression, disability status, or veteran status. Above and beyond discrimination and harassment based on ""protected categories,"" we also strive to prevent other subtler forms of inappropriate behavior (i.e., stereotyping) from ever gaining a foothold in our office. Whether blatant or hidden, barriers to success have no place at DoorDash. We value a diverse workforce – people who identify as women, non\\-binary or gender non\\-conforming, LGBTQIA\\+, American Indian or Native Alaskan, Black or African American, Hispanic or Latinx, Native Hawaiian or Other Pacific Islander, differently\\-abled, caretakers and parents, and veterans are strongly encouraged to apply. Thank you to the Level Playing Field Institute for this statement of non\\-discrimination.



Pursuant to the San Francisco Fair Chance Ordinance, Los Angeles Fair Chance Initiative for Hiring Ordinance, and any other state or local hiring regulations, we will consider for employment any qualified applicant, including those with arrest and conviction records, in a manner consistent with the applicable regulation.



If you need any accommodations, please inform your recruiting contact upon initial connection.","","https://www.glassdoor.com/Overview/W-EI_IE813073.htm","https://media.glassdoor.com/sql/813073/doordash-squarelogo-1516170457276.png","","","","",""
"go-8ByCqYrBUqOWeTZ0AAAAAA==","google","https://www.linkedin.com/jobs/view/founding-team-senior-software-engineer-manager-for-a-social-travel-platform-targeting-digital-nomads-at-bubbl-4140789864?utm_campaign=google_jobs_apply&utm_source=google_jobs_apply&utm_medium=organic","","Founding Team Senior Software Engineer Manager for a Social Travel Platform targeting Digital Nomads","Bubbl","San Francisco, CA, United States","2025-01-31","","","","","","",False,"","","","","Bubbl is looking for an exceptional product design oriented senior full stack engineer to be a key part of our Founding Team to lead our technology strategy, (including when and where to use AI), and lead and build the development of our social travel platform in mobile-first and web iterations. This role will specifically be in charge of ensuring a timely launch of our almost fully built Alpha product and leading our beta product development over the summer, in time for Winter 2025.

Apart from all of the technical capabilities and experience listed below, you will need to demonstrably embody the core values of Bubbl (see below). You will also be the persona for being a Bubbl customer and Host. Every Bubbl team member will live our brand, and relish in Hosting their own Bubbls from time to time. You will likely already be living as a digital nomad, as a big plus.

Before you apply, please register at www.bubbl.co and look around the platform. In your cover letter, we will be expecting you to provide some thoughts around how you would address the product design and engineering challenges of building both a marketplace and a community, and also provide us with examples of how you have fulfilled our company values, which you will find in the FAQs part of the platform. We will not look at applications that have not reviewed our platform.

As a founding role, this has the potential to grow into a management leader for Bubbl as we find product market fit and grow to be a travel unicorn. Hence, we are looking for an exceptional human with exceptional achievements that we will expect you to be able to communicate to us.

Key Responsibilities

Technical Leadership and Development

Lead the design and implementation of scalable software solutions tailored for marketplaces in travel, real estate, or crowdfunding.

Develop robust, high-quality code across the full technology stack.

Ensure software scalability and reliability as the startup grows.

Product Strategy

Collaborate closely with co-founders to define product vision and roadmap based on market research and user feedback.

Prioritize features and tasks, balancing short-term and long-term goals.

Architecture Design

Design a flexible and scalable architecture that supports a rapidly growing user base and integrates with various third-party services and APIs, especially in the travel or real estate domains.

Team Building and Leadership

Managing globally distributed teams. Hiring and mentoring new team members.

Establish a culture of high performance, innovation, and continuous learning.

Stakeholder Engagement

Communicate technical challenges and progress to non-technical co-founders and stakeholders.

Engage with customers to gather insights that inform product enhancements.

Requirements

Proven experience in building and scaling successful B2C marketplace or social platforms, within the travel, real estate, or crowdfunding sectors.

Strong expertise in modern programming languages and frameworks (e.g.React, Python, Ruby on Rails, Node.js, Flutter etc.

Strong experience in managing distributed teams including outsourced development teams.

Strong experience with cloud services, database management, and DevOps tools.

Ability to work in a fast-paced, evolving startup environment.

This role demands a blend of technical proficiency, strategic thinking, and leadership skills to drive the development of innovative marketplace solutions.

You must be prepared to run your own Bubbls from time to time.","","","","","","","",""
"go-JSdilEjS5SdwqO2SAAAAAA==","google","https://us.bebee.com/job/f5a4ec6a7fbe4f98b714e04f9fea9e3c?utm_campaign=google_jobs_apply&utm_source=google_jobs_apply&utm_medium=organic","","Cloud Security and Privacy Software Developer","Google","San Francisco, CA, United States","2025-01-30","","","","","","",False,"","","","","About the Job
At Google, we're always pushing the boundaries of technology to create innovative solutions that make a difference in people's lives. As a Software Engineer III, Full Stack, Cloud Security and Privacy, you'll be part of our team that develops cutting-edge technologies that change how billions of users connect, explore, and interact with information and one another.

In this role, you'll work on designing, developing, testing, deploying, maintaining, and enhancing software solutions that meet our high standards. You'll collaborate with cross-functional teams to deliver products that are scalable, reliable, and secure. Your expertise will help us solve complex problems and drive business growth.

We're looking for talented engineers who can contribute to our mission to make technology more accessible and useful to people everywhere. If you have a passion for software development, cloud security, and privacy, we'd love to hear from you.","","","","","","","",""
"go-TxstvRGlkrNEChE0AAAAAA==","google","https://www.linkedin.com/jobs/view/senior-software-engineer-data-platform-at-talentally-4140774746?utm_campaign=google_jobs_apply&utm_source=google_jobs_apply&utm_medium=organic","","Senior Software Engineer - Data Platform","TalentAlly","San Ramon, CA, United States","2025-01-29","","description","yearly",91500.0,219700.0,"USD",False,"","","","","Join us in bringing joy to customer experience. Five9 is a leading provider of cloud contact center software, bringing the power of cloud innovation to customers worldwide.

Living our values everyday results in our team-first culture and enables us to innovate, grow, and thrive while enjoying the journey together. We celebrate diversity and foster an inclusive environment, empowering our employees to be their authentic selves.

To complement our rapid growth, we are actively looking for a Senior Software Engineer - Data Platform with experience working on Google Cloud Platform, to join our team. Five9 delivers market-leading up-time for its Contact Center application while constantly delivering new features and capabilities to highly demanding enterprise customers. This requires that Five9 continually enhances, updates and modernizes the Platform Services that the Contact Center Application runs on. This position requires excellent understanding of cloud software: how it's built, deployed, tested and managed.

Responsibilities
• Contribute to the next generation of Five9's modern SaaS platform and applications, providing businesses the ability to improve customer service through the power of AI in the Contact Center.
• You will play a critical role in developing a highly available, highly scalable and reliable infrastructure for microservices.
• You will apply your expertise of cloud computing stack, broad software technologies, and open-source tools to resolve what are often considered seemingly unsolvable cloud technology platform challenges for our customers.
• Gain deep application-level knowledge of existing systems as well as contributing to their overall design.
• Dive deep into the software stack to troubleshoot and provide production support as needed.
• Work with a team of peers, share a passion for what they're creating and pull your own weight.
• This position requires the ability to be on-call.

Requirements
• 6+ years of software development experience in Java using Spring Boot framework.
• 2+ hands on experience with SQL or similar databases.
• 2+ hands on experience with data messaging systems like Kafka, Pub/Sub .
• 2+ experience with data serialization formats like AVRO or PROTOBUF.
• 2+ experience working on data streaming services like FLINK/Spark/dataflow.
• Experience with designing and building highly available and scalable applications in GCP.
• Experience and hands on skills with GCP Products such as Google Big Query, Cloud Storage, Cloud Functions, Pub/Sub, App Engine, Cloud SQL.
• Experience and hands on skills with Docker, Kubernetes.
• Hands on experience working as part of a Continuous Delivery team who continuously develop, test, deploy and manage production applications on Google Cloud Platform.
• Good understanding of private and public cloud design considerations and limitations in the areas of virtualization and global infrastructure, distributed systems, load balancing and networking, event processing, massive data storage and security.
• Bachelor's degree in an engineering field.
• An advanced degree in an engineering or a business discipline is highly desirable.

Work Location: This role is hybrid. 3 days a week (M, W, TH) in our San Ramon office is required.

As part of our continued commitment to diversity, equity, and inclusion, Five9 supports pay transparency during the entire recruitment process. Actual compensation packages are based on several factors that are unique to each candidate including, but not limited to: skill set, depth of experience, certifications, and specific work location. The range displayed reflects the minimum and maximum target for new hire salaries for the job across the United States. Your recruiter can share more about the specific compensation package during your hiring process.

Additionally, the total compensation package for this position may also include an annual performance bonus, stock, and/or other applicable incentive compensation plans.

Our Total Reward Package Also Includes
• Health, dental, and vision coverage, beginning on the first day of employment. Five9 covers 100% of the employee portion of the health, dental and vision coverage and shares a high portion of the dependent cost. We also offer Short & Long-Term Disability, Basic Life Insurance, and a 401k saving plan with employer matching.
• Access to an innovative mental health support platform that offers personalized care and resources in areas such as: therapy, coaching and self-guided mindfulness exercises for all covered employees and their covered dependents.
• Generous employee stock purchase plan.
• Paid Time Off, Company paid holidays, paid volunteer hours and 12 weeks paid parental leave.

All compensation and benefits are subject to the requirements and restrictions set forth in the applicable plan documents and any written agreements between the parties.

The US base salary range for this role is below. $91,500—$219,700 USD

Five9 embraces diversity and is committed to building a team that represents a variety of backgrounds, perspectives, and skills. The more inclusive we are, the better we are. Five9 is an equal opportunity employer.

View our privacy policy, including our privacy notice to California residents here: https://www.five9.com/pt-pt/legal.

Note: Five9 will never request that an applicant send money as a prerequisite for commencing employment with Five9.

PDN-9e1ad05a-7bcc-4ff6-8504-2ba3f6b0361e","","","","","","","",""
"go-6LXXmYVz1q1w9RVCAAAAAA==","google","https://www.linkedin.com/jobs/view/senior-python-developer-at-catchprobe-intelligence-technologies-4140863120?utm_campaign=google_jobs_apply&utm_source=google_jobs_apply&utm_medium=organic","","Senior Python Developer","CatchProbe Intelligence Technologies","San Francisco, CA, United States","2025-01-25","contract","","","","","",True,"","","","","Workplace Type : Remote - Region : San Francisco, CA

Requirements
• Strong Python coding abilities - Can pass difficult programming challenges in a relatively short period of time. Can speak clearly about their thinking throughout these challenges. Can speak to O-notation of algorithms. Has excellent knowledge of common python idioms and libraries.
• High scalability leadership experience - Has been a tech leader on scaling systems to hundreds of millions of requests/events per day. Has experience with hyper-observability, scaling algorithms, and using production data to drive system changes
• Design and guide the implementation of a rapidly growing Python, BashScript, JavaScript, React, GraphQL codebase
• Evaluate, identify, develop and implement various software solutions
• Create design documents, architectural blueprints and functional specifications
• Review and discuss architectural design docs from other engineering teams, identify API contracts between components and implement them
• Mentor and guide other developers, overseeing, assisting and reviewing the work of the development team throughout the process
• Collaborate with product and business teams on requirements to plan and execute new features
• Test the final product to ensure it is completely functional and meets requirements
• Use a proactive approach to common challenges and by continually researching best practices in coding
• Troubleshoot coding problems quickly and efficiently to ensure a productive workplace
• Machine learning experience - Has worked with machine learning models at scale

Qualifications
• 5+ years of professional Python development experience
• 10+ years of professional C++ or JAVA development experience
• 5+ years of experience building software products
• 5+ years production code experience with Python
• Experience with JavaScript and CSS
• Experience with React
• Experience with Unix Systems
• Experience with Python frameworks
• Experience with Cloud Platform, Docker, and Kubernetes
• Ability to build products that scale, experience working on large-scale software projects
• Experience with Rest-API development and the CRUD model
• Understand how to automate builds for developer environments from development through production within a Continuous Delivery model.
• Understanding of Scrum Agile methodology and have worked on a Scrum team.
• Knowledge of SQL, and non-relational (NoSQL) databases (Mongo and Elasticsearch)
• Knowledge of best practices for IT operations in an always-on, always-available service model
• Bachelor's degree in Computer Science, Business Information Systems or relevant experience and accomplishments.","","","","","","","",""
"go-jPLnHl54G5SulAdFAAAAAA==","google","https://www.linkedin.com/jobs/view/2025-phd-software-engineer-intern-machine-learning-platform-united-states-at-uber-4140567921?utm_campaign=google_jobs_apply&utm_source=google_jobs_apply&utm_medium=organic","","2025 PhD Software Engineer Intern (Machine Learning Platform), United States","Uber","San Francisco, CA, United States","2025-01-17","internship","","","","","",False,"","","","","We're looking for PhD candidates to intern on the Machine Learning Platform (Michelangelo) team during summer 2025 (12 weeks). You will be embedded in our engineering team and work closely with other specialists, software developers, and product managers. As a PhD intern, you will work on an exciting yet bold problem in depth and independently, under the supervision of an experienced engineer on that team.

About The Team

The Machine Learning Platform is responsible for building the ML ecosystem and providing the tool chains for ML engineers at Uber. All critical ML applications at Uber are built and powered by this platform. The organization is formed of talented teams of engineers and ML engineers with a combination of both strong industrial and academia backgrounds. In particular, we are looking for Ph.D interns to conduct research and studies on LLM and RAG qualities about how we can improve NLP-based search quality and RAG quality, and model explainability.

What You'll Do
• Drive exciting, ambitious, previously-unsolved projects from end to end
• Thrive in ambiguous product requirements
• Collaborate with product managers and data scientists closely
• Make data driven decisions, with exceptional execution
• Be motivated to own projects and push them forward with independence
• Most meaningfully, have a passion to make Uber better for our customers

Basic Qualifications
• Currently enrolled in a Ph.D. program studying modeling techniques, model explanations, model analytics, embeddings, and/or NLP
• Candidates must have at least one semester/quarter of their education left following the internship
• Knowledge of the underlying technical foundations of distributed model training and serving, and model evaluation methodologies
• Experience in Python

Preferred Qualifications
• Ability to communicate effectively with both technical and business partners
• Experience in simplifying/converting business problems into technical problems
• Research mentality with a bias towards action to structure a project from idea to experimentation to prototype to implementation
• Experience presenting at industry recognized academic conferences and a good publishing record

For San Francisco, CA-based roles: The base hourly rate amount for this role is USD$67.00 per hour. For Sunnyvale, CA-based roles: The base hourly rate amount for this role is USD$67.00 per hour. For all US locations, you will also be eligible for various benefits.","","","","","","","",""
"go-9WdGyao_7hZUcSX8AAAAAA==","google","https://www.linkedin.com/jobs/view/software-engineer-internal-tools-at-notion-4140363006?utm_campaign=google_jobs_apply&utm_source=google_jobs_apply&utm_medium=organic","","Software Engineer, Internal Tools","Notion","San Francisco, CA, United States","2025-01-15","","description","yearly",130000.0,250000.0,"USD",False,"","","","","About Us

We're on a mission to make it possible for every person, team, and company to be able to tailor their software to solve any problem and take on any challenge. Computers may be our most powerful tools, but most of us can't build or modify the software we use on them every day. At Notion, we want to change this with focus, design, and craft.

We've been working on this together since 2016, and have customers like Pixar, Mitsubishi, Figma, Plaid, Match Group, and thousands more on this journey with us. Today, we're growing fast and excited for new teammates to join us who are the best at what they do. We're passionate about building a company as diverse and creative as the millions of people Notion reaches worldwide.

Notion is an in person company, and currently requires its employees to come to the office for two Anchor Days (Mondays & Thursdays) and requests that employees spend the majority of their week in the office (including a third day).

About The Role

As a Senior Software Engineer on the Internal Tools team, you will design, develop, and maintain applications that streamline and enhance the workflows of various departments within Notion. Collaborating closely with departmental leads and key stakeholders, you will identify pain points and implement effective software solutions to address them.

What You'll Achieve
• Develop Internal Applications: Create and maintain internal applications that integrate seamlessly with Notion's backend services, ensuring they meet the specific needs of different departments.
• Optimize Performance: Enhance the performance of internal dashboards and tools by implementing best practices in observability, database query optimization, and efficient data handling.
• Evaluate Solutions: Assess build-versus-buy options and compare vendor solutions to determine the most appropriate tools for internal use.
• Collaborate with Stakeholders: Partner with departmental leads to understand their workflows and challenges, translating these insights into effective software solutions.
• Maintain High Standards: Uphold high engineering standards and best practices, contributing to the overall quality and maintainability of internal tools.

Skills You'll Need To Bring
• Experience: Minimum of 4-6 years in software engineering, with a proven track record of making pragmatic engineering decisions and delivering effective solutions.
• Internal Tools Expertise: Previous experience working on an Internal Tools team or supporting internal customers/stakeholders, with a demonstrated ability to understand and address their needs.
• Optimize Performance: Enhance the performance of internal dashboards and tools by implementing best practices in observability, database query optimization, and efficient data handling.
• Technical Skills: Proficiency in full-stack web development, with a focus on backend development. Experience with Python, JavaScript, and PostgreSQL is essential.
• Analytical Thinking: Strong critical thinking skills, with the ability to evaluate trade-offs between different solutions while considering team and company goals.
• Communication Skills: Excellent communication and collaboration abilities, enabling effective partnership with various stakeholders across the organization.

Nice To Haves
• Familiarity with tools like Retool is a plus.
• Proficiency with frontend frameworks such as React.js
• Opinions on rolling out new functionality to engineering teams
• Familiarity working with home-grown solutions
• Experience with Agile and waterfall methodologies and project management tools like Notion.

We hire talented and passionate people from a variety of backgrounds because we want our global employee base to represent the wide diversity of our customers. If you’re excited about a role but your past experience doesn’t align perfectly with every bullet point listed in the job description, we still encourage you to apply. If you’re a builder at heart, share our company values, and enthusiastic about making software toolmaking ubiquitous, we want to hear from you.

Notion is proud to be an equal opportunity employer. We do not discriminate in hiring or any employment decision based on race, color, religion, national origin, age, sex (including pregnancy, childbirth, or related medical conditions), marital status, ancestry, physical or mental disability, genetic information, veteran status, gender identity or expression, sexual orientation, or other applicable legally protected characteristic. Notion considers qualified applicants with criminal histories, consistent with applicable federal, state and local law. Notion is also committed to providing reasonable accommodations for qualified individuals with disabilities and disabled veterans in our job application procedures. If you need assistance or an accommodation due to a disability, please let your recruiter know.

Notion is committed to providing highly competitive cash compensation, equity, and benefits. The compensation offered for this role will be based on multiple factors such as location, the role’s scope and complexity, and the candidate’s experience and expertise, and may vary from the range provided below. For roles based in San Francisco or New York City, the estimated base salary range for this role is $130,000 - $250,000 per year.

By clicking “Submit Application”, I understand and agree that Notion and its affiliates and subsidiaries will collect and process my information in accordance with Notion’s Global Recruiting Privacy Policy.","","","","","","","",""
"go-HsYMPIDIJI5O42LGAAAAAA==","google","https://www.linkedin.com/jobs/view/full-stack-developer-at-fastino-4140210163?utm_campaign=google_jobs_apply&utm_source=google_jobs_apply&utm_medium=organic","","Full Stack Developer","Fastino","San Francisco, CA, United States","2025-01-15","","","","","","",False,"","","","","Introduction:

Are you ready to redefine the possibilities of AI and machine learning? Join us at Fastino as we pioneer the next generation of LLMs. Our team, boasting alumni from Google Deepmind, Apple, Stanford, and Cambridge is on a mission to develop specialized, efficient AI systems. If you're passionate about groundbreaking technology and solving AI's hardest problems, we want you on our team!

Fastino is backed by leading investors including Microsoft, Github CEO Thomas Dohmke, Insight Partners, NEA, CRV, Valor, and others.

Key Responsibilities:
• Design and develop interactive, scalable web applications using JavaScript, primarily Next.js and Node.js.
• Build and maintain server-side APIs and integrate them with front-end applications.
• Write, test, and deploy machine learning scripts in Python, focusing on models that can drive real-time or batch processing requirements.
• Work closely with data scientists to transform ML models into production-ready scripts, optimizing for performance and scalability.
• Conduct data analysis and preprocessing to ensure model reliability and accuracy.
• Architect, deploy, and maintain production-level infrastructure in cloud environments (AWS, GCP, or Azure) to support both web applications and ML operations.
• Ensure high availability, scalability, and security for deployed applications and services in enterprise environments.
• Adhere to industry best practices in code quality, testing, and documentation.
• Continuously learn and adopt new tools and frameworks to improve development processes and project outcomes.

Requirements:
• Proficiency in JavaScript, with a strong grasp of Next.js and Node.js frameworks.
• Demonstrable experience in deploying and managing cloud infrastructure on platforms like AWS, GCP, or Azure.
• Knowledge of containerization (Docker, Kubernetes) and orchestration for deploying scalable applications.
• Preferred: Experience with data engineering practices, especially for large-scale data processing.

Professional Experience:
• 3+ years of experience in full-stack development, ideally with a focus on JavaScript frameworks.
• 2+ years of experience in writing and deploying machine learning scripts in Python.

Why Join Us?
• Supportive Environment: Benefit from the resources of Microsoft and venture funding, collaborating with top-tier talent from renowned universities.
• Top-Tier Compute: Enjoy a dedicated GPU cluster for research.
• Impactful Work: Your contributions will directly shape the future of AI applications, making technology more accessible, eco-friendly and dev friendly!
• Competitive Benefits: Receive competitive salary, stock options, health benefits, and more.","","","","","","","",""
"go-maO_xuYsKKV2t47_AAAAAA==","google","https://www.workatastartup.com/jobs/72615?utm_campaign=google_jobs_apply&utm_source=google_jobs_apply&utm_medium=organic","","Content Marketer [In Person, SF]","Recall.ai","San Francisco, CA, United States","2025-01-15","","","","","","",False,"","","","","As the first Content Marketer on the team, you will pioneer the content marketing motion, shape our culture, and be a critical contributor to our growth. You will drive awareness and generate inbound leads by creating a content strategy, interating and executing content experiments.

Why You Should Join
• You want to own and shape our marketing motion.
• You love building from the ground up and having ownership.
• You are looking for a learning experience and have a growth mindset.
• You are ready to build a marketing motion for a new product category.
• You are excited to start with a blank canvas for a company that already has strong PMF.

Why You Shouldn’t Join
• You are not ready for the occasional 60 hour work week right now.
• You are not comfortable working without clear structure.
• You are not ready for a risky career opportunity. Even with our growth, we are still an early-stage startup. If you need something more predictable, this is not the right fit.
• You’re not excited about working with engineers. You won’t be able to succeed in this role unless you love our customers and want to truly help them in whatever way possible.

Responsibilities

Own our website content
• We’ve proven that technical blog content and SEO works for us. We now need to scale it — that’s where you come in. You would own our written content calendar, with a focus on our blog to start with.

Validate new hypotheses
• We have several hypotheses on content we’d like to validate. You would execute on these to prove or disprove new channels.

Run deep experiments on content
• There are many things around content we haven’t tried yet. You would experiment with and rigorously test new written content ideas — there is a lot of juice to squeeze.

Qualifications
• Experience marketing to developers.
• 5-7 years of experience in a content marketing role.
• Excellent technical written communication skills.
• Basic SEO experience.
• Metrics-driven & an experimental mindset.
• Bonus points:
• Previous experience at a Series A or Series B startup.

Other Benefits
• 100% covered, top-of-the-line health insurance, dental, and vision.
• Computer and workspace enhancements.
• Unlimited PTO.
• Quarterly company off-sites with the team and explore exciting destinations around the world.
• Opportunity to play a critical role in building the foundations of the company and GTM culture.","","","","","","","",""
"go-dlq0L5D54bHBMQtCAAAAAA==","google","https://www.linkedin.com/jobs/view/java-microservices-senior-software-engineer-at-wells-fargo-4140325794?utm_campaign=google_jobs_apply&utm_source=google_jobs_apply&utm_medium=organic","","Java Microservices Senior Software Engineer","Wells Fargo","San Francisco, CA, United States","2025-01-13","","description","yearly",84000.0,179200.0,"USD",False,"","","","","About This Role

Marketing Technology in Wells Fargo is fast growing department, seeking a highly motivated and energetic microservice Senior Software engineer to join our dynamic team. As part of an innovative environment, you will play role in developing cutting-edge software solution. We are looking for someone who thrives in a fast-paced setting, has strong expertise in java development and is eager to contribute to exciting new projects. if you are passionate about technology and are ready to make an impact, we'd love to have you onboard.

In This Role, You Will
• Lead moderately complex initiatives and deliverables within technical domain environments
• Contribute to large scale planning of strategies
• Design, code, test, debug, and document for projects and programs associated with technology domain, including upgrades and deployments
• Review moderately complex technical challenges that require an in-depth evaluation of technologies and procedures
• Resolve moderately complex issues and lead a team to meet existing client needs or potential new clients needs while leveraging solid understanding of the function, policies, procedures, or compliance requirements
• Collaborate and consult with peers, colleagues, and mid-level managers to resolve technical challenges and achieve goals
• Lead projects and act as an escalation point, provide guidance and direction to less experienced staff

Required Qualifications:
• 4+ years of Software Engineering experience, or equivalent demonstrated through one or a combination of the following: work experience, training, military experience, education
• Java engineering experience
• Sprintboot, Springframework, JPA, Transaction management
• Microservice development experience
• Kafka messaging experience
• Relational and NoSQL database engineering
• Object oriented programming concepts
• Behavioral Driven Development (e.g., Cucumber) experience
• GitHub repository experience
• Cache (e.g., Redis) system design
• Cloud engineering experience

Desired Qualifications:
• Any cloud vendor certification
• Kubernetes experience
• Docker experience
• OpenShift experience
• GitHub Action experience

Job Expectations:
• 25% Travel

Pay Range

Reflected is the base pay range offered for this position. Pay may vary depending on factors including but not limited to achievements, skills, experience, or work location. The range listed is just one component of the compensation package offered to candidates.

$84,000.00 - $179,200.00

Benefits

Wells Fargo provides eligible employees with a comprehensive set of benefits, many of which are listed below. Visit Benefits - Wells Fargo Jobs for an overview of the following benefit plans and programs offered to employees.
• Health benefits
• 401(k) Plan
• Paid time off
• Disability benefits
• Life insurance, critical illness insurance, and accident insurance
• Parental leave
• Critical caregiving leave
• Discounts and savings
• Commuter benefits
• Tuition reimbursement
• Scholarships for dependent children
• Adoption reimbursement

Posting End Date:

6 Feb 2025
• Job posting may come down early due to volume of applicants.

We Value Diversity

At Wells Fargo, we believe in diversity, equity and inclusion in the workplace; accordingly, we welcome applications for employment from all qualified candidates, regardless of race, color, gender, national origin, religion, age, sexual orientation, gender identity, gender expression, genetic information, individuals with disabilities, pregnancy, marital status, status as a protected veteran or any other status protected by applicable law.

Employees support our focus on building strong customer relationships balanced with a strong risk mitigating and compliance-driven culture which firmly establishes those disciplines as critical to the success of our customers and company. They are accountable for execution of all applicable risk programs (Credit, Market, Financial Crimes, Operational, Regulatory Compliance), which includes effectively following and adhering to applicable Wells Fargo policies and procedures, appropriately fulfilling risk and compliance obligations, timely and effective escalation and remediation of issues, and making sound risk decisions. There is emphasis on proactive monitoring, governance, risk identification and escalation, as well as making sound risk decisions commensurate with the business unit's risk appetite and all risk and compliance program requirements.

Candidates applying to job openings posted in US: All qualified applicants will receive consideration for employment without regard to race, color, religion, sex, sexual orientation, gender identity, national origin, disability, status as a protected veteran, or any other legally protected characteristic.

Applicants With Disabilities

To request a medical accommodation during the application or interview process, visit Disability Inclusion at Wells Fargo .

Drug and Alcohol Policy

Wells Fargo maintains a drug free workplace. Please see our Drug and Alcohol Policy to learn more.

Wells Fargo Recruitment And Hiring Requirements
• Third-Party recordings are prohibited unless authorized by Wells Fargo.
• Wells Fargo requires you to directly represent your own experiences during the recruiting and hiring process.

Reference Number

R-431313-1","","","","","","","",""
"go-odAVLbIwUW701clpAAAAAA==","google","https://www.linkedin.com/jobs/view/embedded-engineer-at-efficient-computer-4140337224?utm_campaign=google_jobs_apply&utm_source=google_jobs_apply&utm_medium=organic","","Embedded Engineer","Efficient Computer","San Francisco, CA, United States","2025-01-13","","","","","","",False,"","","","","Efficient’s Embedded Engineer will design and implement applications to run on the world’s most energy-efficient programmable processor. Efficient is a microprocessor company, so our embedded engineers do a lot more than just writing firmware. We write code to test our new processors in the pre-silicon phase, validate new microchips after they arrive from the factory, work with the compiler team to ensure we're maximizing performance of the chips, design test fixtures and dev boards, and write the SDK that's used by our customers. This position is a unique opportunity to develop applications for cutting-edge hardware as part of a highly interdisciplinary team, helping to demonstrate the value of Efficient’s breakthrough technology. If you are an engineer who wants to be part of an intensely skilled team and wants to have an immediate impact building the next generation of energy-efficient embedded applications, this is for you!

Key Responsibilities
• Develop embedded applications working from customer requirements, existing specifications, and existing code
• Deploy applications to Efficient’s processor targets, in software simulation, RTL emulation, and silicon implementation
• Design and bringup of prototype boards. Writing prototype firmware.
• Build out a low level SDK for Efficient’s processor and maintain a set of standard libraries
• Contribute to Efficient’s software ecosystem, including optimized libraries for embedded TinyML, standard DSP kernels, and other common operations
• Validate and measure performance and energy characteristics based on customer application requirements
• Work closely with compiler team to test and refine compiler feature set

Required Qualifications & Experience Requirements
• Must be an excellent embedded engineer with 2+ years of experience
• Experience debugging prototypes at the hardware level.
• 2+ years of experience with C and/or C++.
• Deep knowledge of at least one embedded platform, such as MSP430, STM32, Ambiq Apollo, PIC32, or similar
• Experience developing and deploying applications under resource constraints
• Experience using non-standard build environments and compiler toolchains, especially for embedded systems
• Experience using industry standard development and debugging tools for embedded development
• Strong attention to detail, good work ethic, ability to work on multiple projects simultaneously, and good communication skills
• Good problem solving skills

Desired Qualifications & Experience Requirements
• Experience building TinyML models and deploying models under severe resource constraints (e.g. limited memory)
• Experience writing optimized BLAS and DSP kernels
• Experience with compiler development, including LLVM and/or MLIR
• Experience with PCB board design using industry standard CAD tools like Altium or similar
• Knowledge of computer architecture","","","","","","","",""
"go-vYV1cclfFq9F3MCRAAAAAA==","google","https://www.monster.com/job-openings/flight-software-engineer-san-francisco-ca--55128da6-f69c-4a3c-819b-aefef45f8205?utm_campaign=google_jobs_apply&utm_source=google_jobs_apply&utm_medium=organic","","Flight software engineer","Aegis Search","San Francisco, CA, United States","2025-01-13","fulltime","description","yearly",150000.0,200000.0,"USD",False,"","","","","We are currently recruiting for a Flight Software Engineer to join a well-funded start up in San Francisco who are looking for an engineer to help them in the design and development of their genuinely groundbreaking product. You will be working for a company that prides itself on being engineer led and having a heavy R&D focus.

This role would suit a candidate who enjoys getting in at the ground level of an early stage start up and who wants to build a flight software stack from the ground up.

The base salary for this role is in the region of $150k - $200k, with equity and health coverage on top. This role requires you to be based full time on site in San Francisco, five days a week.

Experience working in a similar role in a high growth start up would be highly beneficial.

You will ideally have worked with:
• C++ or Rust
• Flight software
• Linux, including working at kernel level
• RTOS
• Full lifecycle design including test
• Designing high reliability software
• Hardware knowledge

Please send in an up to date resume to apply

About the Company:
Aegis Search","","","","","","","",""
"go-U9Qpr_Xq-D66r9BAAAAAAA==","google","https://jobs.ashbyhq.com/crusoe/8c46cd94-3397-4ce6-a430-03b63336eeec?utm_campaign=google_jobs_apply&utm_source=google_jobs_apply&utm_medium=organic","","Senior+ Software Engineer, Storage","Crusoe","San Francisco, CA, United States","2025-01-13","","description","yearly",155000.0,250000.0,"USD",False,"","","","","Crusoe is building the World’s Favorite AI-first Cloud infrastructure company. We’re pioneering vertically integrated, purpose-built AI infrastructure solutions trusted by Fortune 500 companies to power their most advanced AI applications. Crusoe is redefining AI cloud infrastructure, with a mission to align the future of computing with the future of the climate. Our AI platform is recognized as the ""gold standard"" for reliability and performance. Our data centers are optimized for AI workloads and are powered by clean, renewable energy.

Be part of the AI revolution with sustainable technology at Crusoe. Here, you'll drive meaningful innovation, make a tangible impact, and join a team that’s setting the pace for responsible, transformative cloud infrastructure.

About This Role:

The Cloud Storage team at Crusoe seeks a Staff Software Engineer to lead the development and execution of our storage strategy. This role will be instrumental in driving innovation and performance improvements within our cloud storage infrastructure. You will work extensively with cloud storage primitives, utilizing advanced storage engineering concepts to build and operate high-performance, scalable, and reliable storage solutions.

What You’ll Be Working On:
• Lead Engineering Efforts: Lead engineering efforts on cloud storage features by collaborating with product and engineering to define and execute features on the roadmap.
• Software Development: Write and review code, generate and review design documentation. Participate in qualifications and rollouts of software across the stack journeying from bare metal to user-facing APIs.
• Technical Leadership: Guide the engineering team through architecture decisions, design processes, design reviews, code reviews, and implementation tasks.
• Team Mentorship: Mentor and grow engineers on your team, fostering an environment of teamwork and continuous learning.
• Cross-Team Collaboration: Champion and lead initiatives across the engineering organization such as tech talks, open source development, and book clubs.
• Performance Optimization: Benchmark, analyze, and improve scale, performance, and resiliency issues.

What You’ll Bring to the Team:
• Cloud Storage Expertise: Hands-on experience building and operating large scale, complex distributed cloud computing infrastructure products. Preferably, experience building redundant and fault tolerant storage solutions with backups, replication, encryption, and data protection mechanisms.
• Software Engineering Fundamentals: Knowledge of professional software engineering practices and best practices for the full software development life cycle, including coding standards, code reviews, source control management, build processes, testing, and operations.
• Technical Proficiency: Strong experience with at least one application programming language like Java or Go. Exposure to Infrastructure as Code tooling with any of Ansible, Chef, Puppet, and/or Terraform. Knowledge of Linux Systems Internals and computer architecture.
• Communication & Collaboration: Strong communication and collaboration skills.
• Safety and Compliance: Must be able to pass a background check.

Bonus Points:
• Storage Technologies: Hands-on experience with storage technologies such as NVMe, SSDs, and distributed storage systems.
• Storage Protocols: In-depth understanding in at least one of block storage, object storage, and/or file storage. Familiarity with storage protocols like NFS, SMB, iSCSI, and NVMe-oF.
• Open Source Contributions: Demonstrated track record of contributions to the open source community (e.g., Ceph, GlusterFS, OpenEBS).
• System Programming: Proven experience in system programming with C, C++, and/or Rust.
• Networking: An understanding of physical and software-defined networking concepts.
• Education: Advanced degree in Computer Science, Engineering, or a related field.

Benefits:
• Hybrid work schedule
• Industry competitive pay
• Restricted Stock Units in a fast growing, well-funded technology company
• Health insurance package options that include HDHP and PPO, vision, and dental for you and your dependents
• Employer contributions to HSA accounts
• Paid Parental Leave
• Paid life insurance, short-term and long-term disability
• Teladoc
• 401(k) with a 100% match up to 4% of salary
• Generous paid time off and holiday schedule
• Cell phone reimbursement
• Tuition reimbursement
• Subscription to the Calm app
• MetLife Legal
• Company paid commuter benefit; $50 per pay period

Compensation Range:
Compensation will be paid in the range of $155-250k base. Restricted Stock Units are included in all offers. Compensation to be determined by the applicants knowledge, education, and abilities, as well as internal equity and alignment with market data.

Crusoe is an Equal Opportunity Employer. Employment decisions are made without regard to race, color, religion, disability, genetic information, pregnancy, citizenship, marital status, sex/gender, sexual preference/ orientation, gender identity, age, veteran status, national origin, or any other status protected by law or regulation.","","","","","","","",""
"go-SGMXSlDItAoVb7k7AAAAAA==","google","https://www.learn4good.com/jobs/san-francisco/california/software_development/3919742371/e/?utm_campaign=google_jobs_apply&utm_source=google_jobs_apply&utm_medium=organic","","Software Engineer​/Senior","Modern Treasury","San Francisco, CA, United States","2025-01-13","","","","","","",True,"","","","","Position: Software Engineer (Senior)
OVERVIEW This position can be based out of San Francisco, New York, or remote (we accept candidates from the following states: AZ, CA, CO, CT, FL, GA, HI, IL, MA, MI, MN, MT, NC, NJ, NV, NY, OH, OK, OR, PA, TX, UT, WA, WI).We're looking for Software Engineers to join our Engineering team. In this role, you will build innovative payments products that delight both engineering and finance teams.

As an early member of the engineering team, you will help shape the engineering culture of a fast-growing startup.

The core platform at Modern Treasury sits between our customers and their banks. In the same way that Twilio abstracted away the complexity of working with communication networks, we have built an easy-to-use, common interface into the banking system. Our customers use our products to do things like move money to or from their users, automate back-office work, and record their transaction ledgers.

The companies that can use Modern Treasury move over $750 trillion a year via bank payments, as compared to only $2 trillion per year on card payments.

Our API is often the most critical piece of infrastructure that our customers use. We place a premium on building robust, scalable systems that can sustain a high volume of API calls and exceed the reliability requirements to move money complement this with well-thought out interfaces for our users and pride in writing quality

API docs.

We believe in using the best tool for the job, rather than always using open source or building things ourselves. We actively embrace open source in parts of our system but aren't afraid to roll our own solution for things like writing and parsing bank files. We also contribute to open source (for example,).In addition to our API, we have had a web platform since day 1 that is used by accountants, controllers, and engineers.

They use our platform to do things like manage payment workflows and monitor their business. As an engineer, you will work with our product team to build products and features for these users.

ABOUT MODERN TREASURY Modern Treasury is the operating system for money movement. Our payment operations platform combines a suite of APIs and dashboards to help companies unlock new payments revenue, strengthen customer experiences, and drive efficiency through their business. Our end-to-end platform moves enterprises forward with faster payments, efficient workflows, full data visibility, and seamless bank integrations.

WEEK BY WEEK During your first week you will:

Get to know our leadership, culture, and values

Onboard with the engineering team

Ship your first commit on day 1

Take on 1-2 small tickets to address bugs or make minor improvements

Read our favorite industry primers

During your first six weeks you will:

Ship your first major project

Write your first blog post. We love writing at Modern Treasury (and have been on the front page of Hacker News multiple times with posts like""What Happens When You ACH a Dead Person?"" and""How to Build an Insurance Company"")Shadow a few customer and partner meetings every week During your first six months you will:

Work with our product team to scope and ship products for both our engineering and finance users

Help grow our team by mentoring new engineers, writing internal tooling and documentation, and interviewing new hires

WHAT YOU SHOULD HAVE5+ years of professional software engineering experience

Experience working with SQL/Relational databases

Experience working with large-scale, high-availability systems

TECHNOLOGIES WE USERuby on Rails for our backend framework

React, Graph

QL, and Tailwind CSS on the front end Postgres for our database

Redis for caching

AWS for infrastructure and hosting

Docker for containerization

GitHub for source code management

Buildkite for continuous integration

Modern Treasury is committed to equal employment opportunity and does not discriminate in any employment opportunities or practices based on an individual's race, color, creed, gender (including gender identity and gender expression), religion (all aspects of religious beliefs, observance or practice, including religious dress or grooming practices), marital status, registered domestic partner…","","","","","","","",""
"go-BJv5BolPsYoy41fEAAAAAA==","google","https://www.learn4good.com/jobs/san-francisco/california/software_development/3918919035/e/?utm_campaign=google_jobs_apply&utm_source=google_jobs_apply&utm_medium=organic","","Software Engineer​/iOS","Tbwa Chiat/Day Inc","San Francisco, CA, United States","2025-01-13","","","","","","",False,"","","","","Position: Staff Software Engineer (iOS)

VSCO (pronounced vis–co) is a platform that equips photographers with the tools, community, and exposure they need to expand creatively and professionally. VSCO maintains a rich and authentic creative environment that serves photographers at all levels – preserving a home for creative opportunity, inspiration, and connection.

At VSCO, our mission is to nurture creativity so you can make it. We empower photographers to connect with other creatives and businesses with our suite of creative tools that spans from mobile to desktop and across our global community. We are looking for humble overachievers and self-starters who are naturally curious, highly organized, and thrive in a fast-paced, ever-changing environment.

We foster a culture of collaboration, inclusion, ambition, and progress.

About The Role

VSCO is looking for a Staff Software Engineer to help us build a React Native application from the ground up. This is a critical tech leadership role where you will be one of the first to help us build a React Native cross-platform mobile application that empowers aspiring and professional photographers to nurture their creativity so they can make it! We envision the technology built to be the start of a new foundation for VSCO’s mobile app development that allows for OTA updates, sharing React components with VSCO’s web products, and builds cross-platform solutions where possible to deliver ongoing features across iOS and Android without separate native apps.

In This Role, You Will
• Collaborate with cross-functional team members in the conception, planning, and implementation of our first React Native app
• Architect and implement best-fit solutions aligned with the company's strategy to deliver maximum value to our creators
• Build clean, testable, maintainable, and idiomatic code, and drive the team forward in relation to code quality
• Deliver solutions both in collaboration with other engineers or independently, depending on the scope and schedule of the project

Qualifications
• 5+ years of experience working on multi-platform mobile applications using React Native
• Preferred experience building React Native applications from the ground up that have been published to the App Store and have scaled to millions of users
• Experience with Expo framework
• Understanding and technical application of clean architecture and modularization, to deliver testable and scalable software
• Experience owning application development end-to-end from initial prototypes to customer roll out
• Professional experience working on mobile consumer applications
• Cross-functional experience collaborating closely with designers and product managers
• Experience collaborating with other engineers: iOS, Android, server, and web

Why VSCO?

We value the creative process and our employees’ opinions — input is encouraged, regardless of your position or title. We want to work with people who are driven and demonstrate initiative in taking our mission to the next level.

We believe in building a safe place for creative expression and celebrating that which makes us human, welcoming unique and personal backgrounds and experiences. We’re proud to foster diverse perspectives within VSCO as we continue to build an inclusive culture.

Compensation

The base salary for this position may vary based on several factors, including the approved job level. The base salary range for this role is $,000. Salary is one component of our total compensation package. This position also qualifies for equity (i.e. stock options) and is eligible for discretionary bonuses based on performance. The benefits available for this position include flexible time off, a 401K retirement plan, insurance (medical, dental, vision, life/AD&D, short and long term disability), and 11 paid holidays.

We also provide paid sick time as required by state and local law. Additional benefits and perks contained in our standard employee benefits package are also offered for this position.
#J-18808-Ljbffr","","","","","","","",""
"go-GbKBT59ZSR8P3X8OAAAAAA==","google","https://careers.adobe.com/us/en/job/R152806/Sr-Software-Development-Engineer-Customer-Success?utm_campaign=google_jobs_apply&utm_source=google_jobs_apply&utm_medium=organic","","Sr Software Development Engineer- Customer Success","Adobe","San Jose, CA, United States","2025-01-13","","","","","","",False,"","","","accommodations@adobe.com","JOB LEVEL
P50

ADDITIONAL JOB LEVELS
P40

-

EMPLOYEE ROLE
Individual Contributor

Changing the world through digital experiences is what Adobe’s all about. We give everyone—from emerging artists to global brands—everything they need to design and deliver exceptional digital experiences! We’re passionate about empowering people to create beautiful and powerful images, videos, and apps, and transform how companies interact with customers across every screen.

We’re on a mission to hire the very best and are committed to creating exceptional employee experiences where everyone is respected and has access to equal opportunity. We realize that new ideas can come from everywhere in the organization, and we know the next big idea could be yours!
The Opportunity

The Real-time Customer Data Platform (RT-CDP) empowers worldwide businesses to unify and activate customer data in real-time across channels, enabling personalized and impactful experiences for digital marketing at scale.

We are looking for a Senior Customer Engineer who combines technical expertise with strong problem-solving skills and customer-centric thinking. You’ll dive into the full-stack complexity of RT-CDP business flows for customer issues and proactively build tools that prevent future support needs.
What You’ll Do:
• Technical Fixing and Resolution: Identify and resolve customer issues related to RT-CDP addressing customer struggles at their root.
• Build Tools and Preventive Solutions: Build and optimize internal tools and scripts to enhance the observability of complex business flows.
• Collaborate with customers and internal support teams to offer expert guidance on platform functionality, resolve complex configurations.
• Cross-Team Collaboration: Partner with engineering, product management, and customer support to drive resolution of complex cases, while also creating a feedback loop to transform recurring implementation challenges into product improvements and feature development.
• Technical Communication: Translate complex technical concepts into clear, actionable steps for multiple types of audiences, ensuring customers and collaborators are informed and empowered.
What you need to succeed:
• Bachelor's degree in computer science or equivalent experience: 8+ years of experience in the software development industry.
• Customer Support Experience: Proven experience in a customer support environment, focusing on debugging and resolving complex issues within service level goals.
• Communication Skills: Excellent written and verbal communication skills, with the ability to convey technical information clearly to both technical and non-technical audiences, including those across different geographical locations.
• Full-Stack Development: Expertise in JavaScript, HTML, and backend technologies such as Java or Python to debug and resolve system issues.
• Data Management: Experience with SQL, NoSQL, and data modeling to analyze and address data-related issues.
• API Integration: Expertise in RESTful APIs, OAuth, and system integrations to ensure seamless data flow and resolve integration issues.
• Cloud & Distributed Systems: Familiarity with cloud platforms (e.g., AWS, Azure) and containerization tools like Docker and Kubernetes for managing scalable environments.
• Monitoring & Automation: Experience with logging tools (e.g., Splunk, ELK) and monitoring tools (e.g., Prometheus, Grafana) for tracking system health and automating tasks.
• Advanced Debugging: Strong ability to diagnose end-to-end business flow issues and work with engineering teams to resolve complex technical problems.
• Analytical and Problem-Solving Skills: Strong analytical skills with a creative, out-of-the-box approach to solving technical challenges.
• Proactive Mentality: A passion for continuous learning and professional growth, demonstrating a proactive mentality towards problem-solving and development.
Bonus
• Experience with big data technologies such as Apache Spark, and proficiency in using tools like Jupyter and Databricks notebooks for data analysis and processing.
• Experience with Adobe Experience Cloud: Previous experience in implementing or supporting AEC solutions, particularly with RT-CDP, Adobe Analytics, or related products.
• Digital Marketing Knowledge: Familiarity with the digital marketing ecosystem, including trends, technologies, and how customer data platforms (CDPs) integrate with digital marketing strategies.

Our compensation reflects the cost of labor across several  U.S. geographic markets, and we pay differently based on those defined markets. The U.S. pay range for this position is $153,600 -- $286,600 annually. Pay within this range varies by work location and may also depend on job-related knowledge, skills, and experience. Your recruiter can share more about the specific salary range for the job location during the hiring process.

At Adobe, for sales roles starting salaries are expressed as total target compensation (TTC = base + commission), and short-term incentives are in the form of sales commission plans. Non-sales roles starting salaries are expressed as base salary and short-term incentives are in the form of the Annual Incentive Plan (AIP).

In addition, certain roles may be eligible for long-term incentives in the form of a new hire equity award.

Adobe will consider qualified applicants with arrest or conviction records for employment in accordance with state and local laws and “fair chance” ordinances.

Internal Opportunities

Creativity, curiosity, and constant learning are celebrated aspects of your career growth journey. We’re glad that you’re pursuing a new opportunity at Adobe!

Put your best foot forward:

1. Update your Resume/CV and Workday profile – don’t forget to include your uniquely ‘Adobe’ experiences and volunteer work.

2. Visit the Internal Mobility page on Inside Adobe to learn more about the process and set up a job alert for roles you’re interested in.

3. Check out these tips to help you prep for interviews.

4. If you are applying for a role outside of your current country, ensure you review the International Resources for Relocating Employees on Inside Adobe, including the impacts to your Benefits, AIP, Equity & Payroll.

Once you apply for a role via Workday, the Talent Team will reach out to you within 2 weeks. If you move into the official interview process with the hiring team, make sure you inform your manager so they can champion your career growth.

At Adobe, you will be immersed in an exceptional work environment that is recognized around the world. You will also be surrounded by colleagues who are committed to helping each other grow through our unique Check-In approach where ongoing feedback flows freely. If you’re looking to make an impact, Adobe's the place for you. Discover what our employees are saying about their career experiences on the Adobe Life blog and explore the meaningful benefits we offer.

Adobe is an equal opportunity and affirmative action employer. We welcome and encourage diversity in the workplace regardless of gender, race or color, ethnicity or national origin, age, disability, religion, sexual orientation, gender identity or expression, veteran status, or any other characteristics protected by law.

If you have a disability or special need that requires accommodation to navigate our internal careers site or to complete the application process, please contact accommodations@adobe.com.","","","","","","","",""
"go-TCGkCaRMRPIE9_YDAAAAAA==","google","https://www.linkedin.com/jobs/view/software-engineer-i-fullstack-at-pinterest-4140313501?utm_campaign=google_jobs_apply&utm_source=google_jobs_apply&utm_medium=organic","","Software Engineer I, Fullstack","Pinterest","San Francisco, CA, United States","2025-01-12","","description","yearly",98693.0,203191.0,"USD",False,"","","","","About Pinterest

Millions of people across the world come to Pinterest to find new ideas every day. It’s where they get inspiration, dream about new possibilities and plan for what matters most. Our mission is to help those people find their inspiration and create a life they love. In your role, you’ll be challenged to take on work that upholds this mission and pushes Pinterest forward. You’ll grow as a person and leader in your field, all the while helping Pinners make their lives better in the positive corner of the internet.

Creating a life you love also means finding a career that celebrates the unique perspectives and experiences that you bring. As you read through the expectations of the position, consider how your skills and experiences may complement the responsibilities of the role. We encourage you to think through your relevant and transferable skills from prior experiences.

Our new progressive work model is called PinFlex, a term that’s uniquely Pinterest to describe our flexible approach to living and working. Visit our PinFlex landing page to learn more.

We are looking for inquisitive, well-rounded Full-stack engineers to join our engineering teams. Working closely with product managers, designers, and backend engineers, you’ll play an important role in enabling the newest technologies and experiences. You will build robust frameworks & features. You will empower both developers and Pinners alike. You’ll have the opportunity to find creative solutions to thought-provoking problems. Even better, because we covet the kind of courageous thinking that’s required in order for big bets and smart risks to pay off, you’ll be invited to create and drive new initiatives, seeing them from inception through to technical design, implementation, and release.

What You’ll Do
• Build out full-stack Pinner-facing features to power the future of inspiration on Pinterest
• Contribute to and lead each step of the product development process, from ideation to implementation to release; from rapidly prototyping, running A/B tests, to architecting and building solutions that can scale to support millions of users
• Partner with design, product, and backend teams to build end-to-end functionality
• Put on your Pinner hat to suggest new product ideas and features
• Employ automated testing to build features with a high degree of technical quality, taking responsibility for the components and features you develop
• Grow as an engineer by working with world-class peers on varied and high impact projects

What We’re Looking For
• Bachelor’s degree in Computer Science, a related field or equivalent experience
• 1+ year of industry full-stack development experience, building consumer or business facing products
• Proficiency in one or more common backend and frontend tech stacks: e.g. Javascript, React, API, storage, caching and data processing
• Experience in following best practices in writing reliable and maintainable code that may be used by many other engineers
• Ability to keep up-to-date with new technologies to understand what should be incorporated
• Strong collaboration and communication skills

In-Office Requirement Statement
• We let the type of work you do guide the collaboration style. That means we're not always working in an office, but we continue to gather for key moments of collaboration and connection.
• This role will need to be in the office for in-person collaboration 1-2 times every 6 months and therefore can be situated anywhere in the country.

Relocation Statement:
• This position is not eligible for relocation assistance. Visit our PinFlex page to learn more about our working model.

At Pinterest we believe the workplace should be equitable, inclusive, and inspiring for every employee. In an effort to provide greater transparency, we are sharing the base salary range for this position. The position is also eligible for equity. Final salary is based on a number of factors including location, travel, relevant prior experience, or particular skills and expertise.

Information regarding the culture at Pinterest and benefits available for this position can be found here.

US based applicants only

$98,693—$203,191 USD

Our Commitment To Diversity

Pinterest is an equal opportunity employer and makes employment decisions on the basis of merit. We want to have the best qualified people in every job. All qualified applicants will receive consideration for employment without regard to race, color, ancestry, national origin, religion or religious creed, sex (including pregnancy, childbirth, or related medical conditions), sexual orientation, gender, gender identity, gender expression, age, marital status, status as a protected veteran, physical or mental disability, medical condition, genetic information or characteristics (or those of a family member) or any other consideration made unlawful by applicable federal, state or local laws. We also consider qualified applicants regardless of criminal histories, consistent with legal requirements. If you require a medical or religious accommodation during the job application process, please complete this form for support.","","","","","","","",""
"go-35jruaeSZF-DkeE7AAAAAA==","google","https://www.linkedin.com/jobs/view/firmware-engineer-lyft-urban-solutions-at-lyft-4140303850?utm_campaign=google_jobs_apply&utm_source=google_jobs_apply&utm_medium=organic","","Firmware Engineer, Lyft Urban Solutions","Lyft","San Francisco, CA, United States","2025-01-11","","description","yearly",128000.0,175500.0,"USD",False,"","","","","At Lyft, our purpose is to serve and connect. To do this, we start with our own community by creating an open, inclusive, and diverse organization.

The Lyft Urban Solutions (LUS) Firmware Engineer role is key in the development and delivery of Lyft’s micromobility hardware offerings, including electric bikes, scooters, batteries, stations, and more! We are looking for a Firmware Engineer who brings exceptional technical skills to contribute in NPI (New Product Introduction) and fleet sustainability programs that unlock value for the cities across the globe that use our products. Firmware Engineers at Lyft collaborate closely with hardware, operations, and manufacturing teams, necessitating strong technical expertise, leadership, and communication skills. They are proactive problem solvers who drive initiatives forward, ensuring the successful delivery of key results that significantly impact the business.

Responsibilities:
• Develop features for embedded systems across our Micromobility product line(vehicles, docks, internal tools)
• Work with cross-functional teams to prototype, develop, and take to production, our next generation of world-class mobility products
• Work on refinements and updates to to improve the overall experience on existing products

Experience:
• Bachelor’s degree in Computer Science or related field
• 2+ Years developing in C/C++ for embedded systems
• Familiarity with using Python for scripting and automated-test
• Experience using an embedded real-time OS (FreeRTOS, ThreadX, etc)
• Understanding of low-level OS concepts(memory management, scheduling, threads, interrupts)
• Familiarity with ARM Cortex-M line of processors
• Hands-on experience in supporting electrical bring-up and debugging
• Strong embedded debugging skills including ability to use debug probes, signal analyzers, oscilloscopes and power analyzers
• Experience translating product needs into actionable schedules
• Strong communications skills for articulating technical approaches and sharing out risk and progress to non-technical audiences
• Strong understanding of distributed systems concepts

Benefits:
• Great medical, dental, and vision insurance options with additional programs available when enrolled
• Mental health benefits
• Family building benefits
• Child care and pet benefits
• 401(k) plan to help save for your future
• In addition to 12 observed holidays, salaried team members have discretionary paid time off, hourly team members have 15 days paid time off
• 18 weeks of paid parental leave. Biological, adoptive, and foster parents are all eligible
• Subsidized commuter benefits
• Lyft Pink - Lyft team members get an exclusive opportunity to test new benefits of our Ridership Program

Lyft is an equal opportunity/affirmative action employer committed to an inclusive and diverse workplace. All qualified applicants will receive consideration for employment without regards to race, color, religion, sex, sexual orientation, gender identity, national origin, disability status, protected veteran status or any other basis prohibited by law. We also consider qualified applicants with criminal histories consistent with applicable federal, state and local law.

This role will be in-office on a hybrid schedule — Team Members will be expected to work in the office 3 days per week on Mondays, Wednesdays, and Thursdays. Additionally, hybrid roles have the flexibility to work from anywhere for up to 4 weeks per year. #Hybrid

The expected base pay range for this position in the San Francisco area is $128,000 - $175,500. Salary ranges are dependent on a variety of factors, including qualifications, experience and geographic location. Range is not inclusive of potential equity offering, bonus or benefits. Your recruiter can share more information about the salary range specific to your working location and other factors during the hiring process.","","","","","","","",""
"go-L4cFs9ANA409dF0VAAAAAA==","google","https://www.linkedin.com/jobs/view/senior-kubernetes-engineer-at-infostride-4140302558?utm_campaign=google_jobs_apply&utm_source=google_jobs_apply&utm_medium=organic","","Senior Kubernetes Engineer","InfoStride","San Francisco, CA, United States","2025-01-11","","","","","","",True,"","","","","Title: Sr. Kubernetes Engineer

Location: San Francisco CA

Duration: 12 + months

Description:

Duration: EOY

Location: Remote

Job Description:

TestDome (Go & Python)

2 - 45 min coding rounds (1st round with an engineer for 45 minutes, small break, then 2nd round with a different engineer for 45 minutes) ***the coding would be around: data structure and algorithms, language would be candidates choice (either Go or Python). They will be looking for good clean code and evaluating their problem solving process.***

Notes:

This candidate will be focused on making the platform more efficient

doesn't need to have experience with migration for this role.

If the candidate is coming from other tech companies they should have the level of exp needed with Kubernetes.

will be aligned to a high profile multi-year project

What they will be doing:

Operational support and feature development for their Quota/Capacity management

Process user quota/capacity requests

Run capacity planning tool until the tool is fully automated

Develop quota/CRD cost prediction feature with UI support for onboarding and cost efficiency enhancement

Support development of projects control plane CICD pipeline

Integrate pipeline with ACA and Changefeed

Support managing the projects components IAC repo, includes pre-commit, post-commit validation, defining github actions to trigger CICD pipeline.

Support development of projects visibility

Upgrade dashboard for better support on call tasks

[Stretch] Refine CRD status error messages to be more user-friendly.

Minimum Skills:

Experience in testing, deploying, operating large-scale micro services or applications (SRE background is preferred)

Familiar with Kubernetes. Experience in k8s compute resource management mechanism and control plane admin.

Important:

Experience in DevOps, system monitoring, platform admin

Experience in Infrastructure as Code (Terraform, Puppet, Chef, etc.)

Familiar with Github and Github Actions

Nice to have:

Familiar with AWS (EC2, ASG)

Familiar with microservice CICD best practice

Experience in frontend development

Familiar with container orchestration systems (EKS, etc.) background in general

Scripting/Language Skills:

Minimum: Go, Python

Important: React, TypeScript/JavaScript, EspressJS, CSS, REST","","","","","","","",""
"go-W20CfIiKlNDsnvxAAAAAAA==","google","https://us.bebee.com/job/6aade49ad52a1fd09624a5dbb1f0108b?utm_campaign=google_jobs_apply&utm_source=google_jobs_apply&utm_medium=organic","","Rust and Substrate Software Engineer","Analog","San Francisco, CA, United States","2025-01-11","","","","","","",False,"","","","","Unlock the Omnichain Future
"">

Join us at Analog as we push the boundaries of blockchain technology by developing a true Layer-0 network that unlocks the omnichain future.
"">

We're seeking a seasoned Substrate and Rust developer to join our team and contribute to our groundbreaking Blockchain proof of concept.
"">

In this role, you'll be responsible for developing key components of the Timechain development, collaborating with the research and product teams to drive project execution and steer engineering efforts toward strategic milestones.
"">

"">
"">
• Develop core modules of the Timechain development"">
• Collaborate with cross-functional teams to drive project execution and steering"">
• Take full ownership of assigned modules, ensuring exceptional quality, stability, and test coverage"">
• Participate in Test Driven Development to guarantee quality and reliability through automated testing"">
• Engage proactively with colleagues, including regular meetings and discussions on related topics"">
• Mentor junior developers and cultivate a culture of innovation and technical excellence"">
• Facilitate collaboration between the Product and development teams to execute Product development objectives"">
• Contribute to and review product change proposals for assigned modules, maintaining high architectural quality"">
• Stay current with industry trends and innovations, contributing fresh perspectives to the team"">
"">

"">
"">
• 5+ years of experience in computer science, preferably low-level"">
• Advanced knowledge of core system programming languages & concepts, particularly with Rust and Substrate"">
• 2+ years of experience in blockchain, consensus protocols, decentralized systems, applied cryptography, compilers, p2p, or similar systems"">
• A minimum of 1+ year experience in Substrate"">
• Hands-on experience with Tailored system applications in Rust, Substrate, Go, or C++"">
• Proficiency with Network Protocols, i.e. HTTP/2, TCP/2, P2P, IPFS"">
• Experience in architecture and implementation of use case-specific network protocol or database is highly valued"">
"">

"">
"">
• Competitive salary and token compensation with significant growth potential"">
• Be part of a pioneering protocol in the blockchain space"">
• Grow your career in Web3 - the future of the internet"">
• Collaborate with experienced professionals from top tech companies worldwide"">
• Enjoy flexible working hours and a supportive working environment"">
"">

At Analog, we value diversity, equity, and inclusion in our workplace, providing equal opportunities for everyone.","","","","","","","",""
"go-y-P6Vyqh4x3pZE8AAAAAAA==","google","https://www.linkedin.com/jobs/view/lead-front-end-engineer-at-stealth-startup-4139753626?utm_campaign=google_jobs_apply&utm_source=google_jobs_apply&utm_medium=organic","","Lead Front-End Engineer","Stealth Startup","San Francisco, CA, United States","2025-01-09","","","","","","",True,"","","","jobs@sagelabs.ai","We believe that a great product can be made even greater by an excellent and caring team. If that's you, we want to hear from you

Lead Front-End Engineer

Location: Remote / San Francisco

Type: Full-Time

This role is listed as remote, but we have a strong preference for candidates based in San Francisco or those open to relocating.

Are you the kind of engineer who sees code as art? Do you obsess over every pixel, every motion, every interaction? Are you driven to build experiences that not only work flawlessly at scale but also look and feel amazing? If you’re nodding along, we’re looking for you.

We’re a stealth-mode startup backed by the biggest names in tech. Our mission is to change how people discover and shop, and we need a Lead Front-End Engineer who can take the reins on design, motion, and scalability to craft interfaces that leave users speechless.

As The Lead Front-End Engineer You’ll Be
• Design for Delight: Creating interfaces that are visually stunning and bring them to life with dynamic, cutting-edge motion.
• Build for Scale: Architecting systems that handle huge audiences without a hiccup. Speed and reliability are your bread and butter.
• Lead the Front-End Vision: Owning everything web and mobile, setting the tone for creativity, performance, and usability.
• Collaborate Across Disciplines: Working hand-in-hand with product and design to push the boundaries of what’s possible.
• Innovate with Motion: Integrating animation and motion into UI to create experiences that feel alive and intuitive.
• Experiment Relentlessly: Staying at the forefront of front-end tech, constantly exploring new tools, frameworks, and ideas.

What You’ll Bring (Your Toolkit)

You’ll thrive in this role if you:
• Master React & React Native: You’re fluent in modern frameworks and can wield them like an artist uses a brush.
• Have Design Intuition: You know what makes a UI not just functional but downright beautiful. Bonus if you’ve worked with motion graphics libraries or tools.
• Are Built for Speed: You work fast but with purpose, balancing speed with attention to detail.
• Think Big, Build Bigger: You’ve built systems that scale, performing flawlessly for large audiences.
• Obsess Over Motion: Animation, transitions, and micro-interactions are part of your creative arsenal.
• Are a Team Player: You love collaborating with designers and other engineers to make the impossible possible.
• Thrive on Challenges: You’re excited by ambiguity and love finding elegant solutions to complex problems.

Why You’ll Love It Here
• Creative Freedom: Push boundaries, experiment, and shape how people interact with our platform.
• Ownership: Lead all front-end efforts, from design concepts to large-scale implementation.
• Impact: Your work will directly define the experience for every user.
• Innovation: Be at the forefront of web and mobile development, working with the latest tools and techniques.
• Flexibility: Remote-friendly, with trust in you to manage your time and projects.
• Collaboration: Work alongside a passionate, ambitious team that’s serious about building something extraordinary.

How To Apply (Your First Creation)

We’re excited to meet you! Here’s how you can stand out:
• Send Your Resume: Show us what you’ve done.
• Link to Your Work: Portfolio, GitHub, or any projects that showcase your creativity and technical skills.
• Write a Quick Note: Tell us why this role excites you and how you’ll bring your design and motion expertise to our platform.

Email your application to jobs@sagelabs.ai. We can’t wait to see what you’ll create with us!

Benefits Include
• Unlimited PTO
• Competitive Salary
• Equity Options
• Daily food stipend","","","","","","","",""
"in-b655592021bdfedb","indeed","https://www.indeed.com/viewjob?jk=b655592021bdfedb","https://discordapp.com/jobs/7807641002","Senior Software Engineer, Machine Learning (Ads)","Discord","San Francisco, CA, US","2025-02-01","fulltime","direct_data","yearly",202000.0,222000.0,"USD",True,"","","","","Discord is used by over 200 million people every month for many different reasons, but there’s one thing that nearly everyone does on our platform: play video games. Over 90% of our users play games, spending a combined 1\\.5 billion hours playing thousands of unique titles on Discord each month. Discord plays a uniquely important role in the future of gaming. We are focused on making it easier and more fun for people to talk and hang out before, during, and after playing games.We are looking for a Senior Software Engineer specializing in Machine Learning to join our Revenue ML team at Discord. This team partners with our revenue product groups, focusing on both consumer revenue and our emerging Ads initiative. This role will specifically contribute to our Ads ML efforts, helping to build and scale ML capabilities in areas such as ads measurement, targeting, and delivery ranking. As part of this team, you will play a critical role in developing foundational ML models that enhance ad relevance, optimize performance, and drive revenue. This is a unique opportunity to work on an early\\-stage Ads ML platform and have a direct impact on the business’s success. Our tech stack includes Python, ML frameworks like TensorFlow and PyTorch, large\\-scale data infrastructure, and real\\-time ad\\-serving technologies. What You'll Be Doing: Design, develop, and deploy machine learning models for ads measurement, targeting, and ranking. Improve our ads measurement framework by integrating first\\-party and third\\-party data to provide accurate campaign performance insights. Develop sophisticated ML models to infer user interests, enhance ad targeting. Build and optimize ad ranking models to serve the most effective ads based on campaign objectives (e.g., app installs, impression delivery). Collaborate cross\\-functionally with product, engineering, and business teams to define and execute on the Ads ML roadmap. Scale our ML infrastructure to support an increasing number of concurrent ad campaigns while ensuring low\\-latency decision\\-making. Drive research and implementation of state\\-of\\-the\\-art ML techniques in the field of online advertising. What You Should Have: 5\\+ years of experience as a Machine Learning Engineer or Data Scientist. 3\\+ years of experience specifically in Ads ML (ads ranking, personalization, optimization, user profiling, targeting, or measurement). Strong proficiency in Python and experience building ML models for large\\-scale applications. Proven track record of designing, implementing, and scaling ML\\-driven ad systems in real\\-world applications. Experience working with real\\-time ML inference, A/B testing, and optimization frameworks. Strong understanding of performance advertising and how ML impacts revenue and advertiser retention. The ability to thrive in a fast\\-moving, ambiguous environment and build systems from the ground up. Bonus Skills: Experience with large\\-scale data infrastructure and distributed computing. Familiarity with deep learning frameworks such as TensorFlow or PyTorch. Knowledge of ad tech industry standards and third\\-party measurement solutions. \\#LI\\-Remote The US base salary range for this full\\-time position is $202,000 to $222,000 \\+ equity \\+ benefits. Our salary ranges are determined by role and level. Within the range, individual pay is determined by additional factors, including job\\-related skills, experience, and relevant education or training. Please note that the compensation details listed in US role postings reflect the base salary only, and do not include equity, or benefits.Why Discord?Discord plays a uniquely important role in the future of gaming. We're a multiplatform, multigenerational and multiplayer platform that helps people deepen their friendships around games and shared interests. We believe games give us a way to have fun with our favorite people, whether listening to music together or grinding in competitive matches for diamond rank. Join us in our mission! Your future is just a click away! Check out ourinclusion, diversity and purpose efforts, company principles, or learn more about the Life @ Discord experience!","","https://www.indeed.com/cmp/Discord","https://d2q79iu7y748jz.cloudfront.net/s/_squarelogo/256x256/69c3e6df6e321e61d3b408ca9250e884","https://www.discord.com","San Francisco","501 to 1,000","$25M to $100M (USD)","Discord is a voice, video and text app that helps friends and communities come together to hang out and explore their interests."
"in-64ee0c9327ffb158","indeed","https://www.indeed.com/viewjob?jk=64ee0c9327ffb158","https://jobs.ashbyhq.com/echotwin/c41eeb12-7242-4ecd-af8e-f7540cb2f769?utm_source=VePLlPjq0R","Machine Learning Engineer","","San Francisco, CA, US","2025-02-01","fulltime","direct_data","yearly",152555.0,210599.0,"USD",False,"","","","","**Responsibilities**

* Collaborate with cross\\-functional teams, including the product manager, software developers, and domain experts.
* Research and experiment with state\\-of\\-the\\-art tools and techniques in Machine Learning.
* Document processes, pipelines, and model performance thoroughly.

**Computer Vision**

* Train and deploy machine learning models for object detection and classification in images and videos.
* Preprocess and annotate image and video datasets for training purposes.
* Optimize deep learning models for efficiency and scalability in production.

**Predictive Analytics**

* Design and implement predictive models to analyze trends, patterns, and anomalies.
* Develop data pipelines with data engineers to handle large\\-scale structured and unstructured datasets.
* Apply statistical and machine learning techniques to forecast outcomes and support decision\\-making.

**Experience**

* Master’s or Bachelor's degree in Computer Science, Mathematics, IT, or a related field.
* 5\\+ years of experience as a Computer Vision Engineer.
* 10\\+ years in software development and machine learning.
* Strong knowledge of machine learning concepts and algorithms.
* Proficiency in Python, C\\+\\+, and ML libraries like TensorFlow or PyTorch.
* Solid understanding of data preprocessing, feature engineering, and model evaluation techniques.
* Experience in computer vision, particularly object detection and image processing techniques (e.g., YOLO).
* Familiarity with predictive analytics tools.
* Knowledge of cloud platforms (AWS) for deploying and managing machine learning models.
* Experience with MLOps practices.
* Proficiency in spoken and written English.","","","","","","","",""
"in-ee9aa3fbb6ea7d5f","indeed","https://www.indeed.com/viewjob?jk=ee9aa3fbb6ea7d5f","https://jobs.ashbyhq.com/echotwin/a073cc22-1093-419d-8b9c-291fe0e96f6c?utm_source=VePLlPjq0R","Backend Developer","","San Francisco, CA, US","2025-02-01","fulltime","direct_data","yearly",119399.0,161982.0,"USD",False,"","","","","**Responsibilities**

* Design, develop, and implement efficient, high\\-throughput backend solutions, prioritizing performance, scalability, and reliability
* Continuous integration and continuous deployment
* Work effectively with cross\\-functional teams of engineers and domain experts
* Interface with external partners to refine technical requirements

**Experience**

* Master’s or Bachelor's degree in Computer Science, Mathematics, IT, or a related field
* 5\\+ years’ experience as a backend developer (Python)
* 3\\+ years’ experience in Fast API/Django
* Experience with AWS services
* Experience with relational and non\\-relational databases
* Experience with creating and deploying RESTful APIs
* Experience with Docker and Kubernetes
* Experience with Git, CI/CD, and software testing
* Experience with computer vision\\-based applications
* Strong desire to learn and share knowledge with others
* Proficiency in spoken and written English","","","","","","","",""
"in-0bbec8d0ad254056","indeed","https://www.indeed.com/viewjob?jk=0bbec8d0ad254056","https://JPMorganChase.contacthr.com/146057825","Director of Site Reliability Engineering","JPMorganChase","Palo Alto, CA, US","2025-02-01","fulltime","direct_data","yearly",204250.0,285000.0,"USD",False,"","","","","**JOB DESCRIPTION**  

You have discovered the perfect setting to expand your skills and make a meaningful impact. Partner with an organization committed to defining the future of site reliability in the financial sector.


As a Director of Site Reliability Engineering at JPMorgan Chase within the AI/ML TECHNOLOGY in Corporate Sector, you are constantly establishing new collaborative partnerships that allow your team to work across functions. Proactively engage team members, initiate career conversations, and delegate assignments and opportunities equitably.
**Job responsibilities**


* Manages stakeholders with broad direction on complex projects to ensure work is executed according to compliance standards, service level agreements, and business requirements
* Anticipates the needs of immediate team to proactively make decisions to eliminate roadblocks and deliver products and applications in line with business requirements
* Applies cross\\-functional technical and business knowledge and leadership to multiple technical areas and disciplines
* Identifies opportunities to initiate operational changes across disciplines and partners with leadership to support, influence, and drive innovation
* Manage the Product Infrastructure/SRE function for business critical, AI platforms in hybrid multi\\-cloud environment.
* Collaborates with multiple stakeholders for complex projects and takes accountability for AI products reliability and user experience.
**Required qualifications, capabilities, and skills**


* Experience leading technologists to manage, anticipate, and solve complex technological issues
* Influences the team’s culture by championing innovation and change for success
* Experience hiring, developing, and recognizing talent
* Draws upon leadership experience to engage team members to expresses complex ideas with appropriate level of detail
* Formal training or certification on software engineering concepts and 10\\+ years applied experience
* 10\\+ years of experience leading technologists to manage, anticipate, and solve complex technical items within your domain of expertise
* Experience in building large scale distributed managed services or large\\-scale infrastructure platforms
* Demonstrated prior experience with maturity uplifts, observability strategies and TOIL reduction at an enterprise scale
* Demonstrated prior experience managing high severity production incidents to resolution
**ABOUT US**  


JPMorganChase, one of the oldest financial institutions, offers innovative financial solutions to millions of consumers, small businesses and many of the world’s most prominent corporate, institutional and government clients under the J.P. Morgan and Chase brands. Our history spans over 200 years and today we are a leader in investment banking, consumer and small business banking, commercial banking, financial transaction processing and asset management.
We offer a competitive total rewards package including base salary determined based on the role, experience, skill set and location. Those in eligible roles may receive commission\\-based pay and/or discretionary incentive compensation, paid in the form of cash and/or forfeitable equity, awarded in recognition of individual achievements and contributions. We also offer a range of benefits and programs to meet employee needs, based on eligibility. These benefits include comprehensive health care coverage, on\\-site health and wellness centers, a retirement savings plan, backup childcare, tuition reimbursement, mental health support, financial coaching and more. Additional details about total compensation and benefits will be provided during the hiring process.


We recognize that our people are our strength and the diverse talents they bring to our global workforce are directly linked to our success. We are an equal opportunity employer and place a high value on diversity and inclusion at our company. We do not discriminate on the basis of any protected attribute, including race, religion, color, national origin, gender, sexual orientation, gender identity, gender expression, age, marital or veteran status, pregnancy or disability, or any other basis protected under applicable law. We also make reasonable accommodations for applicants’ and employees’ religious practices and beliefs, as well as mental health or physical disability needs. Visit our FAQs for more information about requesting an accommodation.


JPMorgan Chase \\& Co. is an Equal Opportunity Employer, including Disability/Veterans

  

  

  

**ABOUT THE TEAM**  

  

Our professionals in our Corporate Functions cover a diverse range of areas from finance and risk to human resources and marketing. Our corporate teams are an essential part of our company, ensuring that we’re setting our businesses, clients, customers and employees up for success.","","https://www.indeed.com/cmp/Jpmorganchase-2","https://d2q79iu7y748jz.cloudfront.net/s/_squarelogo/256x256/62e186e96c7550325814ef6880fae379","https://www.jpmorganchase.com/","New York, NY","10,000+","more than $10B (USD)","Headquartered in New York City, JPMorgan Chase is the largest bank in the United States."
"in-11dfad06b624053b","indeed","https://www.indeed.com/viewjob?jk=11dfad06b624053b","https://careers-americas.icims.com/jobs/17569/job?utm_source=indeed_integration&iis=Job%20Board&iisn=Indeed&indeed-apply-token=73a2d2b2a8d6d5c0a62696875eaebd669103652d3f0c2cd5445d3e66b1592b0f","Senior Machine Learning Engineer","Atlassian","Mountain View, CA, US","2025-02-01","fulltime","direct_data","yearly",146300.0,235000.0,"USD",True,"","","","","Overview:
**Working at Atlassian**


Atlassians can choose where they work – whether in an office, from home, or a combination of the two. That way, Atlassians have more control over supporting their family, personal goals, and other priorities. We can hire people in any country where we have a legal entity. Interviews and onboarding are conducted virtually, a part of being a distributed\\-first company.


Responsibilities:
**What you’ll do**
------------------


As a Senior Machine Learning engineer, you will work on the development and implementation of the cutting edge machine learning algorithms, training sophisticated models, collaborating with product, engineering, and analytics teams, to build the AI functionalities into each Atlassian products and services. Your daily responsibilities will encompass a broad spectrum of tasks such as designing system and model architectures, conducting rigorous experimentation and model evaluations, and providing guidance to junior ML engineers. Your role is pivotal, stretching beyond these tasks, ensuring AI's transformative potential is realized across our offerings.

**Your background**
-------------------

### **On the first day, we'll expect you to have**

* Master or PhD in a quantitative subject (Statistics, Mathematics, Computer Science, Operations Research, or relevant work experience)
* 4\\+ years of related industry experience in the data science domain
* Expertise in Python or Java with and the ability to write performant production\\-quality code, familiarity with SQL, knowledge of Spark and cloud data environments (e.g. AWS, Databricks)
* Experience building and scaling machine learning models in business applications using large amounts of data
* Ability to communicate and explain data science concepts to diverse audiences, craft a compelling story
* Focus on business practicality and the 80/20 rule; very high bar for output quality, but recognize the business benefit of ""having something now"" vs ""perfection sometime in the future""
* Agile development mindset, appreciating the benefit of constant iteration and improvement

### **It's great, but not required, if you have**

* Experience working in a consumer or B2C space for a SaaS product provider, or the enterprise/B2B space
* Experience in developing deep learning\\-based models and working on LLM\\-related applications
* Excelling in solving ambiguous and complex problems, being able to navigate through uncertain situations, breaking down complex challenges into manageable components and developing innovative solutions


Qualifications:
**Compensation**


At Atlassian, we strive to design equitable, explainable, and competitive compensation programs. To support this goal, the baseline of our range is higher than that of the typical market range, but in turn we expect to hire most candidates near this baseline. Base pay within the range is ultimately determined by a candidate's skills, expertise, or experience. In the United States, we have three geographic pay zones. For this role, our current base pay ranges for new hires in each zone are:


Zone A: $176,200 \\- $235,000


Zone B: $158,600 \\- $211,500


Zone C: $146,300 \\- $195,000


This role may also be eligible for benefits, bonuses, commissions, and equity.


Please visit go.atlassian.com/payzones for more information on which locations are included in each of our geographic pay zones. However, please confirm the zone for your specific location with your recruiter.


**Our perks \\& benefits**


Atlassian offers a variety of perks and benefits to support you, your family and to help you engage with your local community. Our offerings include health coverage, paid volunteer days, wellness resources, and so much more. Visit **go.atlassian.com/perksandbenefits**to learn more.

**About Atlassian**


At Atlassian, we're motivated by a common goal: to unleash the potential of every team. Our software products help teams all over the planet and our solutions are designed for all types of work. Team collaboration through our tools makes what may be impossible alone, possible together.


We believe that the unique contributions of all Atlassians create our success. To ensure that our products and culture continue to incorporate everyone's perspectives and experience, we never discriminate based on race, religion, national origin, gender identity or expression, sexual orientation, age, or marital, veteran, or disability status. All your information will be kept confidential according to EEO guidelines.


To provide you the best experience, we can support with accommodations or adjustments at any stage of the recruitment process. Simply inform our Recruitment team during your conversation with them.


To learn more about our culture and hiring process, visit **go.atlassian.com/crh****.**","","https://www.indeed.com/cmp/Atlassian","https://d2q79iu7y748jz.cloudfront.net/s/_squarelogo/256x256/236f8ff078fa6689201af583930fe77e","https://www.atlassian.com","Sydney","5,001 to 10,000","Decline to state","We build software to help teams plan, collaborate, code and service."
"in-a8f30a38cfe82aa3","indeed","https://www.indeed.com/viewjob?jk=a8f30a38cfe82aa3","https://careers-americas.icims.com/jobs/17599/job?utm_source=indeed_integration&iis=Job%20Board&iisn=Indeed&indeed-apply-token=73a2d2b2a8d6d5c0a62696875eaebd669103652d3f0c2cd5445d3e66b1592b0f","Senior Machine Learning Engineer -- Teamwork Graph","Atlassian","Mountain View, CA, US","2025-02-01","fulltime","direct_data","yearly",165500.0,265800.0,"USD",True,"","","","","Overview:
**Working at Atlassian**


Atlassians can choose where they work – whether in an office, from home, or a combination of the two. That way, Atlassians have more control over supporting their family, personal goals, and other priorities. We can hire people in any country where we have a legal entity. Interviews and onboarding are conducted virtually, a part of being a distributed\\-first company.

**Role:**


We are looking for a Senior ML engineer to join the Teamwork Graph team and a group of talented engineers who are responsible for helping build and deploy the knowledge graph of how teams work together. The graph is the foundational data layer Teamwork Graph logically representing all of a customer’s data, with edges/relationships to connect entities across feature and product boundaries. The Graph powers various new AI products such as Rovo, as well as enables Atlassian products to work better together. Checkout this clip from the recent founder keynote for more details. You will work closely with the team to execute the strategy for advanced graph querying and powering a suite of Graph \\+ AI powered applications and experiences. You will also collaborate with the federated product teams and other central orgs to integrate the Teamwork knowledge deeply in various products such as Search, Jira, Confluence, and many upcoming ones.


Responsibilities:

Responsibilities:

* Process and structure large amounts of graph data to power applications across Atlassian
* Build great APIs
* Creative use of generative AI and ML to process, structure, and reason over large amounts of data to power intelligent products
* Mentor and coach your team members on best practices, code quality, design patterns, testing, debugging, and documentation.
* Communicate and explain data science concepts to diverse audiences, craft a compelling story
* Communicate effectively with internal and external partners, present technical concepts and results clearly and concisely, and solicit feedback and input from various stakeholders.


Experience:

* 5\\+ years of experience building and scaling business applications and systems using large amounts of data
* Built generalizable platforms with a keen eye on empowering applications in product
* Experience building and scaling business applications and systems using large amounts of data
* Agile development mindset, appreciating the benefit of iteration and improvement
* Experience working with LLMs and RAG a bonus


Qualifications:
**Compensation**


At Atlassian, we strive to design equitable, explainable, and competitive compensation programs. To support this goal, the baseline of our range is higher than that of the typical market range, but in turn we expect to hire most candidates near this baseline. Base pay within the range is ultimately determined by a candidate's skills, expertise, or experience. In the United States, we have three geographic pay zones. For this role, our current base pay ranges for new hires in each zone are:


Zone A: $199,400 \\- $265,800


Zone B: $179,400 \\- $239,200


Zone C: $165,500 \\- $220,600


This role may also be eligible for benefits, bonuses, commissions, and equity.


Please visit go.atlassian.com/payzones for more information on which locations are included in each of our geographic pay zones. However, please confirm the zone for your specific location with your recruiter.


**Our perks \\& benefits**


Atlassian offers a variety of perks and benefits to support you, your family and to help you engage with your local community. Our offerings include health coverage, paid volunteer days, wellness resources, and so much more. Visit **go.atlassian.com/perksandbenefits**to learn more.

**About Atlassian**


At Atlassian, we're motivated by a common goal: to unleash the potential of every team. Our software products help teams all over the planet and our solutions are designed for all types of work. Team collaboration through our tools makes what may be impossible alone, possible together.


We believe that the unique contributions of all Atlassians create our success. To ensure that our products and culture continue to incorporate everyone's perspectives and experience, we never discriminate based on race, religion, national origin, gender identity or expression, sexual orientation, age, or marital, veteran, or disability status. All your information will be kept confidential according to EEO guidelines.


To provide you the best experience, we can support with accommodations or adjustments at any stage of the recruitment process. Simply inform our Recruitment team during your conversation with them.


To learn more about our culture and hiring process, visit **go.atlassian.com/crh****.**","","https://www.indeed.com/cmp/Atlassian","https://d2q79iu7y748jz.cloudfront.net/s/_squarelogo/256x256/236f8ff078fa6689201af583930fe77e","https://www.atlassian.com","Sydney","5,001 to 10,000","Decline to state","We build software to help teams plan, collaborate, code and service."
"in-8e70ed1ec596ff7d","indeed","https://www.indeed.com/viewjob?jk=8e70ed1ec596ff7d","https://careers-americas.icims.com/jobs/17556/job?utm_source=indeed_integration&iis=Job%20Board&iisn=Indeed&indeed-apply-token=73a2d2b2a8d6d5c0a62696875eaebd669103652d3f0c2cd5445d3e66b1592b0f","Principal Full Stack Engineer - Finance Technology","Atlassian","San Francisco, CA, US","2025-02-01","fulltime","direct_data","yearly",170800.0,274300.0,"USD",True,"","","","","Overview:
**Working at Atlassian**


Atlassians can choose where they work – whether in an office, from home, or a combination of the two. That way, Atlassians have more control over supporting their family, personal goals, and other priorities. We can hire people in any country where we have a legal entity. Interviews and onboarding are conducted virtually, a part of being a distributed\\-first company.


Responsibilities:

As a Principal Full Stack Engineer, you will be responsible for architecting, designing, developing, and maintaining complex systems that integrate Finance systems or business applications with AI features. This role involves working across the full stack, from front\\-end interfaces to back\\-end services, and leveraging AI technologies to enhance product capabilities, and ability to groom junior resources by mentoring and leading on project assignments. **A good understanding of Finance and QTC architecture is required to make an impact.**  

**Key Responsibilities**

* **Full Stack Development**: Design and implement scalable and robust full\\-stack solutions that integrate with finance systems or business applications.
* **AI Integration**: Collaborate with data scientists and machine learning engineers to incorporate AI features into products, enhancing functionality and user experience.
* **Technical Leadership**: Lead technical design and architecture discussions, ensuring best practices are followed in software development and AI integration.
* **Collaboration**: Work closely with technical product managers (TPM), designers, and other engineers and business teams to deliver high\\-quality products that meet business needs.
* **Innovation**: Drive innovation by exploring new technologies and methodologies to improve product offerings and development processes.

**Required Skills and Experience**

* **Business Applications** Experience with Oracle Fusion Cloud, Zuora Revenue, Coupa, Anaplan, Avalara, and prior QTC architecture experience.
* **Technical Expertise**: Strong proficiency in modern programming languages (e.g., Java, Python) and frameworks (e.g., React, Node.js). Exposure to integration platforms such as Workato and RPA platforms such as UIPath.
* **AI and Machine Learning**: Experience with AI technologies and machine learning frameworks, with a focus on integrating these into business applications.
* **Cloud Platforms**: Familiarity with cloud environments such as AWS or GCP, and experience with deploying and managing applications in the cloud.
* **Problem Solving**: Ability to tackle complex technical challenges and provide innovative solutions.
* **Communication**: Excellent communication skills to collaborate effectively with cross\\-functional and leadership teams both across Engineering and Finance organizations.

**Preferred Qualifications**

* 10\\+ years of experience in Finance systems and business applications.
* BS or Masters in Computer Science and Engineering
* Experience leading multiple company\\-wide transformations
* Certifications in Architecture frameworks
* Knowledge of agile software development methodologies.
* Experience with micro\\-services architecture and RESTful APIs.
* Prior experience of leading teams with or without authority


Qualifications:
**Compensation**


At Atlassian, we strive to design equitable, explainable, and competitive compensation programs. To support this goal, the baseline of our range is higher than that of the typical market range, but in turn we expect to hire most candidates near this baseline. Base pay within the range is ultimately determined by a candidate's skills, expertise, or experience. In the United States, we have three geographic pay zones. For this role, our current base pay ranges for new hires in each zone are:


Zone A: $205,700 \\- $274,300


Zone B: $185,200 \\- $246,900


Zone C: $170,800 \\- $227,700


This role may also be eligible for benefits, bonuses, commissions, and equity.


Please visit go.atlassian.com/payzones for more information on which locations are included in each of our geographic pay zones. However, please confirm the zone for your specific location with your recruiter.


**Our perks \\& benefits**


Atlassian offers a variety of perks and benefits to support you, your family and to help you engage with your local community. Our offerings include health coverage, paid volunteer days, wellness resources, and so much more. Visit **go.atlassian.com/perksandbenefits**to learn more.

**About Atlassian**


At Atlassian, we're motivated by a common goal: to unleash the potential of every team. Our software products help teams all over the planet and our solutions are designed for all types of work. Team collaboration through our tools makes what may be impossible alone, possible together.


We believe that the unique contributions of all Atlassians create our success. To ensure that our products and culture continue to incorporate everyone's perspectives and experience, we never discriminate based on race, religion, national origin, gender identity or expression, sexual orientation, age, or marital, veteran, or disability status. All your information will be kept confidential according to EEO guidelines.


To provide you the best experience, we can support with accommodations or adjustments at any stage of the recruitment process. Simply inform our Recruitment team during your conversation with them.


To learn more about our culture and hiring process, visit **go.atlassian.com/crh****.**","","https://www.indeed.com/cmp/Atlassian","https://d2q79iu7y748jz.cloudfront.net/s/_squarelogo/256x256/236f8ff078fa6689201af583930fe77e","https://www.atlassian.com","Sydney","5,001 to 10,000","Decline to state","We build software to help teams plan, collaborate, code and service."
"in-9659a70eaf28ad3b","indeed","https://www.indeed.com/viewjob?jk=9659a70eaf28ad3b","https://www.tesla.com/careers/search/job/236398?source=Indeed","Engineering Technician, Infotainment, Vehicle Software","Tesla","Palo Alto, CA, US","2025-02-01","fulltime","direct_data","hourly",24.0,65.0,"USD",False,"","","","","**What to Expect**
Tesla's Infotainment team delivers an innovative in\\-vehicle user experience to our customers. We develop and validate the firmware for all features and changes to the User Interface and underlying System Software. Providing the highest quality user experience requires hands on testing of our products as well as troubleshooting both common use and edge case issues the customer may experience.  

**What You'll Do*** Test prototype firmware across varying existing and new vehicle platforms
* Troubleshoot Infotainment related firmware issues and develop reproduction steps
* Precisely document test cases improvements and troubleshooting steps in detail
* Execute commands/scripts in Linux terminal to diagnose and gather additional data
  

**What You'll Bring*** Strong QA and testing philosophy
* Strong problem solving skills
* Familiar with issue tracking software (i.e., JIRA)
* Detail oriented, able to follow step\\-by\\-step instructions precisely
* Proficiency in deconstructing and analyzing firmware capabilities from a customer's perspective to identify potential vulnerabilities
* Aspiration to develop software skills with the potential of transitioning into a software\\-focused role at Tesla
  

**Compensation and Benefits**
Benefits
Along with competitive pay, as a full\\-time Tesla employee, you are eligible for the following benefits at day 1 of hire:


* Aetna PPO and HSA plans \\> 2 medical plan options with $0 payroll deduction
* Family\\-building, fertility, adoption and surrogacy benefits
* Dental (including orthodontic coverage) and vision plans, both have options with a $0 paycheck contribution
* Company Paid (Health Savings Account) HSA Contribution when enrolled in the High Deductible Aetna medical plan with HSA
* Healthcare and Dependent Care Flexible Spending Accounts (FSA)
* 401(k) with employer match, Employee Stock Purchase Plans, and other financial benefits
* Company paid Basic Life, AD\\&D, short\\-term and long\\-term disability insurance
* Employee Assistance Program
* Sick and Vacation time (Flex time for salary positions), and Paid Holidays
* Back\\-up childcare and parenting support resources
* Voluntary benefits to include: critical illness, hospital indemnity, accident insurance, theft \\& legal services, and pet insurance
* Weight Loss and Tobacco Cessation Programs
* Tesla Babies program
* Commuter benefits
* Employee discounts and perks program
Expected Compensation
$24\\.40 \\- $65\\.40/hour \\+ cash and stock awards \\+ benefits  

  

Pay offered may vary depending on multiple individualized factors, including market location, job\\-related knowledge, skills, and experience. The total compensation package for this position may also include other elements dependent on the position offered. Details of participation in these benefit plans will be provided if an employee receives an offer of employment.

  

Tesla is an Equal Opportunity / Affirmative Action employer committed to diversity in the workplace. All qualified applicants will receive consideration for employment without regard to race, color, religion, sex, sexual orientation, age, national origin, disability, protected veteran status, gender identity or any other factor protected by applicable federal, state or local laws.  

  

Tesla is also committed to working with and providing reasonable accommodations to individuals with disabilities. Please let your recruiter know if you need an accommodation at any point during the interview process.","Industrial Manufacturing","https://www.indeed.com/cmp/Tesla","https://d2q79iu7y748jz.cloudfront.net/s/_squarelogo/256x256/5e42be6c7dd264b60310b59afb8a3c48","https://www.tesla.com","1 Tesla Road Austin, TX 78725","10,000+","$5B to $10B (USD)","Tesla is accelerating the world’s transition to sustainable energy."
"in-67bd3b74672e5ea1","indeed","https://www.indeed.com/viewjob?jk=67bd3b74672e5ea1","https://www.tesla.com/careers/search/job/236327?source=Indeed","Internship, Fullstack Engineer, Design Technology (Summer 2025)","Tesla","Palo Alto, CA, US","2025-02-01","parttime, fulltime, internship","direct_data","hourly",40.0,56.0,"USD",False,"","","","","**What to Expect**
Consider before submitting an application:


This position is expected to start around May 2025 and continue through the Summer term (approximately August 2025\\) or into Fall 2025 if available and there is an opportunity to do so. We ask for a minimum of 12 weeks, full\\-time and on\\-site, for most internships. Our internship program is for students who are actively enrolled in an academic program. Recent graduates seeking employment after graduation and not returning to school should apply for full\\-time positions, not internships.


International Students: If your work authorization is through CPT, please consult your school on your ability to work 40 hours per week before applying. You must be able to work 40 hours per week on\\-site. Many students will be limited to part\\-time during the academic year.  

  

About the Team

  

Design Technology is part of the Engineering Automation Software (EAS) organization. We are responsible for developing software to accelerate product development as it pertains to building our EVs, energy products, and gigafactories. This organization takes the same principles of adding exciting technologies into our vehicles and applying that same creative mindset to vehicle design, by thinking about how technology and innovation can help improve these processes.  

  



As an intern, you will help shape how Design Technology builds innovative software that accelerates the pace of product and equipment design at Tesla. Your work will fundamentally transform the way engineers create and communicate the air work which will have a direct impact on Tesla’s ability to scale the company worldwide.  

  

  

**What You'll Do*** Develop state of the art code
* Influence the software development culture to be innovative
* Provide mentorship to other software developers in the team
* Design, extend, and review software architecture
* Be hands on and involved with every stage of the product development cycle
* Establish and extend standards and best practice for software engineering
  

**What You'll Bring*** Pursuing a degree in Computer Science, Computer Engineering, or relevant field of study with a graduation date between 2025 \\-2026
* Must be able to relocate and work on site in Palo Alto, CA
* Strong development skills in languages such as go, java, c/c\\+\\+, python (existing codebase is mostly written in go with some java components)
* Experience with cloud native deployment practices; specifically, containers and container orchestration platforms (Docker/Kubernetes/Helm) and the Kubernetes environment (networking, nginx ingress, apache, haproxy, etc.) and familiarity with cloud native development best practices (12 factor applications)
* Experience with publish/subscribe event buses such as Apache Kafka or NATS, as well as distributed data stores (relational and otherwise) and an understanding of underlying technologies (e.g., log\\-structure merge trees, raft etc.)
  

**Compensation and Benefits**
Benefits
As a full\\-time Tesla Intern, you will be eligible for:


* Aetna PPO and HSA plans \\> 2 medical plan options with $0 payroll deduction
* Family\\-building, fertility, adoption and surrogacy benefits
* Dental (including orthodontic coverage) and vision plans. Both have an option with a $0 payroll contribution
* Company Paid (Health Savings Account) HSA Contribution when enrolled in the High Deductible Medical Plan with HSA
* Healthcare and Dependent Care Flexible Spending Accounts (FSA)
* 401(k), Employee Stock Purchase Plans, and other financial benefits
* Company Paid Basic Life, AD\\&D, and short\\-term disability insurance
* Employee Assistance Program
* Sick time after 90 days of employment and Paid Holidays
* Back\\-up childcare and parenting support resources
* Voluntary benefits to include: critical illness, hospital indemnity, accident insurance, theft \\& legal services, and pet insurance
* Commuter benefits
* Employee discounts and perks program
Expected Compensation
$40\\.00 \\- $56\\.00/hour \\+ benefits  

  

Pay offered may vary depending on multiple individualized factors, including market location, job\\-related knowledge, skills, and experience. The total compensation package for this position may also include other elements dependent on the position offered. Details of participation in these benefit plans will be provided if an employee receives an offer of employment.

  

Tesla is an Equal Opportunity / Affirmative Action employer committed to diversity in the workplace. All qualified applicants will receive consideration for employment without regard to race, color, religion, sex, sexual orientation, age, national origin, disability, protected veteran status, gender identity or any other factor protected by applicable federal, state or local laws.  

  

Tesla is also committed to working with and providing reasonable accommodations to individuals with disabilities. Please let your recruiter know if you need an accommodation at any point during the interview process.","Industrial Manufacturing","https://www.indeed.com/cmp/Tesla","https://d2q79iu7y748jz.cloudfront.net/s/_squarelogo/256x256/5e42be6c7dd264b60310b59afb8a3c48","https://www.tesla.com","1 Tesla Road Austin, TX 78725","10,000+","$5B to $10B (USD)","Tesla is accelerating the world’s transition to sustainable energy."
"in-a1547d394bbb93c6","indeed","https://www.indeed.com/viewjob?jk=a1547d394bbb93c6","https://www.tesla.com/careers/search/job/236397?source=Indeed","Software Engineer, Infotainment Platforms Validation, Vehicle Software","Tesla","Palo Alto, CA, US","2025-02-01","fulltime","direct_data","yearly",111200.0,433680.0,"USD",False,"","","","","**What to Expect**
Tesla's Software Platforms team provides the foundation on which the in\\-vehicle user experience is built. We own the Software Platform (kernel, bootchain, drivers, and lower\\-level userspace platform services) for the Infotainment systems across our vehicle lineup. This includes high resolution touch displays, high\\-definition audio, Bluetooth/WiFi/cellular connectivity, USB, cameras \\- all connected to high performance multi\\-core processors and GPUs. As a member of the Software Platforms Validation team, you'll be responsible for ensuring that improvements and new features for these systems in our vehicles are thoroughly vetted, building confidence and assessing risks before signing off on each software release.

  

Join a team of top\\-notch Software Engineers and Test Engineers committed to continuously improving our vehicles' features and to holding the highest bar for the performance and reliability of our software systems. You will build automation \\& simulation tools and fleet telemetry pipelines to perform data\\-based assessments of essential subsystems in our vehicles. You will collaborate across teams, HW and SW as well as Service and Manufacturing, to identify and address critical issues. The ideal candidate is a self\\-driven and hands\\-on problem solver, utilizing a range of technologies and strategies to validate and ship our software platforms.

 **What You'll Do*** Become an expert on core subsystems running on the Infotainment computer to perform validation reviews and risk assessments before releasing software to the fleet
* Write and ship software to the vehicle and build automated systems in the backend to generate and analyze fleet data from the millions of Tesla vehicles worldwide
* Define evaluation metrics, create visualizations and dashboards to support the monitoring and refinement of our systems
* Build and maintain HIL testers and internal frameworks/tools to accelerate experimentation and debugging of features
* Measure and optimize system performance, leveraging off\\-the\\-shelf profiling/tracing tools as well as building new custom tools
* Work cross\\-functionally to investigate and fix issues that you identify
  

**What You'll Bring*** Strong proficiency with one of the following: Python, C/C\\+\\+, Golang, or Java
* Experience with Linux/Unix environments and system administration
* Experience with CI/CD systems
* Experience with large scale data processing and querying
* Excellent critical thinking, problem solving, and communication skills
* Experience with embedded systems software design concepts is a plus
* Experience with automotive communication standards such as CAN, Ethernet, TCP/IP is a plus
* A passion for troubleshooting failures to determine root causes
* A passion for constantly improving code quality and system efficiency, testability, monitoring, \\& observability
  

**Compensation and Benefits**
Benefits
Along with competitive pay, as a full\\-time Tesla employee, you are eligible for the following benefits at day 1 of hire:


* Aetna PPO and HSA plans \\> 2 medical plan options with $0 payroll deduction
* Family\\-building, fertility, adoption and surrogacy benefits
* Dental (including orthodontic coverage) and vision plans, both have options with a $0 paycheck contribution
* Company Paid (Health Savings Account) HSA Contribution when enrolled in the High Deductible Aetna medical plan with HSA
* Healthcare and Dependent Care Flexible Spending Accounts (FSA)
* 401(k) with employer match, Employee Stock Purchase Plans, and other financial benefits
* Company paid Basic Life, AD\\&D, short\\-term and long\\-term disability insurance
* Employee Assistance Program
* Sick and Vacation time (Flex time for salary positions), and Paid Holidays
* Back\\-up childcare and parenting support resources
* Voluntary benefits to include: critical illness, hospital indemnity, accident insurance, theft \\& legal services, and pet insurance
* Weight Loss and Tobacco Cessation Programs
* Tesla Babies program
* Commuter benefits
* Employee discounts and perks program
Expected Compensation
$111,200 \\- $433,680/annual salary \\+ cash and stock awards \\+ benefits  

  

Pay offered may vary depending on multiple individualized factors, including market location, job\\-related knowledge, skills, and experience. The total compensation package for this position may also include other elements dependent on the position offered. Details of participation in these benefit plans will be provided if an employee receives an offer of employment.

  

Tesla is an Equal Opportunity / Affirmative Action employer committed to diversity in the workplace. All qualified applicants will receive consideration for employment without regard to race, color, religion, sex, sexual orientation, age, national origin, disability, protected veteran status, gender identity or any other factor protected by applicable federal, state or local laws.  

  

Tesla is also committed to working with and providing reasonable accommodations to individuals with disabilities. Please let your recruiter know if you need an accommodation at any point during the interview process.","Industrial Manufacturing","https://www.indeed.com/cmp/Tesla","https://d2q79iu7y748jz.cloudfront.net/s/_squarelogo/256x256/5e42be6c7dd264b60310b59afb8a3c48","https://www.tesla.com","1 Tesla Road Austin, TX 78725","10,000+","$5B to $10B (USD)","Tesla is accelerating the world’s transition to sustainable energy."
"in-c0bc25ec8b191839","indeed","https://www.indeed.com/viewjob?jk=c0bc25ec8b191839","https://www.tesla.com/careers/search/job/236295?source=Indeed","Internship, Technical Program Manager Software Release, Energy Engineering (Summer 2025)","Tesla","Palo Alto, CA, US","2025-02-01","fulltime, internship","direct_data","hourly",20.0,50.0,"USD",False,"","","","","**What to Expect**
Consider before submitting an application:

  

This position is expected to start May 2025 and continue through the entire Summer term (i.e. through August/September 2025\\) or into Fall 2025 if available. We ask for a minimum of 12 weeks, full\\-time and on\\-site, for most internships.


International Students: If your work authorization is through CPT, please consult your school on your ability to work 40 hours per week before applying. You must be able to work 40 hours per week on\\-site. Many students will be limited to part\\-time during the academic year.


The Internship Recruiting Team is driven by the passion to recognize and develop emerging talent. Our year\\-round program places the best students in positions where they will grow technically, professionally, and personally through their experience working closely with their Manager, Mentor, and team. We are dedicated to providing an experience that allows the intern to experience life at Tesla by including them in projects that are critical to their team’s success.

  

About the Team


Tesla’s Energy Software team is looking for amazing interns who are passionate about driving the world’s transition to a sustainable future! We are hiring highly motivated candidates for the position of Technical Program Manager (TPM) Intern. Internship roles in our teams provide significant independence and ownership of projects, while still providing excellent mentorship and guidance.


As a TPM intern, you’ll be responsible for end\\-to\\-end launch coordination of Tesla’s over\\-the\\-air (OTA) software releases, ensuring the execution of smooth, on\\-time, and quick turnaround software releases. In this role, you will support and work closely with the software release management team, and cross functional software engineering teams.

 **What You'll Do*** Schedule and communicate software release target timelines to stakeholders
* Manage and communicate scope, schedule, and launch changes smoothly while ensuring continuous communication to leadership and stakeholders
* Manage and Coordinate end\\-to\\-end the software release sign\\-off process ensuring on\\-time software launches
  

**What You'll Bring*** Pursuing a degree in STEM, Computer Science, Computer Engineering, or equivalent experience
* Prior experience in technical program management (TPM/EPM), software release management, managing consumer electronics software programs is ideal
* Ability to work with agility in a fast\\-paced environment while managing conflicting priorities and achieving tight launch schedules
* Excellent written \\& verbal communication skills
* Strong organization skills with meticulous attention to detail
* Prior experience with software development and program management tools (Ex: JIRA, GIT/Stash, Confluence) is preferred but not required
 **Compensation and Benefits**
Benefits
As a full\\-time Tesla Intern, you will be eligible for:


* Aetna PPO and HSA plans \\> 2 medical plan options with $0 payroll deduction
* Family\\-building, fertility, adoption and surrogacy benefits
* Dental (including orthodontic coverage) and vision plans. Both have an option with a $0 payroll contribution
* Company Paid (Health Savings Account) HSA Contribution when enrolled in the High Deductible Medical Plan with HSA
* Healthcare and Dependent Care Flexible Spending Accounts (FSA)
* 401(k), Employee Stock Purchase Plans, and other financial benefits
* Company Paid Basic Life, AD\\&D, and short\\-term disability insurance
* Employee Assistance Program
* Sick time after 90 days of employment and Paid Holidays
* Back\\-up childcare and parenting support resources
* Voluntary benefits to include: critical illness, hospital indemnity, accident insurance, theft \\& legal services, and pet insurance
* Commuter benefits
* Employee discounts and perks program
Expected Compensation
$20\\.00 \\- $50\\.00/hour \\+ benefits  

  

Pay offered may vary depending on multiple individualized factors, including market location, job\\-related knowledge, skills, and experience. The total compensation package for this position may also include other elements dependent on the position offered. Details of participation in these benefit plans will be provided if an employee receives an offer of employment.

  

Tesla is an Equal Opportunity / Affirmative Action employer committed to diversity in the workplace. All qualified applicants will receive consideration for employment without regard to race, color, religion, sex, sexual orientation, age, national origin, disability, protected veteran status, gender identity or any other factor protected by applicable federal, state or local laws.  

  

Tesla is also committed to working with and providing reasonable accommodations to individuals with disabilities. Please let your recruiter know if you need an accommodation at any point during the interview process.","Industrial Manufacturing","https://www.indeed.com/cmp/Tesla","https://d2q79iu7y748jz.cloudfront.net/s/_squarelogo/256x256/5e42be6c7dd264b60310b59afb8a3c48","https://www.tesla.com","1 Tesla Road Austin, TX 78725","10,000+","$5B to $10B (USD)","Tesla is accelerating the world’s transition to sustainable energy."
"in-e468d40bddc444fb","indeed","https://www.indeed.com/viewjob?jk=e468d40bddc444fb","https://apptrkr.com/5972829","IAM JAVA DEVELOPER - REMOTE WITHIN CALIFORNIA","University of California Office of the President","Oakland, CA, US","2025-01-31","fulltime","direct_data","yearly",145000.0,165000.0,"USD",True,"","","","epost@ucop.edu","**Location:** Oakland  

**Job ID:** 75975  

  

**Job Posting**  

  

**UC OFFICE OF THE PRESIDENT**  

  

At the University of California (UC), your contributions make a difference. A world leader producing Nobel and Pulitzer Prize recipients with over 150 years of groundbreaking research transforming the world. Choose a career where you can leverage your knowledge, skills and aspirations to inspire and support some of the greatest minds in the world, and those who will follow in their footsteps. Working at the University of California is being part of a unique institution, and a vibrant and diverse community. At the University of California, Office of the President, we propel our mission through impactful work locally, in government centers and systemwide. We are passionate people, serving the greater good.  

  

The University of California, one of the largest and most acclaimed institutions of higher learning in the world, is dedicated to excellence in teaching, research and public service. The University of California Office of the President is the headquarters to the 10 campuses, six academic medical centers and three national laboratories and enrolls premier students from California, the nation and the world. Learn more about the UC Office of the President  

  

**Department Overview**  

As a security first organization, Technology Delivery Services (TDS) is part of the Information Technology (IT) Department. The TDS teams include Information Security, Planning (architecture and PMO), Application Development, HR \\& Payroll Development, Infrastructure, and Client Services teams. We maintain an innovative, inclusive, and supportive work environment.  

  

**Position Summary**  

The Java developer / analyst will act as a technical resource for application \\& interface design, configuration, and operation within the Identity and Access Management (IAM) domain. This role includes coding, deployment, and support for IAM\\-related functions and integrations, with a focus on Single Sign\\-On (SSO) solutions, web services, and security protocols. The role may also configure IAM\\-related software and integrations with other systems, including operating systems, middleware, databases, web services, software, and authentication proxies. The ideal candidate will have experience in the areas of software development / coding (Java), installation, configuration, and support for software products, and with configuring integrations between IT systems. A background in IAM solution development, configuration, and support is a strong plus. Proven experience with Identity and Access Management technologies and protocols (e.g., OAuth, SAML, OpenID Connect, Shibboleth). Strong Java development skills, with experience in Spring and Hibernate. Experience with RESTful APIs, SOAP messaging, and system integrations. Familiarity with database technologies (SQL, MySQL) and database security best practices. Knowledge of version control systems (Git) for version control and collaboration. Experience with cloud platforms (AWS). Familiarity with front\\-end technologies (HTML, CSS, JavaScript). Familiarity with updating certificates. Excellent problem\\-solving skills, attention to detail, and the ability to work effectively in a team\\-oriented environment. Excellent communication and collaboration skills for working with cross\\-functional teams. This role is ideal for candidates who have a strong background in Java development, IAM, and SSO technologies and are looking to contribute to secure authentication and identity management solutions within a highly matrixed and collaborative environment.  

  

**Key Responsibilities**  

  

35% Designs, develops, modifies, debugs, deploys and evaluates user identity, provisioning, and authentication related software and scripts. Performs data analysis and analyzes the design and use of data sources, including relational databases, LDAP data stores, and file\\-based data stores. Monitors and employs identity authentication and provisioning related source code control techniques and configuration management. Performs adequate testing of software to ensure proper operation and conformance to test plans. Implements release management.  

  

20% Manages user identity authentication systems and services for an organization of moderate size comprising multiple, integrated systems. Makes recommendations and performs upgrades and patches to computer hardware, software and services relating to identity and access management. Performs analysis to acquire, install, modify and support operating systems, web services, software, databases, utilities and/or tools for the management of user identities, federated authentication, user provisioning interfaces, and related logging, audit, and monitoring. Applies and manages essential security configurations.  

  

15% Identifies, evaluates and develops complex systems, processes and procedures specific to the creation, lifecycle management, and provisioning of trusted user accounts and related authentication mechanisms. Creates specifications for IAM related systems to meet end\\-user requirements. Develops user interface designs, including self\\-registration and user provisioning / approval workflow mechanisms. Gathers, analyzes, and documents IAM system requirements, revising existing system and process logic issues as necessary.  

  

10% Troubleshoots and resolves complex technical issues, including hardware, custom and off\\-the\\-shelf software, supporting service integrations, and related interfaces and network configurations. Coordinates workflow of support requests, setting priorities and tracking resolution. Ensures compliance with and provides input to service level agreements.  

  

10% Security \\- Participates in security training and keeps current with industry best practices to ensure software is not exposing the organization to unnecessary risk. Contributes to architecture design to ensure that software/applications are secure. Addresses vulnerabilities as they are discovered by assisting in developing action plans and remediating issues discovered in the software. Keeps up to date of new developments in software vulnerabilities and prevention.  

  

10% Act as the IT point of contact for questions, application support, and maintenance of the system. Participate in a 24x7 on\\-call rotation and perform regular system maintenance during off hours and over the weekends as needed.  

  

**Experience**  

Required Qualifications  

Min 8 years of related Information Technology work experience.  

* 

  

  

**Skills and Abilities**  

Required Qualifications  

* Demonstrated skills associated with programming design, modification and implementation.
* Advanced knowledge of secure software development. Demonstrated ability to create software specifications.
* Ability to elicit and communicate technical and non\\-technical information in a clear and concise manner.
* Interpersonal skills sufficient to work with both technical and non\\-technical personnel at various levels in the organization.
* Demonstrated ability to install software and troubleshoot and repair moderately complex problems with computing devices, peripherals and software.
* Understanding of and experience troubleshooting client, server and peripherals\\-related issues and actions that can be taken to improve or correct performance.
* Thorough knowledge of business and process analysis functions.
* Skills and experience with development, configuration, testing, and operational support of identity and access management related tools and technologies.
* Ability to write technical documentation in a clear and concise manner.
* Knowledge of identity and access management concepts, tools, and technologies.

  

Preferred Qualifications  

* Knowledge of the design, development and application of technology and systems to meet business needs.
* Demonstrated experience with database administration.
* Working knowledge of database management systems and standards.
* Advanced database querying and modeling skills working with moderately complex databases.
* Advanced knowledge of computer security tools, best practices and policies including demonstrated experience securing server\\-based software.
* Demonstrated skill at administering moderately complex security controls and configurations to computer hardware, software and networks.
* Experience in incident response and digital forensics, including data collection, examination and analysis.
* Demonstrated testing and test planning skills.
* Demonstrated comprehensive understanding of how system management actions affect other systems, system users and dependent / related functions.
* Familiarity with data quality and governance issues and requirements.
* Familiarity with logical data design and data mapping or data conversion.

  

**Education**  

Required Qualifications  

Bachelor's degree in related area and / or equivalent experience / training  

* 

  

  

**Licenses and Certifications**  

Preferred Qualifications  

* CISSP

  

**Job Title**  

Information Systems Analyst 4  

  

**Job Code**  

000499  

  

**Salary Grade**  

Grade 25  

  

**Payscale:**  

$145,000 \\- $165,000  

  

The University of California, Office of the President, is required to provide a reasonable estimate of the compensation range for this role. This range takes into account the wide range of factors that are considered in making compensation decisions including but not limited to experience, skills, knowledge, abilities, education, licensure and certifications, and other business and organizational needs. It is not typical for an individual to be offered a salary at or near the top of the range for a position. Salary offers are determined based on final candidate qualifications and experience. The full salary range shows the growth potential for this position and the pay scale is the budgeted salary or hourly range that the University reasonably expects to pay for this position.  

  

Benefits: For information on the comprehensive benefits package offered by the University visit: Benefits of Belonging  

  

**ADDITIONAL INFORMATION**  

  

**California residents, or those willing to relocate to CA, who wish to work onsite, hybrid, or remote, will be considered. Not eligible for Visa sponsorship or transfer.**  

  

**HOW TO APPLY**  

  

Please be prepared to attach a cover letter and resume with your application.  

  

**APPLICATION REVIEW DATE**  

  

The first review date for this job is2/21/2025\\. The position will be open until filled.  

  

**CONDITIONS OF EMPLOYMENT**  

  

Background Check Process: Successful completion of a background check is required for this critical position. Background check process at UCOP  

  

Smoke Free Work Environment: The University of California, Office of the President, is smoke \\& tobacco\\-free as of January 1, 2014\\. UC Smoke \\& Tobacco Free Policy  

  

As a condition of employment, you will be required to comply with the University of California Policy on Vaccination Programs, as may be amended or revised from time to time. Federal, state, or local public health directives may impose additional requirements.  

  

As a condition of employment, the finalist will be required to disclose if they are subject to any final administrative or judicial decisions within the last seven years determining that they committed any misconduct, are currently being investigated for misconduct, left a position during an investigation for alleged misconduct, or have filed an appeal with a previous employer.  

* ""Misconduct"" means any violation of the policies or laws governing conduct at the applicant's previous place of employment, including, but not limited to, violations of policies or laws prohibiting sexual harassment, sexual assault, or other forms of harassment, discrimination, dishonesty, or unethical conduct, as defined by the employer.
	+ UC Sexual Violence and Sexual Harassment Policy
	+ UC Anti\\-Discrimination Policy for Employees, Students and Third Parties
	+ APM \\- 035: Affirmative Action and Nondiscrimination in Employment

  

**EEO STATEMENT**  

  

The University of California, Office of the President, is an Equal Opportunity/Affirmative Action Employer. All qualified applicants will receive consideration for employment without regard to race, color, religion, sex, sexual orientation, gender identity, national origin, disability, age or protected veteran status. For the University of California's Affirmative Action Policy please visit: https://policy.ucop.edu/doc/4010393/PPSM\\-20\\. For the University of California's Anti\\-Discrimination Policy, please visit: https://policy.ucop.edu/doc/1001004/Anti\\-Discrimination.  

  

The University of California, Office of the President, strives to make this job board accessible to any and all users. If you have comments regarding the accessibility of our website or need assistance completing the application process, please contact us at: Accessibility or email the Human Resource Department at: epost@ucop.edu.  

  

  

  

  

**To apply, visit** **https://careerspub.universityofcalifornia.edu/psc/ucop/EMPLOYEE/HRMS/c/HRS\\_HRAM\\_FL.HRS\\_CG\\_SEARCH\\_FL.GBL?Page\\=HRS\\_APP\\_JBPST\\_FL\\&JobOpeningId\\=75975\\&PostingSeq\\=1\\&SiteId\\=19\\&languageCd\\=ENG\\&FOCUS\\=Applicant**  

  

jeid\\-9d1ba1a78239724782a2d2c8ffb73cfe","","https://www.indeed.com/cmp/University-of-California-Office-of-the-President-3","https://d2q79iu7y748jz.cloudfront.net/s/_squarelogo/256x256/904deaa8a4f952e9236b721b4d5469ad","https://ucop.edu/","Oakland, CA","1,001 to 5,000","Decline to state","The Office of the President is the system wide headquarters of the University of California, managing its fiscal and business operations, and supporting the academic and research missions across its c"
"in-bf750252b6f1d1a7","indeed","https://www.indeed.com/viewjob?jk=bf750252b6f1d1a7","https://careers.rivian.com/jobs/21694/job?utm_source=indeed_integration&iis=Job%20Board&iisn=Indeed&indeed-apply-token=73a2d2b2a8d6d5c0a62696875eaebd669103652d3f0c2cd5445d3e66b1592b0f","Sr./Staff Software Engineer, Perception, Autonomy","Rivian","Palo Alto, CA, US","2025-01-31","fulltime","direct_data","yearly",228000.0,285000.0,"USD",False,"","","","candidateaccommodations@rivian.com","About Us:

Rivian is on a mission to keep the world adventurous forever. This goes for the emissions\\-free Electric Adventure Vehicles we build, and the curious, courageous souls we seek to attract.  

As a company, we constantly challenge what’s possible, never simply accepting what has always been done. We reframe old problems, seek new solutions and operate comfortably in areas that are unknown. Our backgrounds are diverse, but our team shares a love of the outdoors and a desire to protect it for future generations.
Role Summary:

In this role you will be a member of the Perception team at Rivian, which develops advanced machine learning algorithms that directly impact safety critical self\\-driving features of our category defining vehicles. You will be responsible for design, implementation, testing, deployment and maintenance of onboard Perception functionality.
Responsibilities:
* Be independently responsible for the entire lifecycle of projects or features including engineering design, development, testing and maintenance
* Develop production ready software to run on our vehicles and in the cloud
* Develop perception capabilities using tools from Machine Learning, state estimation and robotics
* Develop tools and processes to evaluate and measure the performance of the Perception system
* Work with the broader team to ensure that our Perception outputs are integrated to deliver a great experience to our customers


Qualifications:
* BS, MS or PhD in Computer Science, Robotics, or other relevant Engineering disciplines
* 3\\+ years of experience in C\\+\\+ and Python, ideally in a context of real\\-time Perception systems
* 3\\+ years of robotics, AV (Autonomous Vehicle), or other real\\-time, safety\\-critical experience
* Experience developing Perception algorithms using tools from machine learning, state estimation and/or robotics
* Effective communication and collaborative skills


Pay Disclosure:

Salary Range for California Based Applicants: $228,000\\.00 \\- $285,000\\.00 (actual compensation will be determined based on experience, location, and other factors permitted by law).  

Benefits Summary: Rivian provides robust medical/Rx, dental and vision insurance packages for full\\-time employees, their spouse or domestic partner, and children up to age 26\\. Coverage is effective on the first day of employment  


Company Statements:
#### **Equal Opportunity**


Rivian is an equal opportunity employer and complies with all applicable federal, state, and local fair employment practices laws. All qualified applicants will receive consideration for employment without regard to race, color, religion, national origin, ancestry, sex, sexual orientation, gender, gender expression, gender identity, genetic information or characteristics, physical or mental disability, marital/domestic partner status, age, military/veteran status, medical condition, or any other characteristic protected by law.  

Rivian is committed to ensuring that our hiring process is accessible for persons with disabilities. If you have a disability or limitation, such as those covered by the Americans with Disabilities Act, that requires accommodations to assist you in the search and application process, please email us at candidateaccommodations@rivian.com.#### **Candidate Data Privacy**


Rivian may collect, use and disclose your personal information or personal data (within the meaning of the applicable data protection laws) when you apply for employment and/or participate in our recruitment processes (“Candidate Personal Data”). This data includes contact, demographic, communications, educational, professional, employment, social media/website, network/device, recruiting system usage/interaction, security and preference information. Rivian may use your Candidate Personal Data for the purposes of (i) tracking interactions with our recruiting system; (ii) carrying out, analyzing and improving our application and recruitment process, including assessing you and your application and conducting employment, background and reference checks; (iii) establishing an employment relationship or entering into an employment contract with you; (iv) complying with our legal, regulatory and corporate governance obligations; (v) recordkeeping; (vi) ensuring network and information security and preventing fraud; and (vii) as otherwise required or permitted by applicable law.  

Rivian may share your Candidate Personal Data with (i) internal personnel who have a need to know such information in order to perform their duties, including individuals on our People Team, Finance, Legal, and the team(s) with the position(s) for which you are applying; (ii) Rivian affiliates; and (iii) Rivian’s service providers, including providers of background checks, staffing services, and cloud services.  

Rivian may transfer or store internationally your Candidate Personal Data, including to or in the United States, Canada, the United Kingdom, and the European Union and in the cloud, and this data may be subject to the laws and accessible to the courts, law enforcement and national security authorities of such jurisdictions. **Please note that we are currently not accepting applications from third party application services.**","","https://www.indeed.com/cmp/Rivian-3","https://d2q79iu7y748jz.cloudfront.net/s/_squarelogo/256x256/dce137c67c15b65005d1558077d07c2b","https://careers.rivian.com/careers-home/","Irvine, CA","10,000+","Decline to state","Rivian is developing and manufacturing vehicles and technology to inspire people to  explore the world."
"in-ebad2eb1697c9bc5","indeed","https://www.indeed.com/viewjob?jk=ebad2eb1697c9bc5","https://careers.amd.com/jobs/58131/job?utm_source=indeed_integration&iis=Job%20Board&iisn=Indeed&indeed-apply-token=73a2d2b2a8d6d5c0a62696875eaebd669103652d3f0c2cd5445d3e66b1592b0f","MTS Software Development Eng.","AMD","San Jose, CA, US","2025-01-31","","direct_data","yearly",147818.0,222936.0,"USD",False,"","","","","Overview:
**WHAT YOU DO AT AMD CHANGES EVERYTHING**

We care deeply about transforming lives with AMD technology to enrich our industry, our communities, and the world. Our mission is to build great products that accelerate next\\-generation computing experiences – the building blocks for the data center, artificial intelligence, PCs, gaming and embedded. Underpinning our mission is the AMD culture. We push the limits of innovation to solve the world’s most important challenges. We strive for execution excellence while being direct, humble, collaborative, and inclusive of diverse perspectives.

AMD together we advance\\_
Responsibilities:
**AI Models Engineering, Efficient Generative AI** **THE ROLE:**
Join our innovative team at AMD as an AI Models Software Engineer. We are seeking passionate individuals who are dedicated to optimizing, accelerating, and applying AI models. As a member of our dynamic team, you will have the opportunity to shape the future of AI model development and make a significant impact in various industries and applications. **THE PERSON:**
We are looking for a candidate who is deeply passionate about AI models and possesses strong engineering skills to tackle complex challenges. You should have experience in optimizing and accelerating NLP/Generative AI models. Effective communication and collaboration with diverse teams across AMD are essential for success in this role.  

  

As an AI Models Software Engineer, you will:  

1\\. Drive Innovation: Work on cutting\\-edge projects and collaborate with a team of highly skilled industry specialists. Push the boundaries of AI model optimization and application and contribute to the advancement of AI technology.  

2\\. Optimize AI Models: Leverage quantization, sparsity, and architecture search methods to optimize and enhance the performance, efficiency, and accuracy of Generative AI models. Unlock the full potential of AI technology and enable groundbreaking solutions.  

3\\. Collaborate with Experts: Collaborate closely with software engineers, data scientists, and researchers to integrate AI models into software applications and platforms. Learn from the best in the field and work together to achieve seamless integration and optimal performance.  

4\\. Stay Ahead of the Curve: Stay updated with the latest advancements in AI algorithms, frameworks, and technologies. Continuously explore new techniques and approaches to stay at the forefront of AI model development and optimization.  

  

By joining our team, you will be part of a collaborative environment that fosters innovation and encourages professional growth. You will have access to cutting\\-edge technology, training programs, mentorship opportunities, and a clear career progression path.  

  

If you are passionate about AI models and possess the skills to drive innovation and optimization, we invite you to join our team at AMD. Apply now and be at the forefront of the AI revolution! **KEY RESPONSIBILITIES:*** Research, design, and implement novel methods for efficient Generative AI training and inference
* Algorithmic model optimization and training methods design including quantization, sparsity, innovative parallelism strategies etc.
* Innovate and publish your work.
* Collaborate with other team members and teams.

 **PREFERRED EXPERIENCE:*** Project experiences on generative tasks. Familiar with deep learning framework, e.g., Pytorch/JAX/ONNX/TensorFlow.
* Experience working with linear scaling of large language models and training at scale
* Project experiences on model compression, quantization, and end\\-to\\-end inference optimization.
* Strong knowledge of artificial intelligence, deep learning or machine learning.
* Strong coding skills in Python required, C/C\\+\\+ skills a plus.
* Skilled in academic paper writing and technical innovation.
* Additional plus if recent publications include conferences such as NeuRIPS, CVPR, ECCV/ICCV, ICML, ICLR, etc.
* Experience with any of the following also a plus: LLMs, Large Multi\\-modal models, stable diffusion, or text\\-to\\-video generation.

 **ACADEMIC CREDENTIALS:*** A PhD or master’s degree in artificial intelligence, machine learning, or a related field.

 **LOCATION:*** San Jose, USA


Qualifications:

At AMD, your base pay is one part of your total rewards package. Your base pay will depend on where your skills, qualifications, experience, and location fit into the hiring range for the position. You may be eligible for incentives based upon your role such as either an annual bonus or sales incentive. Many AMD employees have the opportunity to own shares of AMD stock, as well as a discount when purchasing AMD stock if voluntarily participating in AMD’s Employee Stock Purchase Plan. You’ll also be eligible for competitive benefits described in more detail here. *AMD does not accept unsolicited resumes from headhunters, recruitment agencies, or fee\\-based recruitment services. AMD and its subsidiaries are equal opportunity, inclusive employers and will consider all applicants without regard to age, ancestry, color, marital status, medical condition, mental or physical disability, national origin, race, religion, political and/or third\\-party affiliation, sex, pregnancy, sexual orientation, gender identity, military or veteran status, or any other characteristic protected by law. We encourage applications from all qualified candidates and will accommodate applicants’ needs under the respective laws throughout all stages of the recruitment and selection process.*","Computers And Electronics","https://www.indeed.com/cmp/Amd","https://d2q79iu7y748jz.cloudfront.net/s/_squarelogo/256x256/0d88c8b7ad753413e8139d134955d34d","http://www.amd.com/","Sunnyvale, California","5,001 to 10,000","$5B to $10B (USD)",""
"in-a81bffa04806a034","indeed","https://www.indeed.com/viewjob?jk=a81bffa04806a034","https://careers.adobe.com/us/en/job/ADOBUSR153301EXTERNALENUS/Software-Development-Engineer-4?utm_source=indeed&utm_medium=phenom-feeds","Software Development Engineer 4","Adobe","San Jose, CA, US","2025-01-31","fulltime","direct_data","yearly",133900.0,242000.0,"USD",False,"","","","accommodations@adobe.com","Our Company
  
  

Changing the world through digital experiences is what Adobe’s all about. We give everyone—from emerging artists to global brands—everything they need to design and deliver exceptional digital experiences! We’re passionate about empowering people to create beautiful and powerful images, videos, and apps, and transform how companies interact with customers across every screen.
  
  

We’re on a mission to hire the very best and are committed to creating exceptional employee experiences where everyone is respected and has access to equal opportunity. We realize that new ideas can come from everywhere in the organization, and we know the next big idea could be yours!
  
  

Adobe is looking for a Senior Full\\-Stack Software Engineer to join GenStudio for Performance Marketing Engineering team.
  
  

We’re seeking candidates to help us design, build and run high traffic, high\\-demand services that drive business for the world’s top brands. We are looking for people who are self\\-starters.
  
What you will do
  
  

As a key player in our team, you'll tackle intricate design challenges head\\-on, crafting exceptional web experiences that captivate users. You'll champion design thinking within development teams, fostering collaboration between engineers and designers to create reusable, scalable code and cohesive user experiences. Through pair programming and peer reviews, you'll engage with colleagues to navigate sophisticated coding challenges, fuel innovative ideas, and refine groundbreaking methodologies.
  
  

Your role will involve developing adaptable solutions tailored for a diverse, high\\-value audience, ensuring every feature delivers impact at scale. You'll dive into analytics, user research, and feedback from our in\\-house community team to glean insights that elevate product usability and inspire new possibilities. Collaborating across teams and departments, you'll contribute to discussions on features, architecture, timelines, and testing strategies. With access to the latest technology stacks, you'll craft and deliver both front\\-end and back\\-end features, driving the evolution of our product from concept to completion.
  
  

Experience
  
Over 7 years of demonstrated expertise in constructing and deploying web applications or interactive websites.
  
A Bachelor's degree or equivalent experience in Computer Science, web design, or a related field.
  
Established track record of delivering robust and intricate user interfaces
  
Deep understanding of front and back\\-end development technologies, including JavaScript library like React, Java and NodeJS
  
Profound knowledge of web technologies, encompassing the DOM, web security, asynchrony, workers, and performance optimization.
  
Proficient in visual and web design analysis and application, with a keen interest in using modern styling techniques to craft visually appealing and interactive experiences.
  
Familiar with a variety of the cloud and automation concepts, practices, and procedures
  
Familiarity with Single SPA, Micro frontend and similar concepts
  
Experience with developing, observing, and operating products
  
using hyper scaled public clouds such as Azure or AWS cloud platforms
  
Personal Profile
  
Great teammate who thrives under pressure
  
Interest in mentoring team members with groundbreaking technology
  
Obsessed in improving customer value high quality and reliable services
  
Proven acuity in building and running world class services
  
Passion for technology and to drive our vision
  
Proficient in UX Design
  
Excellent interpersonal and communication skills
  
  

At Adobe, you will be immersed in an exceptional work environment that is recognized throughout the world on Best Companies lists. You will also be surrounded by colleagues who are committed to helping each other grow through our outstanding Check\\-In approach where ongoing feedback flows freely.
  
  

If you’re looking to make an impact, Adobe's the place for you. Discover what our employees are saying about their career experiences on the Adobe Life blog and explore the meaningful benefits we offer.
  
  

Adobe is an equal opportunity employer. We welcome and encourage diversity in the workplace regardless of race, gender, sexual orientation, gender identity, disability or veteran status.
  
Our compensation reflects the cost of labor across several U.S. geographic markets, and we pay differently based on those defined markets. The U.S. pay range for this position is $133,900 \\-\\- $242,000 annually. Pay within this range varies by work location and may also depend on job\\-related knowledge, skills, and experience. Your recruiter can share more about the specific salary range for the job location during the hiring process.
  
  

At Adobe, for sales roles starting salaries are expressed as total target compensation (TTC \\= base \\+ commission), and short\\-term incentives are in the form of sales commission plans. Non\\-sales roles starting salaries are expressed as base salary and short\\-term incentives are in the form of the Annual Incentive Plan (AIP).
  
  

In addition, certain roles may be eligible for long\\-term incentives in the form of a new hire equity award.
  
  

Adobe will consider qualified applicants with arrest or conviction records for employment in accordance with state and local laws and “fair chance” ordinances.
  
  

Adobe is proud to be an Equal Employment Opportunity and affirmative action employer. We do not discriminate based on gender, race or color, ethnicity or national origin, age, disability, religion, sexual orientation, gender identity or expression, veteran status, or any other applicable characteristics protected by law. Learn more.
  
  

Adobe aims to make Adobe.com accessible to any and all users. If you have a disability or special need that requires accommodation to navigate our website or complete the application process, email accommodations@adobe.com or call (408\\) 536\\-3015\\.
  
  

Adobe values a free and open marketplace for all employees and has policies in place to ensure that we do not enter into illegal agreements with other companies to not recruit or hire each other’s employees.","","https://www.indeed.com/cmp/Adobe","https://d2q79iu7y748jz.cloudfront.net/s/_squarelogo/256x256/8556eb9d8fef8a256b09c6eed07eb084","http://www.adobe.com","San Jose, CA","10,000+","$5B to $10B (USD)","Let's Create Experiences that Matter."
"in-f0e54ed89aef9fd8","indeed","https://www.indeed.com/viewjob?jk=f0e54ed89aef9fd8","https://x.company/careers-at-x/7843266002/","Software Engineer, Early Stage Project, X","X Development","Mountain View, CA, US","2025-01-31","fulltime","direct_data","yearly",126000.0,192000.0,"USD",False,"","","","-request@x.team","**About X, the Moonshot Factory**


X is a diverse group of inventors and entrepreneurs who build and launch technologies that aim to improve the lives of millions, even billions, of people. Our goal: 10x impact on the world’s most intractable problems, not just 10% improvement. We approach projects that have the aspiration and riskiness of research with the speed and ambition of a startup.

**About the Team:**


Our team – Bellwether – operates at the intersection of machine learning, geospatial data, and pressing issues with enterprise customers, governments, and more. We focus on severe weather manifestations of climate change, such as wildfires, and aim to use a wide range of data and analytics to better understand and predict what these events could mean for communities and businesses across the globe. We do this through the detection and classification of the features and patterns of the natural and built worlds, the application of cutting\\-edge machine learning, and the redesign of the full geo\\-ML workflow. This work extends into development and production\\-level work as well, as Bellwether also has a number of products that are live with customers. The result: tools and models that allow a range of industries to better leverage earth observation insights.

**About the role:**


You will be a hands\\-on engineer, contributing to all aspects of the project’s development and deployment of applications. We are looking for a motivated generalist with broad experience across systems architecture and design in one or more cloud platforms. Our team is small but mighty and highly collaborative, and values pair programming and cooperative ideation. We are committed to the agile principles and rely heavily on this framework for efficient sprints and cycles. We are looking for passionate and driven people, who are comfortable moving between creative, big\\-picture thinking. From model design and experimentation to production\\-level deployment. We operate in a fast\\-paced, fluid environment as our team moves from early stage development into production phases.

**How you will make 10x impact:**

* Embracing your ability to be a ‘power generalist’, enjoying the fluidity of moving from machine learning to production\\-level execution. From high level strategy to specific tactics.
* Help execute key decisions on software architecture and features balancing business needs and our technology roadmap, balancing longevity with rapid prototyping
* Contribute as a key team member to the creation of new systems and processes to ensure high quality development, deployment, and maintenance of live applications in production environments
* Create and maintain Google Cloud Platform\\-based infrastructure for software development and high\\-volume production systems.
* Present findings to team members, internal and external stakeholders, and help set a direction for future development.

**What you should have:**

* Bachelors of Science in Computer Science or equivalent practical experience
* 3\\-5 years experience with parts of the machine learning development pipeline: research, experimentation, and ML\\-ops
* Experience with a wide variety of backend tasks, including code development, designing for and implementing security measures and controls, troubleshooting and debugging, designing and implementing code testing processes, and/or monitoring deployed application’s performance and health.
* Experience with one or more common software design patterns (for example, Observer, Decorator, Visitor, Producer/Consumer, etc).
* Experience working on an early stage project and environment that moves into a production phase
* Experience with open source tools such as: Git, TensorFlow, Apache Beam/Dataflow, Google Compute Engine.
* Experience with one or more general purpose programming languages, including but not limited to Python
* An ability to thrive in an Agile\\-driven team: iteratively sprinting toward goals and products, contributing new ideas, standards, and processes.

**It’d be great if you also had these:**

* Experience working with a wide variety of geospatial data
* Experience interfacing with customers
* Experience in Machine Learning Operations \\- scaling existing machine learning applications into production


The US base salary range for this full\\-time position is $126,000 \\- $192,000 \\+ bonus \\+ equity \\+ benefits. Within the range, individual pay is determined by work location and additional factors, including job\\-related skills, experience, and relevant education or training. Your recruiter can share more about the specific salary range for your location during the hiring process.
  

  

Please note that the compensation details listed in US role postings reflect the base salary only, and do not include bonus, equity, or benefits.


At X, we don't just accept difference \\- we celebrate it, we support it, and we thrive on it for the benefit of our employees, our products and our community. We are proud to be an equal opportunity workplace and is an affirmative action employer. We are committed to equal employment opportunity regardless of race, color, ancestry, religion, sex, national origin, sexual orientation, age, citizenship, marital status, disability, gender identity or Veteran status. We also consider qualified applicants regardless of criminal histories, consistent with legal requirements.


If you have a disability or special need that requires accommodation, please contact us at: x\\-accommodation\\-request@x.team.","","https://www.indeed.com/cmp/X-Development","","https://www.x.company","Mountain View","1,001 to 5,000","",""
"in-a4a6b4ac84dba3a0","indeed","https://www.indeed.com/viewjob?jk=a4a6b4ac84dba3a0","https://www.amazon.jobs/jobs/2889577/software-development-engineer-alexa-alarms?cmpid=DA_INAD200785B","Software Development Engineer, Alexa Alarms","Amazon.com","Sunnyvale, CA, US","2025-01-29","fulltime","direct_data","yearly",129300.0,223600.0,"USD",False,"","","","","\\- 3\\+ years of non\\-internship professional software development experience
\\- 2\\+ years of non\\-internship design or architecture (design patterns, reliability and scaling) of new and existing systems experience
\\- Experience programming with at least one software programming language
\\- Bachelor's degree in computer science or equivalent
  

Do you want to work on industry leading technology, solve new problems that didn’t exist before, and have the ability to see the impact of your successes?
Join the Alexa Alarms team to impact millions of customers daily! Our team leads mission\\-critical features including Alarm creation and management, scheduling and delivery across Echo devices, voice and UI interactions, ultimately shaping how customers interact with Alexa every day.
Amazon's technology teams innovate directly for customers, making us one of the world's leading brands. Our Software Development Engineers (SDEs) leverage the latest technologies to solve complex challenges that immediately impact our global user base.
As an SDE at Amazon, you'll create products that serve millions of customers and sellers worldwide. We develop and ship features in weeks, not years, requiring strong technical skills and comfort with ambiguity. If you're ready to build large\\-scale solutions that define the future of intelligent assistants, apply now!
Key job responsibilities
\\- Design and ship high quality systems that meet the highest customer standards
\\- Lead development and maintenance of domain features
\\- Maintain a high operational bar, bring the right rigor and oversight to code, own what you and your team delivers
\\- Work in an Agile/Scrum environment to deliver high quality software without compromising speed or quality
\\- Participate in code reviews, design discussions, and team meetings
\\- Mentor other engineers and provide technical guidance
  

* 3\\+ years of full software development life cycle, including coding standards, code reviews, source control management, build processes, testing, and operations experience
* Knowledge of professional software engineering \\& best practices for full software development life cycle, including coding standards, software architectures, code reviews, source control management, continuous deployments, testing, and operational excellence
* Master's degree in computer science or equivalent
* Excellent understanding of design for scalability, performance and reliability for building Java\\-based cloud services using NoSQL, AWS etc.

  

Amazon is committed to a diverse and inclusive workplace. Amazon is an equal opportunity employer and does not discriminate on the basis of race, national origin, gender, gender identity, sexual orientation, protected veteran status, disability, age, or other legally protected status.  

  

Los Angeles County applicants: Job duties for this position include: work safely and cooperatively with other employees, supervisors, and staff; adhere to standards of excellence despite stressful conditions; communicate effectively and respectfully with employees, supervisors, and staff to ensure exceptional customer service; and follow all federal, state, and local laws and Company policies. Criminal history may have a direct, adverse, and negative relationship with some of the material job duties of this position. These include the duties and responsibilities listed above, as well as the abilities to adhere to company policies, exercise sound judgment, effectively manage stress and work safely and respectfully with others, exhibit trustworthiness and professionalism, and safeguard business operations and the Company’s reputation. Pursuant to the Los Angeles County Fair Chance Ordinance, we will consider for employment qualified applicants with arrest and conviction records.  

  

Our inclusive culture empowers Amazonians to deliver the best results for our customers. If you have a disability and need a workplace accommodation or adjustment during the application and hiring process, including support for the interview or onboarding process, please visit https://amazon.jobs/content/en/how\\-we\\-hire/accommodations for more information. If the country/region you’re applying in isn’t listed, please contact your Recruiting Partner.  

  

Our compensation reflects the cost of labor across several US geographic markets. The base pay for this position ranges from $129,300/year in our lowest geographic market up to $223,600/year in our highest geographic market. Pay is based on a number of factors including market location and may vary depending on job\\-related knowledge, skills, and experience. Amazon is a total compensation company. Dependent on the position offered, equity, sign\\-on payments, and other forms of compensation may be provided as part of a total compensation package, in addition to a full range of medical, financial, and/or other benefits. For more information, please visit https://www.aboutamazon.com/workplace/employee\\-benefits. This position will remain posted until filled. Applicants should apply via our internal or external career site.","Internet And Software","https://www.indeed.com/cmp/Amazon.com","https://d2q79iu7y748jz.cloudfront.net/s/_squarelogo/256x256/3e9d43f5c277de169808abdcaf49ba2c","https://www.amazon.jobs","440 Terry Ave N, Seattle, WA, United States, Washington","10,000+","more than $10B (USD)","Our mission is to be Earth's most customer-centric company."
"in-ed6b3a013db50065","indeed","https://www.indeed.com/viewjob?jk=ed6b3a013db50065","https://www.amazon.jobs/jobs/2889665/software-development-engineer-blackwatch-core-platform?cmpid=DA_INAD200785B","Software Development Engineer, BlackWatch Core Platform","Amazon.com","Santa Clara, CA, US","2025-01-28","fulltime","direct_data","yearly",129300.0,223600.0,"USD",False,"","","","","\\- 3\\+ years of non\\-internship professional software development experience
\\- 2\\+ years of non\\-internship design or architecture (design patterns, reliability and scaling) of new and existing systems experience
\\- Experience programming with at least one software programming language
  

AWS Infrastructure Services owns the design, planning, delivery, and operation of all AWS global infrastructure. In other words, we’re the people who keep the cloud running. We support all AWS data centers and all of the servers, storage, networking, power, and cooling equipment that ensure our customers have continual access to the innovation they rely on. We work on the most challenging problems, with thousands of variables impacting the supply chain — and we’re looking for talented people who want to help.
You’ll join a diverse team of software, hardware, and network engineers, supply chain specialists, security experts, operations managers, and other vital roles. You’ll collaborate with people across AWS to help us deliver the highest standards for safety and security while providing seemingly infinite capacity at the lowest possible cost for our customers. And you’ll experience an inclusive culture that welcomes bold ideas and empowers you to own them to completion.
The Anti\\-DDoS team is the frontline defense for all DDoS threats world\\-wide, against all Amazon \\& AWS customers and services. Our architecture must be highly scalable, performant, and continually evolve against threats as they emerge.
The Anti\\-DDoS team is looking for software engineers to solve incredibly challenging low\\-level networking problems, deliver new capabilities, and continue to scale our platform to meet the increasing needs of our customers world\\-wide. The ideal candidate has strong technical background in computer networking and programming experience in Java, C, C\\+\\+, Python.
Candidates who enjoy computer networking, building scalable user interfaces and performance sensitive control plane infrastructure, deep packet analysis, systems programming and have deep analytical skills and excellent communication skills will find the Anti\\-DDoS team to be inline with their interests and desire for challenge. You must be able to highly collaborate, be creative, analytical and thrive in fast\\-paced environments, all while interacting with highly technical software and networking development teams.
Key job responsibilities
The AWS Shield Anti\\-DDoS team is looking for a Software Development Engineer who can help us build the next generation of our service's Control Plane infrastructure. Our team also owns and maintains the existing control plane infrastructure, while also ensuring that packet processing metrics are delivered in a timely and efficient manner. In addition to this, the team is responsible to scale and maintain the Anti\\-DDoS service's configuration dashboard and user interface, which provides insight and visibility into the SoW (state of the world) for our service.
About the team
\\*Why AWS\\*
Amazon Web Services (AWS) is the world’s most comprehensive and broadly adopted cloud platform. We pioneered cloud computing and never stopped innovating — that’s why customers from the most successful startups to Global 500 companies trust our robust suite of products and services to power their businesses.
\\*Diverse Experiences\\*
Amazon values diverse experiences. Even if you do not meet all of the preferred qualifications and skills listed in the job description, we encourage candidates to apply. If your career is just starting, hasn’t followed a traditional path, or includes alternative experiences, don’t let it stop you from applying.
\\*Work/Life Balance\\*
We value work\\-life harmony. Achieving success at work should never come at the expense of sacrifices at home, which is why we strive for flexibility as part of our working culture. When we feel supported in the workplace and at home, there’s nothing we can’t achieve in the cloud.
\\*Inclusive Team Culture\\*
Here at AWS, it’s in our nature to learn and be curious. Our employee\\-led affinity groups foster a culture of inclusion that empower us to be proud of our differences. Ongoing events and learning experiences, including our Conversations on Race and Ethnicity (CORE) and AmazeCon (gender diversity) conferences, inspire us to never stop embracing our uniqueness.
\\*Mentorship and Career Growth\\*
We’re continuously raising our performance bar as we strive to become Earth’s Best Employer. That’s why you’ll find endless knowledge\\-sharing, mentorship and other career\\-advancing resources here to help you develop into a better\\-rounded professional.
  

* 3\\+ years of full software development life cycle, including coding standards, code reviews, source control management, build processes, testing, and operations experience
* Bachelor's degree in computer science or equivalent

  

Amazon is committed to a diverse and inclusive workplace. Amazon is an equal opportunity employer and does not discriminate on the basis of race, national origin, gender, gender identity, sexual orientation, protected veteran status, disability, age, or other legally protected status.  

  

Los Angeles County applicants: Job duties for this position include: work safely and cooperatively with other employees, supervisors, and staff; adhere to standards of excellence despite stressful conditions; communicate effectively and respectfully with employees, supervisors, and staff to ensure exceptional customer service; and follow all federal, state, and local laws and Company policies. Criminal history may have a direct, adverse, and negative relationship with some of the material job duties of this position. These include the duties and responsibilities listed above, as well as the abilities to adhere to company policies, exercise sound judgment, effectively manage stress and work safely and respectfully with others, exhibit trustworthiness and professionalism, and safeguard business operations and the Company’s reputation. Pursuant to the Los Angeles County Fair Chance Ordinance, we will consider for employment qualified applicants with arrest and conviction records.  

  

Our inclusive culture empowers Amazonians to deliver the best results for our customers. If you have a disability and need a workplace accommodation or adjustment during the application and hiring process, including support for the interview or onboarding process, please visit https://amazon.jobs/content/en/how\\-we\\-hire/accommodations for more information. If the country/region you’re applying in isn’t listed, please contact your Recruiting Partner.  

  

Our compensation reflects the cost of labor across several US geographic markets. The base pay for this position ranges from $129,300/year in our lowest geographic market up to $223,600/year in our highest geographic market. Pay is based on a number of factors including market location and may vary depending on job\\-related knowledge, skills, and experience. Amazon is a total compensation company. Dependent on the position offered, equity, sign\\-on payments, and other forms of compensation may be provided as part of a total compensation package, in addition to a full range of medical, financial, and/or other benefits. For more information, please visit https://www.aboutamazon.com/workplace/employee\\-benefits. This position will remain posted until filled. Applicants should apply via our internal or external career site.","Internet And Software","https://www.indeed.com/cmp/Amazon.com","https://d2q79iu7y748jz.cloudfront.net/s/_squarelogo/256x256/3e9d43f5c277de169808abdcaf49ba2c","https://www.amazon.jobs","440 Terry Ave N, Seattle, WA, United States, Washington","10,000+","more than $10B (USD)","Our mission is to be Earth's most customer-centric company."
"in-838c5fd1f9527c1b","indeed","https://www.indeed.com/viewjob?jk=838c5fd1f9527c1b","https://box.eightfold.ai/careers/job/584142555134?domain=box.com","Senior Software Engineer, Observability","Box","Redwood City, CA, US","2025-01-23","","direct_data","yearly",181000.0,226500.0,"USD",False,"","","","","**WHAT IS BOX?**



Box is the world’s leader in Intelligent Content Management. We are trusted by more than 115K organizations around the world today, including nearly 70% of the Fortune 500 and leaders across deeply regulated industries (such as AstraZeneca, JLL, and Nationwide), to protect their data, fuel collaboration, and power critical workflows with secure, enterprise AI.



By joining Box, you will have the unique opportunity to continue driving our platform forward. Content powers how we work. It’s the billions of files and information flowing across teams, departments, and key business processes every single day: contracts, invoices, employee records, financials, product specs, marketing assets, and more. Our mission is to bring intelligence to the world of content management and empower our customers to completely transform workflows across their organizations. With the combination of AI and enterprise content, the opportunity has never been greater to transform how the world works together and at Box you will be on the front lines of this massive shift.



Founded in 2005, Box is headquartered in Redwood City, CA, and we have offices across the United States, Europe, and Asia.


**WHY BOX NEEDS YOU**



The Observability Team focuses on building frameworks and systems to manage the performance of Box, scaling to billions of events per second. We standardize observability across engineering teams, design high\\-performing services, and promote effective observability practices. Our work involves creating low\\-latency, high\\-throughput data systems that enhance the resilience of Box.



Reliability and customer experience are priorities at Box, leading to ongoing requirements for observing complex systems. We seek your expertise in observability technologies—such as logging, metrics, search, analytics, and tracing—to develop impactful instrumentation and efficient data pipelines for application performance management. Your contributions will help strengthen our observability strategy and culture.



We are seeking innovative problem\\-solvers who are passionate about large\\-scale distributed systems and have deep expertise in modern observability practices. As a small team tackling complex challenges at scale, we offer the opportunity to make significant technical contributions while driving observability culture across the organization.


**WHAT YOU'LL DO**


* Design and implement a robust OpenTelemetry\\-based observability platform
* Architect and build scalable distributed tracing solutions that provide end\\-to\\-end visibility across Box's microservices architecture
* Work with modern cloud\\-native technologies including container orchestration (Kubernetes, Docker), service mesh solutions (Istio, Linkerd), and cloud platforms (AWS, GCP)
* Play a significant role in shaping the platform vision and defining feature roadmaps
* Mentor engineers across teams on observability practices and help cultivate a data\\-driven troubleshooting culture
* Participate in design reviews and architectural discussions to ensure observability is considered early in the development lifecycle
* Enhance engineering processes, principles, and culture within the team and across Box, by championing a culture of learning, continuous improvement, and blameless retrospection


**WHO YOU ARE**


* You have experience implementing distributed tracing systems using OpenTelemetry, Jaeger, or similar frameworks
* You've built and maintained large\\-scale and high\\-throughput realtime observability data pipelines
* You have worked with modern observability tools and platforms such as Grafana, Splunk, Chronosphere, Datadog, Prometheus, or similar solutions
* You have experience implementing observability solutions in cloud\\-native environments using Kubernetes
* You have experience mentoring teams on observability practices and driving adoption of new tools and processes
* You act like an owner and strive to do work you're proud of, both technically and in your team interactions
* You have experience with at least one of the core programming languages like Java, Rust, Golang, or Python
* You have 5\\+ years of experience in building scalable distributed systems
* You have a BS/MS/ Ph.D. in a scientific field or equivalent experience


Box lives its values, with community and in\\-person collaboration being a core part of our culture. Boxers are expected to work from their assigned office a minimum of 2 days per week, with a focus on Tuesdays and Thursdays. Your Recruiter will share more about how we work and company culture during the hiring process.



Head\\-over\\-heels about this role — but not sure you meet all the requirements? Apply anyway! Studies have shown that women and people of color are less likely to apply to jobs unless they meet every single qualification. At Box, we take a big\\-picture approach to hiring that fosters authenticity, diversity, and inclusion. If you're passionate about this opportunity, chances are, you shine pretty bright.


**EQUAL OPPORTUNITY**



We are an equal opportunity employer and value diversity at our company. We do not discriminate on the basis of race, religion, color, national origin, gender, sexual orientation, age, marital status, veteran status, disability, and any other protected ground of discrimination under applicable human rights legislation. Box strives to respect the dignity and ‎‎independence of people with disabilities and is committed to giving them the same ‎‎opportunity to succeed as all other employees. Inclusiveness is core to our culture at Box, and we strive to ensure you get the most from your interview experience.



Box makes reasonable accommodations for applicants with disabilities. If a reasonable accommodation is needed to participate in the job application or interview process, please complete this form. Reasonable accommodations may include scheduling adjustments, document dictation and beyond.



Notice to applicants in Los Angeles: Box, Inc and its related branches will consider for employment, qualified applicants with criminal histories in a manner consistent with the Los Angeles Fair Chair Ordinance. The Fair Chance Ordinance is provided here.



Notice to applicants in San Francisco: Box, Inc and its related branches will consider for employment, qualified applicants with criminal histories in a manner consistent with the San Francisco Fair Chair Ordinance. The Fair Chance Ordinance is provided here.



For details on how we protect your information when you apply, please see our Personnel Privacy Notice. If you are a California\\-resident, please read our California Applicant \\& Candidate Privacy Notice here.



*Box is committed to fair and equitable compensation practices. Actual base salary (or OTE if commissionable role) is dependent upon factors such as: knowledge, skill level, experience, and work location. This role is also eligible for equity and benefits. For more information on benefits, check out our* *healthcare benefits* *and additional* *Box Benefits \\+ Perks**.*

*In accordance with OFCCP compliance, here is the* *Pay Transparency Provision**.*

United States Pay Range


$181,000—$226,500 USD","","https://www.indeed.com/cmp/Box-4","https://d2q79iu7y748jz.cloudfront.net/s/_squarelogo/256x256/2ccf2ffa696bf52d1c3d7bed78088640","https://www.box.com","Redwood City, CA","1,001 to 5,000","$500M to $1B (USD)","We started Box in 2005 to make it easy to access information from anywhere and collaborate with anyone."
"in-0479e8ffd7bcc52c","indeed","https://www.indeed.com/viewjob?jk=0479e8ffd7bcc52c","https://www.amazon.jobs/jobs/2887246/software-development-engineer-iii-employee-services-tech?cmpid=DA_INAD200785B","Software Development Engineer III, Employee Services Tech","Amazon.com","Sunnyvale, CA, US","2024-12-05","fulltime","direct_data","yearly",151300.0,261500.0,"USD",False,"","","","","* 5\\+ years of non\\-internship professional software development experience
* 5\\+ years of programming with at least one software programming language experience
* 5\\+ years of leading design or architecture (design patterns, reliability and scaling) of new and existing systems experience
* Experience as a mentor, tech lead or leading an engineering team


""In addition to being a earth's most customer\\-centric company, Amazon will commit to being Earth's Best Employer and Earth's Safest Place to Work."" \\-\\- Jeff Bezos
  
  

At AET (Amazonian Experience and Technology), we take pride in making that vision a reality. We are responsible for technology that runs Amazon’s human capital management, including the business applications for payroll, benefits, time and attendance, disability and leaves, hiring, immigration, learning, health and safety. We power the HR contact center, which supports millions of Amazonians across 62 countries speaking 30\\+ languages. Simply put, our mission is to make Amazon “Earth’s Best Employer and Earth’s Safest Place to Work”.
  
  

Our mission is to provide consistent, frustration\\-free benefits, leave, and other HR experiences to our employees:
  
  

* Provide personalized, contextual and empathizing systems and processes involving HR service needs (attendance, life events, etc.).
* Sense the need and provide clear, concise, and decisive self\\-serve steps without having to wait.
* Make solutions that can scale across 60\\+ countries, with varying levels of regulatory and compliance guidance.


Key job responsibilities
  
* Invent, develop, integrate and migrate existing technologies to deliver a great Amazon experience.
* Extend and customize the Amazon Platforms that meet our new customer's needs.
* Identify problems and develop solutions on behalf of our customers (employees).
* Seed the native AWS solutions that can power any enterprise.
* Build solutions that touch each Amazon Employee, making their lives better during or outside of work.
* Develop solutions that empower each Amazon employee to understand, elect, and enjoy benefits.
* Develop tools that remove the frustrations of making benefits decisions.
* Engage with an experienced cross\\-disciplinary staff to conceive and design innovative solutions.
* Establish architectural principles, select design patterns, and mentor team members.
* 5\\+ years of full software development life cycle, including coding standards, code reviews, source control management, build processes, testing, and operations experience
* Bachelor's degree in computer science or equivalent


Amazon is committed to a diverse and inclusive workplace. Amazon is an equal opportunity employer and does not discriminate on the basis of race, national origin, gender, gender identity, sexual orientation, protected veteran status, disability, age, or other legally protected status.
  
  

**Los Angeles County applicants:** Job duties for this position include: work safely and cooperatively with other employees, supervisors, and staff; adhere to standards of excellence despite stressful conditions; communicate effectively and respectfully with employees, supervisors, and staff to ensure exceptional customer service; and follow all federal, state, and local laws and Company policies. Criminal history may have a direct, adverse, and negative relationship with some of the material job duties of this position. These include the duties and responsibilities listed above, as well as the abilities to adhere to company policies, exercise sound judgment, effectively manage stress and work safely and respectfully with others, exhibit trustworthiness and professionalism, and safeguard business operations and the Company’s reputation. Pursuant to the Los Angeles County Fair Chance Ordinance, we will consider for employment qualified applicants with arrest and conviction records.
  
  

Our inclusive culture empowers Amazonians to deliver the best results for our customers. If you have a disability and need a workplace accommodation or adjustment during the application and hiring process, including support for the interview or onboarding process, please visit https://amazon.jobs/content/en/how\\-we\\-hire/accommodations for more information. If the country/region you’re applying in isn’t listed, please contact your Recruiting Partner.
  
  

Our compensation reflects the cost of labor across several US geographic markets. The base pay for this position ranges from $151,300/year in our lowest geographic market up to $261,500/year in our highest geographic market. Pay is based on a number of factors including market location and may vary depending on job\\-related knowledge, skills, and experience. Amazon is a total compensation company. Dependent on the position offered, equity, sign\\-on payments, and other forms of compensation may be provided as part of a total compensation package, in addition to a full range of medical, financial, and/or other benefits. For more information, please visit https://www.aboutamazon.com/workplace/employee\\-benefits. This position will remain posted until filled. Applicants should apply via our internal or external career site.","Internet And Software","https://www.indeed.com/cmp/Amazon.com","https://d2q79iu7y748jz.cloudfront.net/s/_squarelogo/256x256/3e9d43f5c277de169808abdcaf49ba2c","https://www.amazon.jobs","440 Terry Ave N, Seattle, WA, United States, Washington","10,000+","more than $10B (USD)","Our mission is to be Earth's most customer-centric company."
"li-4139560994","linkedin","https://www.linkedin.com/jobs/view/4139560994","","Software Engineer","Microsoft","Mountain View, CA","2025-01-31","","","","","","","","","","","","","","https://www.linkedin.com/company/microsoft","","","","","",""
"li-4139745271","linkedin","https://www.linkedin.com/jobs/view/4139745271","","Software Engineer, Backend","UnitedMasters","San Francisco, CA","2025-01-31","","","","","","","","","","","","","","https://www.linkedin.com/company/unitedmasters","","","","","",""
"li-4139383532","linkedin","https://www.linkedin.com/jobs/view/4139383532","","Software Engineer (New Grad)","Codeium","Mountain View, CA","2025-01-30","","","","","","","","","","","","","","https://www.linkedin.com/company/codeiumdev","","","","","",""
"li-4138701404","linkedin","https://www.linkedin.com/jobs/view/4138701404","","Software Engineer, Fullstack","Pinterest","San Francisco, CA","2025-01-30","","","","","","","","","","","","","","https://www.linkedin.com/company/pinterest","","","","","",""
"li-4139293795","linkedin","https://www.linkedin.com/jobs/view/4139293795","","Software Engineer I (Co-Op) United States","Cisco","San Jose, CA","2025-01-30","","","","","","","","","","","","","","https://www.linkedin.com/company/cisco","","","","","",""
"li-4139283155","linkedin","https://www.linkedin.com/jobs/view/4139283155","","New Grads 2025 - General Software Engineer","WeRide","San Jose, CA","2025-01-30","","","","","","","","","","","","","","https://www.linkedin.com/company/werideai","","","","","",""
"li-3994977152","linkedin","https://www.linkedin.com/jobs/view/3994977152","","[2025] Software Engineer - New Graduate","Roblox","San Mateo, CA","2025-01-30","","","","","","","","","","","","","","https://www.linkedin.com/company/roblox","","","","","",""
"li-4116726793","linkedin","https://www.linkedin.com/jobs/view/4116726793","","Software Engineer","Cohere","San Francisco, CA","2025-01-30","","","","","","","","","","","","","","https://ca.linkedin.com/company/cohere-ai","","","","","",""
"li-4138382271","linkedin","https://www.linkedin.com/jobs/view/4138382271","","Software Engineer","PayPal","San Jose, CA","2025-01-30","","","","","","","","","","","","","","https://www.linkedin.com/company/paypal","","","","","",""
"li-4138516710","linkedin","https://www.linkedin.com/jobs/view/4138516710","","Frontend Developer","Landbase","Mountain View, CA","2025-01-30","","","","","","","","","","","","","","https://www.linkedin.com/company/landbase","","","","","",""
"li-4024188047","linkedin","https://www.linkedin.com/jobs/view/4024188047","","Software Engineer, Frontend (All Teams)","DoorDash","Sunnyvale, CA","2025-01-30","","","","","","","","","","","","","","https://www.linkedin.com/company/doordash","","","","","",""
"li-4049838471","linkedin","https://www.linkedin.com/jobs/view/4049838471","","Full Stack - Software Engineer (L5) - Platform Engineering","Netflix","Los Gatos, CA","2025-01-29","","","","","","","","","","","","","","https://www.linkedin.com/company/netflix","","","","","",""
"li-4140313501","linkedin","https://www.linkedin.com/jobs/view/4140313501","","Software Engineer I, Fullstack","Pinterest","San Francisco, CA","","","","","","","","","","","","","","","https://www.linkedin.com/company/pinterest","","","","","",""
"li-4140316529","linkedin","https://www.linkedin.com/jobs/view/4140316529","","Software Engineer","Comulate","San Francisco, CA","","","","","","","","","","","","","","","https://www.linkedin.com/company/comulatehq","","","","","",""
"li-4140333994","linkedin","https://www.linkedin.com/jobs/view/4140333994","","Software Engineering Intern (Summer 2025)","SGNL","Palo Alto, CA","","","","","","","","","","","","","","","https://www.linkedin.com/company/sgnl-ai","","","","","",""
"li-4140094801","linkedin","https://www.linkedin.com/jobs/view/4140094801","","Frontend Engineer","Pump.co","San Francisco, CA","","","","","","","","","","","","","","","https://www.linkedin.com/company/pumpcloud","","","","","",""
"li-4140363006","linkedin","https://www.linkedin.com/jobs/view/4140363006","","Software Engineer, Internal Tools","Notion","San Francisco, CA","","","","","","","","","","","","","","","https://www.linkedin.com/company/notionhq","","","","","",""
"li-4118957035","linkedin","https://www.linkedin.com/jobs/view/4118957035","","Software Engineer - Security Infrastructure","LinkedIn","Mountain View, CA","","","","","","","","","","","","","","","https://www.linkedin.com/company/linkedin","","","","","",""
"li-4140404517","linkedin","https://www.linkedin.com/jobs/view/4140404517","","Software Engineer Grad","Pure Storage","Santa Clara, CA","","","","","","","","","","","","","","","https://www.linkedin.com/company/purestorage","","","","","",""
"li-4140807732","linkedin","https://www.linkedin.com/jobs/view/4140807732","","Frontend Engineer","Clerkie","San Francisco, CA","","","","","","","","","","","","","","","https://www.linkedin.com/company/clerkie","","","","","",""
"zr-JzN-Z1AZMWRpYEEQbEr7tQ","zip_recruiter","https://www.ziprecruiter.com/jobs//j?lvk=JzN-Z1AZMWRpYEEQbEr7tQ","","Working Foreman","Granada Construction","Monte Sereno, CA, USA","2025-02-01","fulltime","direct_data","yearly",85000.0,140000.0,"USD","","","","subs_fulfillment","","**We are Granada Construction. A small high end residential construction company based out of Los Gatos. Our jobs range from kitchens and baths, whole house renovations and new construction projects. Most of our current work is in the South Bay, but also work in the greater Bay Area.**

**We are seeking to hire a Construction Superintendent/ Site Foreman to join our team and grow with us. Our ideal candidate is motivated, thoughtful, and passionate about building. We value quality craftsmanship, attention to detail, and a willingness to learn and collaborate within a team.**

**See the projects we work on here: www.granada\\-construction.com**

**Position descriptions can be found below**

**Responsibilities:  
\\- Oversee and manage concrete forming and carpentry projects from start to finish  
\\- Read and interpret schematics, blueprints, and construction documents**

**\\-Utilize blueprints to lead daily layout \\& site prep  
\\- Coordinate with project managers, subcontractors, and other trades to ensure timely completion of projects  
\\- Ensure compliance with OSHA regulations and maintain a safe work environment  
\\- Manage and supervise a team of carpenters and laborers  
\\- Monitor project progress and make adjustments as necessary  
\\- Collaborate with architects and engineers to ensure project specifications are met  
\\- Estimate materials, labor, and equipment needed for each project  
\\- Maintain accurate records of project expenses and budgeting  
\\- Utilize construction management software**

**Requirements:  
\\- Proven experience as a Carpenter Supervisor  
\\- Strong knowledge of carpentry techniques, tools, and materials  
\\- Familiarity with construction management software is preferred  
\\- Ability to read and interpret blueprints, schematics, and construction documents is a must**

**\\-Ability to speak english and spanish is must  
\\- Excellent leadership and communication skills  
\\- Strong problem\\-solving abilities and attention to detail**

**\\-Ability to provide bags\\-on support as needed**

**Job Type: Full\\-time**

**Pay: $40\\.00 \\- $50\\.00 per hour**

**Expected hours: 40 per week**

**Schedule:**

* 
**8 hour shift**

* 
**Monday to Friday**


**Experience:**

* 
**Carpentry: 10 years (Required)**


**Benefits:**

* 
**Paid time off**


**Language:**

* 
**English (Required)**

* 
**Spanish (Strongly desired)**


**License/Certification:**

* 
**Driver's License (Required)**


**Work Location: In person**","","","","","","","",""
"zr-vsgjCmyk9Z316DGSOYNIcQ","zip_recruiter","https://www.ziprecruiter.com/jobs//j?lvk=vsgjCmyk9Z316DGSOYNIcQ","","Embedded Software Engineer Linux RTOS Linux Internals Networking Apps","Unique Hardware Software Systems Company in Major Growth Mode","Cupertino, CA, USA","2025-02-01","fulltime","direct_data","yearly",135000.0,165000.0,"USD","","","","subs_fulfillment","","**Terrific Opportunity with a Stable and Growing Unique Technology Product Company.  
  
Recession Resistant Niche Industry: Building Very Unique Technology for Essential Industry type customers.**  
  
**Company Culture geared towards using the best available technologies for our flexible systems.**  
  
***Desired Skills/Experience:***

* Experience writing embedded (C/C\\+\\+) code on a Linux Operating System: writing code that uses Linux as Real Time O/S (RTOS); Experience with code surrounding Linux Hardware (boot loader experience is a plus)
* Experience writing embedded code for network sensing (WiFi, BlueTooth, Ethernet, IP, VLANs, shared networks or similar) and/or Network Connectivity; should have experience writing code surrounding UDP, TCP/IP, STMP, SNMP, etc.
* Experience using Containerization tools from a SW Engineering standpoint
* Experience coding that connects directly to 'bare metal' is preferred (experience connecting C Code to ARM Processors or other\\-similar Peripherals such and Printed Circuit Boards)
* Solid knowledge/experience with Low\\-Level C\\+\\+ and/or C (C programming language) topics and fundamentals.
* Experience working on a mix of new greenfield code alongside existing code (code re\\-factoring/debugging, etc.)
* A College Degree is strongly preferred (ideally in Computer Science, Electrical or Computer Engineering)

***Pluses (not required/nice to have):*** 

* Linux Kernel level code interfacing with other Hardware Components; Experience with Linux Kernel Level (kernel modifications, device driver development, Uboot and interfacing to attached devices) and Linux Device Driver Applications Development.
* Experience using containerization tools (Docker or similar) ideally within an AWS Environment (or willingness to learn)
* Basic Linux Scripting (bash scripting or similar for command line interfacing)
* Python Coding
* Android\\-Java or Android Kotlin Mobile Apps development (or embedded code connectivity to Android Apps)
* Use of CI/CD Tools (docker, maven, jenkins, or similar)
* Experience communicating/working closely with Electrical Engineering 'design\\-build' teams.

***Very Competitive Compensation and Benefits Package.***  
  
***Call or Apply Today!***

***(note: this is a hybrid\\-on\\-site role, work on site a few days per week)***","","","","","","","",""
"zr--oO3x4rTd4Y1lPw1fZoLXA","zip_recruiter","https://www.ziprecruiter.com/jobs//j?lvk=-oO3x4rTd4Y1lPw1fZoLXA","","Sr. Software Engineer (Remote)","Arch Systems","Palo Alto, CA, USA","2025-02-01","","direct_data","yearly",200000.0,250000.0,"USD","","","","organic","","**About the Role**  
  
Arch Systems is seeking a talented and impactful Sr. Software Engineer to become part of our rapidly expanding team. In this role, you will work with data collected from factory machines and devices, processing and preparing it for effective data analytics and visualization. Your contributions will play a crucial role in transforming raw data into actionable insights that drive our business forward. As a Sr. Software Engineer, you will play a key role in managing and optimizing the data pipelines that fuel our Athena DB, ensuring seamless data integration and accessibility. In this role, you'll collaborate closely with both our cloud and data science teams to deliver robust, scalable data solutions.

**What You Will Own \\& Drive:**

* ETL Pipeline Development: Write and maintain transform code in Python to ensure efficient and reliable data flows within our ETL pipeline.
* Infrastructure Maintenance: Troubleshoot and fix infrastructure code related to AWS Lambda functions, ensuring smooth operation of cloud services.
* Cross\\-Team Data Modeling: Lead complex data modeling efforts across multiple teams and domains, identifying and resolving data inconsistencies.
* Report Generation \\& Debugging: Develop code to generate complex reports, and assist team members in debugging and optimizing their report\\-generating processes.

**What You Bring to The Table:**

* Education: Bachelor's Degree Required, Advanced degrees (Master's or Ph.D.) are highly preferred.
* Experience: 5\\-7\\+ years of proven experience in: Data science, Data processing, \\& Insight generation.
* Practical Experience: Hands\\-on experience with machines, manufacturing, or other industrial processes, applying data\\-driven insights in real\\-world scenarios.
* Exceptional Logical Thinking: Strong problem\\-solving abilities with a focus on clear, structured logic.
* Proficient in Python: Strong expertise in Python development, with a focus on data engineering applications.
* Platform/Infrastructure Expertise: Comfortable working with cloud infrastructure, and eager to contribute to Terraform code for infrastructure as code (IaC) initiatives.
* SQL \\& Data Modeling: Skilled in SQL, with experience in data modeling and analytics engineering to ensure clean, structured, and scalable data systems.
* Systems Thinking: Comprehensive understanding of complex systems, ensuring effective integration and functionality across platforms.
* Communication Skills: Exceptional ability to simplify and articulate complex concepts to customers, ensuring clarity and engagement.
* Visual Presentation: Proficient in creating clear, impactful visuals and actionable takeaways that drive understanding and decision\\-making.

**What Makes You Stand Out:**

* Exceptional Coding Skills: Demonstrated proficiency in coding, showcasing a strong command of best practices and efficient programming techniques.
* Deep Theoretical Understanding: Outstanding grasp of theoretical concepts in computing, allowing for informed decision\\-making in complex scenarios.
* System Design Proficiency: Highly adept at understanding the trade\\-offs involved in system design, ensuring optimal performance and scalability.
* Self\\-Starter: Ability to self\\-unblock easily, demonstrating initiative and resourcefulness in overcoming challenges.
* Remote Team Experience: Proven experience collaborating effectively with remote, distributed teams, leveraging communication tools to maintain productivity.
* AWS Expertise: Hands\\-on experience with AWS services, contributing to cloud\\-based solutions and architecture.
* Infrastructure as Code (IaC): Proficient in using Terraform for infrastructure management, enabling efficient deployment and scaling of resources.
* Container Orchestration: Familiarity with Kubernetes for managing containerized applications, enhancing deployment efficiency and reliability.

**How We Will Support You:**

* Innovate with Impact: Be part of a team developing transformative data products that optimize and revolutionize manufacturing operations globally. Your work will directly impact efficiency, sustainability, and growth for some of the world's leading industrial companies.
* Collaborative Environment: Join a passionate, multidisciplinary team that values innovation, open communication, and teamwork. We foster a culture of continuous learning, mutual respect, and cross\\-functional collaboration, empowering everyone to contribute meaningfully.
* Growth \\& Development Opportunities: Advance your career through hands\\-on experience in product leadership, data\\-driven decision\\-making, and technical innovation. Arch supports professional development with pathways for skill enhancement, leadership growth, and increasing product vision expertise.
* Equity \\& Ownership: Share in the company's success through equity ownership, aligning your personal success with Arch's mission and growth.
* Remote\\-First Flexibility: Embrace a remote\\-first work culture that provides flexibility and balance, supporting productivity and connection in a collaborative virtual environment.

**Application Process**

Please submit resumes in English. We encourage passionate applicants to apply, even if they don't meet every qualification. At Arch, we value authenticity and believe in hiring individuals as their full, unique selves. We're committed to fostering an environment where team members can leverage their strengths while continuously learning and growing. Don't let imposter syndrome hold you backif you're excited about this opportunity, we'd love to hear from you!

**About Arch Systems**

At Arch Systems, we empower discrete manufacturing facilities with deep data insights that enable optimal efficiency, precise KPIs, and proactive decision\\-making. We work with leading manufacturers to integrate and optimize their data for actionable intelligence, fueling productivity and operational excellence

**Compensation Practices**

Our commitment to equitable compensation is central to our values. We benchmark our compensation structure against competitive market rates, specifically using data from the San Francisco Bay Area, to ensure fair and transparent pay practices. Our structure comprises a base salary, performance\\-based incentives, and, where applicable, equity ownership to align with our long\\-term vision.

For US\\-based employees, our benefits package includes comprehensive healthcare options for both employees and dependents, retirement contributions, and other supportive resources for wellbeing and development.

International applicants who join through our trusted global partners will receive benefits specific to their region and will also be granted non\\-qualified stock options (NQSOs) from Arch Systems, enabling them to share in our company's success.  
  
**Remote Equal**

Arch champions a remote\\-first work environment since its inception, promoting flexibility and inclusivity across all teams. While we welcome talent from diverse locations, we currently do not offer visa sponsorship. **This position will require candidates to be based in the United States with proper work authorization to work in the US.**

Arch is committed to full compliance with regulations from the Office of Foreign Assets Control (OFAC) to ensure alignment with all applicable sanctions programs. This means we do not engage in transactions or employment practices that conflict with OFAC regulations, including the hiring of individuals residing in regions subject to US sanctions.","","","","","","","",""
"zr-H2SEbcyq42dyLpHkJNXNcQ","zip_recruiter","https://www.ziprecruiter.com/jobs//j?lvk=H2SEbcyq42dyLpHkJNXNcQ","","Lead Product Manager, Search Relevance","ZipRecruiter","San Francisco, CA, USA","2025-01-31","fulltime","direct_data","yearly",197500.0,260000.0,"USD","","","","direct","","We offer a hybrid work environment. Most US\\-based positions can alsobeperformed remotely (any exceptions will be noted in the Minimum Qualifications below.)

**Our Mission:**

To actively connect people to their next great opportunity. 

**Who We Are:** 

ZipRecruiter is a leading online employment marketplace. Powered by AI\\-driven smart matching technology, the company actively connects millions of all\\-sized businesses and job seekers through innovative mobile, web, and email services, as well as through partnerships with the best job boards on the web. ZipRecruiter has the \\#1 rated job search app on iOS \\& Android. 

**Summary of Job:**

As a Lead Product Manager for Search, you will be responsible for the development and optimization of our search engine aimed at surfacing relevant job opportunities to job seekers. You will directly lead improving our search technology (from search engine to reranking models) in order to drive better results for our job seekers. This is an opportunity to make a huge impact on our job seekers and get hands on with our core job search technology.

**Key Focuses:**

* Become the domain expert in our underlying search technology \\- youll be the point of contact for all products that depend on our job search capabilities. Youll become the expert on our search recommendations systems and underlying data.
* Constantly use and audit our search results \\- build empathy for our job seekers by using the product
* Write specs, manage project execution, and define product rollout strategy and communications
* Deliver product roadmap, advocate for new features, and write documentation for technical and non\\-technical audiences
* Work with Executive, Product, Engineering, Analytics, Sales, and Marketing teams to prioritize and launch improvements to our search technology

**Minimum Qualifications:**

* 5\\-7 years combined professional experience in product management, data science, or engineering
* **3\\+ years of experience working on building/improving search or recommender engines/models**
* **4\\+ years of experience as a product or business leader, owning and driving business outcomes**
* Youre comfortable diving into data \\- you can construct a fundamental SQL query and are capable of running your own research queries when needed
* Ability to construct insightful questions, query, and interpret qualitative and quantitative data
* Demonstrable track record leading a cross\\-functional team without authority, driving execution and making team members more productive

**Preferred Qualifications:**

* BS in Mathematics, Computer Science, Engineering or related technical field or equivalent practical experience
* Experience working with search engines
* Previous experience working as a software engineer or data scientist
* You can read and write pseudocode \\- you speak a common technical language
* You possess a strong proficiency with analytics tools and platforms (such as Jupyter Notebooks, Periscope, or other platforms) and use data to make product decisions, set priorities, and measure success

**As part of our team you'll enjoy:**

* Competitive salary
* Exceptional benefits package
* Flexible Vacation \\& Paid Time Off

\\#LI\\-remote

The US base salary range for this full\\-time position is $197,500\\-$260,000\\. Our salary ranges are determined by role, level, and location, and the range displayed on each job posting reflects the minimum and maximum target for new hire salaries for the position across all US locations. Within the range, individual pay is determined by work location, role\\-related knowledge and skills, depth of experience, relevant education or training, and additional role\\-related considerations.

Depending on the position offered, equity, bonuses, commission, or other forms of compensation may also be provided as part of a total compensation package, in addition to a full range of medical, financial, and other benefits.

ZipRecruiter is proud to be an equal opportunity employer and provides equal employment opportunities (EEO) to all employees and applicants without regard to race, color, religion, sex, national origin, age, disability, veteran status, sexual orientation, gender identity or genetics.

**Privacy Notice:** For information about ZipRecruiter's collection and processing of job applicant personal data for this job, please see our Privacy Notice at: https://www.ziprecruiter.com/careers/job\\-applicant\\-privacy\\-notice","","","","","","","",""
"zr-bWpqwfVPNZWtes6SDE8zyQ","zip_recruiter","https://www.ziprecruiter.com/jobs//j?lvk=bWpqwfVPNZWtes6SDE8zyQ","","Python Software Engineer (258996)","ASK Consulting","South San Francisco, CA, USA","2025-01-31","contract","direct_data","hourly",70.0,76.0,"USD","","","","subs_fulfillment","","**""All candidates must be directly contracted by ASK Consulting on their payroll and cannot be subcontracted. We are unable to provide sponsorship at this moment"".**

**Job Title: Python Software Engineer**

**Location: South San Francisco, CA, USA, 94080 (Remote)**

**Duration: 9 months**

**Pay Rate: $ 70 \\- 76\\.33/Hr on W2 AI only**

**Job Description**

**Must have:**

* Extensive experience in Python, Javascript, and SQL
* Knowledge of cloud native development including familiarity with Docker and Kubernetes
* Experience with web application development, especially three tier applications
* Good coding practices including experience with Git

**Nice to have:**

* Experience with IronPython
* Experience with Google Apps Script
* Experience with the Spotfire platform
* Libraries: React, Flask, FastAPI, RDKit
* Experience with organic chemistry
* General knowledge of machine learning

**About ASK: ASK Consulting is an award\\-winning technology and professional services recruiting firm servicing Fortune 500 organizations nationally. With 5 nationwide offices, two global delivery centers, and employees in 42 states\\-ASK Consulting connects people with amazing opportunities**

**ASK Consulting is an equal opportunity employer. We celebrate diversity and are committed to creating an inclusive environment for all associates.**","","","","","","","",""
"zr-oE5dllA4YxcLy-tBQ72lmQ","zip_recruiter","https://www.ziprecruiter.com/jobs//j?lvk=oE5dllA4YxcLy-tBQ72lmQ","","Software Engineer, Recruiting Systems","Tesla Motors","Palo Alto, CA, USA","2025-01-31","","direct_data","yearly",111200.0,111200.0,"USD","","","","organic","","We're hiring a driven **Software** **Engineer** to design and build end\\-to\\-end applications for the Recruiting organization. This role would collaborate with a diverse range of stakeholders, improving ...","","","","","","","",""
"zr-4HH9PX8oPnUzdnSDm12bNA","zip_recruiter","https://www.ziprecruiter.com/jobs//j?lvk=4HH9PX8oPnUzdnSDm12bNA","","Mechanical Manufacturing Engineer Intern","Danaher","Sunnyvale, CA, USA","2025-01-31","","direct_data","hourly",30.0,30.0,"USD","","","","direct","","The Mechanical Manufacturing **Engineer** Intern is responsible for the transfer from R\\&D into ... Proficient in CAD **software** (SolidWorks) and Microsoft Office Applications (Word, Excel, Power Point ...","","","","","","","",""
"zr-IoYbnKlJOP93XHUF7hwZrQ","zip_recruiter","https://www.ziprecruiter.com/jobs//j?lvk=IoYbnKlJOP93XHUF7hwZrQ","","Journeyman Electromechanical Technician - Day","SlingShot Connections","Fremont, CA, USA","2025-01-31","contract","direct_data","hourly",28.0,34.0,"USD","","","","subs_fulfillment","","**Essential Duties and Responsibilities:**

* Diagnose and resolve issues with electromechanical systems using troubleshooting techniques and electrical tools such as multimeters and oscilloscopes.
* Install and configure advanced electromechanical systems according to specifications and schematics.
* Perform routine maintenance and repairs on complex machinery, documenting all findings and actions taken.
* Develop and maintain work instructions and standard operating procedures for troubleshooting, maintenance, and repair processes.
* Train junior technicians and team members on troubleshooting techniques and best practices.
* Conduct system tests to ensure functionality and compliance with industry standards, making necessary adjustments as required.
* Maintain accurate device history records in accordance with ISO 13485\\.
* Collaborate with engineers to address issues, discuss design for manufacturability, and provide insights from troubleshooting findings.
* Follow safety protocols and regulations to maintain a safe working environment.

**Minimum Qualifications and Experience:**

* Associate degree in Electromechanical Technology, Mechanical Engineering, or a related field; or equivalent hands\\-on experience.
* 5\\+ years of experience in troubleshooting and maintaining electromechanical systems.
* Proficiency in electrical and mechanical troubleshooting, including PLCs, robotics, and control systems.
* Experience creating clear and concise work instructions and training materials.
* Familiarity with CAD software and diagnostic tools is a plus.
* Strong analytical and problem\\-solving skills with the ability to work under pressure.
* Excellent verbal and written communication skills to effectively train others and collaborate with team members and clients.","","","","","","","",""
"zr-TPWXgjzoT4Cm2eeYTDHb6w","zip_recruiter","https://www.ziprecruiter.com/jobs//j?lvk=TPWXgjzoT4Cm2eeYTDHb6w","","Software Engineer, Trusted Computing and Cryptography","OpenAI","San Francisco, CA, USA","2025-01-31","","direct_data","yearly",279000.0,385000.0,"USD","","","","organic","","Have extensive experience as a **software** **engineer** working on global\\-scale production systems. \\* Are experienced in deploying cryptographic systems at scale, with a strong understanding of production ...","","","","","","","",""
"zr-RD191LSM6wTdI9KO_R7jzg","zip_recruiter","https://www.ziprecruiter.com/jobs//j?lvk=RD191LSM6wTdI9KO_R7jzg","","Lead Software Engineer","JPMorganChase","Palo Alto, CA, USA","2025-01-30","","direct_data","yearly",170000.0,215000.0,"USD","","","","agency","","Master's degree in Computer Science or related field of study plus 1 year (12 months) of experience in the job offered, or as a Lead **Software** **Engineer**, **Software** **Engineer**, or related occupation","","","","","","","",""
"zr-5x-JJyko16eYQHh-cWuc8A","zip_recruiter","https://www.ziprecruiter.com/jobs//j?lvk=5x-JJyko16eYQHh-cWuc8A","","Software Sales - Aggregates SaaS","ENKON Information Systems Inc","San Jose, CA, USA","2025-01-30","fulltime","direct_data","yearly",60000.0,75000.0,"USD","","","","subs_fulfillment","","Join Our Team: Experienced Sales Professional Wanted!

Are you a seasoned professional in the aggregates, mining, or concrete materials industry? Do you excel in sales and have a proven track record of success? If so, we want to connect with you!

About Us  
ENKON Information Systems Inc. is a leading provider of innovative software solutions tailored to enhance land management operations and boost efficiency for businesses in the aggregates, mining, and concrete materials industries. Our web based software empowers clients with data\\-driven insights and advanced tools to stay competitive in an evolving industry.

Our head office is based in Victoria, BC, Canada, but we welcome remote applicants who fit the role.

The Role  
As an Experienced Sales Representative, you will:

* 
Generate leads and proactively engage potential clients through cold calls, email campaigns, conferences, and social media.

* 
Identify and develop new business opportunities while maintaining strong relationships with existing clients.

* 
Use your in\\-depth understanding of the industry to position our software as the go\\-to solution to address the challenges associated with land management.

* 
Deliver tailored product demonstrations, presentations, and proposals to meet client needs.

* 
Work closely with internal teams to ensure outstanding customer success and satisfaction.


What We’re Looking For

* 
Minimum of five years’ experience in the aggregates, mining, or concrete materials industries, with a solid understanding of its unique challenges and workflows.

* 
Strong industry knowledge in aggregates, mining or concrete materials operations.

* 
Excellent communication and interpersonal skills.

* 
A self\\-motivated, results\\-driven attitude with a passion for leveraging technology to help businesses succeed.

* 
Ability to work both independently and collaboratively within a team.

* 
Flexibility to travel as needed for client meetings, conferences, and industry events.


What We Offer

* 
A competitive salary with commission.

* 
Comprehensive training and ongoing support to set you up for success.

* 
A collaborative, supportive team environment.

* 
The opportunity to work with innovative technology and industry leaders.


Ready to Take the Next Step?  
If you're ready to bring your expertise and passion to a growing, dynamic team, we’d love to hear from you! Apply now and embark on an exciting next chapter in your sales career.","","","","","","","",""
"zr-Jcu7nmEiavZFcgcgVgxuLA","zip_recruiter","https://www.ziprecruiter.com/jobs//j?lvk=Jcu7nmEiavZFcgcgVgxuLA","","Jr DevOps Engineer (1-3 Years Experience)","Flexon Technologies, INC.","Pleasanton, CA, USA","2025-01-30","fulltime","direct_data","yearly",50000.0,60000.0,"USD","","","","subs_fulfillment","","**Job Description:**

We are seeking a highly skilled **DevOps Engineer** to join our team. The ideal candidate will be responsible for designing, implementing, and maintaining CI/CD pipelines, infrastructure automation, and cloud deployments. You will collaborate with software developers, system operators, and other IT staff to manage code releases, automate deployments, and improve system reliability and security.

**Key Responsibilities:**

* 
Design, implement, and maintain **CI/CD pipelines** using tools like Jenkins, GitHub Actions, GitLab CI/CD, or Azure DevOps.

* 
Automate infrastructure provisioning and configuration using **Terraform, Ansible, CloudFormation, or Chef/Puppet**.

* 
Manage containerized environments using **Docker, Kubernetes, and Helm**.

* 
Deploy and manage cloud\\-based applications on **AWS, Azure, or Google Cloud Platform (GCP)**.

* 
Implement **Infrastructure as Code (IaC)** for scalable and repeatable deployments.

* 
Monitor system performance, availability, and security using tools like **Prometheus, Grafana, ELK Stack, or Datadog**.

* 
Develop and maintain scripts for automation using **Python, Bash, or PowerShell**.

* 
Manage source code repositories and version control using **Git, GitHub, GitLab, or Bitbucket**.

* 
Enhance system security by implementing **IAM policies, security best practices, and vulnerability assessments**.

* 
Collaborate with development teams to ensure smooth integration of new features into production.

* 
Troubleshoot and resolve **production issues** related to infrastructure, networking, and deployments.

* 
Optimize cloud costs and resource utilization.


**Required Skills \\& Qualifications:**

* 
**Bachelor’s/Master’s degree** in Computer Science, Information Technology, or related field.

* 
**3\\+ years** of experience in a DevOps, Site Reliability Engineering (SRE), or Cloud Engineering role.

* 
Hands\\-on experience with **CI/CD tools** such as Jenkins, GitHub Actions, GitLab CI/CD, or Azure DevOps.

* 
Strong knowledge of **containerization** (Docker, Kubernetes) and orchestration.

* 
Expertise in **cloud platforms** (AWS, Azure, GCP) and cloud\\-native services.

* 
Proficiency in **Infrastructure as Code (IaC)** tools like Terraform, CloudFormation, or Ansible.

* 
Experience with **monitoring and logging** tools (Prometheus, Grafana, ELK Stack, Datadog, Splunk).

* 
Strong scripting skills in **Python, Bash, or PowerShell**.

* 
Experience with networking, load balancing, DNS, and security best practices.

* 
Strong troubleshooting and problem\\-solving skills.

* 
Knowledge of **Agile methodologies and DevOps best practices**.","","","","","","","",""
"zr-DQ5mI5Il4GM915FIXb_3Yw","zip_recruiter","https://www.ziprecruiter.com/jobs//j?lvk=DQ5mI5Il4GM915FIXb_3Yw","","Senior Software Engineer - Rust - Backend","Kraken Crypto Exchange","San Francisco, CA, USA","2025-01-30","","direct_data","yearly",135000.0,203000.0,"USD","","","","organic","","Partner closely with crypto native **engineers** Skills you should HODL \\* 7\\+ years of **software** **engineering** experience \\* Proficiently in writing network services or asynchronous code in Rust \\* Have a ...","","","","","","","",""
"zr-E2MGZ0UMIy2l82BRypLCtA","zip_recruiter","https://www.ziprecruiter.com/jobs//j?lvk=E2MGZ0UMIy2l82BRypLCtA","","User Study Researcher II (Software Engineer II)","RTA US","Cupertino, CA, USA","2025-01-30","","","","","","","","","","subs_fulfillment","","**Title: User Study Researcher II (Software Engineer II)**  
**Duration: 10\\+ months contract**  
**Location: Cupertino, CA/ Onsite**  
**Pay range: $65\\-70/hr on W2**  
**Start Date: ASAP**  
  
**Job Description**  
  
At client, we strive to achieve surprise and delight for every one of our millions   
of customers around the world. We are currently looking for a contractor to join   
the Interaction \\& Human Factors team to support data collection for   
development of sensor\\-based interactions. An ideal candidate for this role will   
have outstanding interpersonal communication skills, high attention to detail,   
and a passion for conducting impactful research in support of creating better   
user experiences.   
  
**Key Qualifications**

* Qualitative user research skills including interviews and usability testing   
• High attention to detail \\& great note taking skills   
• Knowledge of ergonomics or usability of consumer products   
• Comfortable with executing commands in Mac Terminal   
  
**Preferred Skills:**
* Familiar with motion capture hardware \\& software.   
• Experience with quantitative analysis tools or languages such as Python, R,   
MatLab, or JMP.   
  
**Description**   
•Manage recruitment and scheduling of qualified candidates based on study   
requirements.   
•Facilitate, conduct, and lead in\\-person user studies   
•Prepare, troubleshoot, and maintain study specific equipment for data   
collection efforts   
•Assist with development of instructional materials as needed   
•Develop and distribute surveys, review and collate survey responses and other   
feedback   
•Set up and break down study session areas   
•Engage and communicate with participants   
•Ensure appropriate participant compliance with protocol   
•Document session issues   
•Manage participant data including transferring data from test devices or   
session notes to secure storage   
•Assist with data review and clean\\-up   
  
**Education \\& Experience**
* Bachelor's degree required.   
• Preferred disciplines: Human Computer Interaction, Human Factors,   
Mechanical Engineering, Psychology, Marketing, Computer Science, or   
other related discipline.   
Additional Credentials — (Preferred credentials particularly for those who do not   
have a Bachelors major in related discipline.)   
Master's degree in related discipline   
Completion of certificate, training, or ""boot camp"" program for UX   
research, human\\-computer interaction, or human subjects research.   
1\\-3 years of hands\\-on work in human factors, industrial engineering,   
cognitive engineering, experimental psychology, and/or human\\-computer

  
**Benefits Info:**

Russell Tobin, offers eligible employee’s comprehensive healthcare coverage (medical, dental, and vision plans), supplemental coverage (accident insurance, critical illness insurance, and hospital indemnity), 401(k)\\-retirement savings, life \\& disability insurance, an employee assistance program, legal support, auto, home insurance, pet insurance and employee discounts with preferred vendors.  
  
\\#LI\\- 240980","","","","","","","",""
"zr-1D2rqaiHs6Oxa0LD3pSN6g","zip_recruiter","https://www.ziprecruiter.com/jobs//j?lvk=1D2rqaiHs6Oxa0LD3pSN6g","","Platform Systems Software Engineer - FBOSS","Facebook App","Menlo Park, CA, USA","2025-01-30","","direct_data","hourly",70.0,70.0,"USD","","","","organic","","Platform Systems **Software** **Engineer** \\- FBOSS Responsibilities: \\* Design and implement Platform services such as **programming**, monitoring, and controlling system components (Optics, PHY, FPGAs, sensors ...","","","","","","","",""
"zr-ZI-OBUhkka6Y9O3D9d4LSQ","zip_recruiter","https://www.ziprecruiter.com/jobs//j?lvk=ZI-OBUhkka6Y9O3D9d4LSQ","","SAP Functional Analyst - Powerplan","The Norland Group","Oakland, CA, USA","2025-01-30","fulltime","direct_data","yearly",140000.0,195000.0,"USD","","","","subs_fulfillment","","**Department Overview**   
Information Systems Technology Services is a unified organization comprised of various departments that collaborate effectively to deliver high\\-quality technology solutions. The SAP Electric Ops Work Management Delivery organization provides SAP IT services to the Electric line of business. The organization is responsible for strategic technology planning, roadmap development, solution design, solution delivery, and solution support.

**Position Summary**   
The role IT SAP Functional Analyst PowerPlan is to configure, implement, maintain, and upgrade PowerPlan all modules.  
  
The Functional Analyst analyzes business requirements, creates functional design documents, and performs PowerPlan system configuration and localization to provide system solutions for the Line of Business and IT organizations. This role is viewed as an integral strategic partner and business liaison in technology decisions and provides ongoing PowerPlan system support. This includes analyzing business requirements and developing integrated IT and complex business solutions.

**This new teammate needs to be able come to P Company's Oakland headquarters 3 days a week, since all project team is here in person Tuesday to Thursday.** 

**Responsibilities**   
  
**Business Support and Consulting:** 

* Define standard processes in PowerPlan and drive adaptation in Finance and Tax areas.
* Analyze end\\-to\\-end complex business processes across all modules within PowerPlan.
* Understand in detail the current and future business environment of the business organizations; effectively anticipate, identify, and fully meet the business needs using an integrated approach leveraging existing and new PowerPlan capabilities.
* Identify, propose, and influence IT solutions to complex cross\\- organizational business problems utilizing ERP capabilities; negotiate requirements and deliverables across multiple business and IT customers and organizations.
* Evaluate current customizations in the system to help business and IT partners understand risks and costs of customizing vs. using standard functionalities, advocating for using standard functionalities to lower future implementation cost and total cost of ownership (TCO) for solutions.

  
**Functional Analysis:**

* Automate/optimize PowerPlan system
* Map business requirements to SAP S4 system capabilities and configure to meet requirements
* Review design and technical specification documents for alignment with business solution
* Perform PowerPlan configuration and do quality review and testing activities

**Qualifications**   
  
**Minimum:** 

* 10 years of job\\-related experience in Information Technology
* 8 years of experience as a Functional Analyst in PowerPlan system

**Desired:**

* Familiarity with CR, PM, Asset/ARO, Depr modules and their data flow
* Project creation, estimating, approval
* Collecting and classifying charges (derivations and true\\-up)
* In\\-service and completion of work orders
* PowerTax and Tax Repairs
* Creating checks and balances to prevent data issues in automated processes
* Lease Accounting Module\\*\\* (if PGE uses PowerPlan)
* Month\\-End Close Processes
* PowerPlan Integration Tools
* SDLC and Integration Best Practices/ETL processes

**Additional Desired:**   
  
**SAP**   
\\- Familiarity with SAP tables and structure  
\\- SAP GUI experience and documenting integrations  
\\- Hana Experience \\- SAP settlement process and integration impacts with PowerPlan/capital projects  
  
**S4HANA ERP Implementation and Upgrades**   
\\- Large ERP projects, integrations with forecasting and FP\\&A systems  
\\- Dashboarding tools for metric tracking  
  
**Functional Skills**   
\\- Accounting Concepts in Asset Management/Depreciation  
\\- Mass property accounting  
\\- Group depreciation \\- Various asset retirement methods  
\\- ARO accounting  
\\- Book vs. tax depreciation  
  
**GAAP vs. FERC Accounting Concepts**   
\\- FERC system of accounts and new accounts for renewables and Software/hardware/communications equipment effective 01/2025  
\\- AFUDC/CPI/capitalized interest  
\\- Managing differing capitalization/recovery schedules for GAAP vs. FERC \\- Rate cases, depreciation studies, and supporting documentation for assets in GRC \\- Clauses and tracking recovery costs separately from normal rate base assets  
\\- Mergers and Acquisitions/Divestitures  
  
**Non\\-Technical Skills**   
\\- Interacting with both technical and non\\-technical team members to resolve issues  
\\- Communicating success/failure stories to management teams","","","","","","","",""
"zr-LyC5vwnkzpJ5gd7PckE6AA","zip_recruiter","https://www.ziprecruiter.com/jobs//j?lvk=LyC5vwnkzpJ5gd7PckE6AA","","IT Operations Specialist","PsiNapse Technology, Ltd.","Livermore, CA, USA","2025-01-30","contract","direct_data","hourly",27.0,37.0,"USD","","","","subs_fulfillment","","Our client, a banking institution in Livermore, CA is looking for an experienced IT Operations Specialist to join their team. Ideal candidates will be able to maintain the company’s core system and back office processes as well as associated third\\-party applications to ensure the efficient and secure processing of member transactions. This is a 3 month contract to hire role and it's 100% onsite in Livermore, CA. The hourly pay rate is $27\\.00 \\- $37\\.00\\.

 

NOTE: Symitar experience is required for this position.  
 

REQUIREMENTS  
  
System Maintenance and Updates:

* Administer the organization’s core system and third\\-party applications, including the installation and management of software updates in production and test environments.
* Perform routine and preventative maintenance to ensure optimal system performance.
* Communicate system changes clearly and effectively to management and staff.

System Optimization:

* Evaluate the stability and performance of the core system and associated applications.
* Identify opportunities for improvement and implement solutions to enhance system efficiency.

Technical Support:

* Provide expert technical support to employees and third\\-party vendors both locally and remotely.
* Resolve system\\-related inquiries via in\\-person assistance, telephone, email, and helpdesk platforms.

Document and Report Management:

* Administer the archive system for core system and application reports, ensuring proper indexing, retrieval, and research as needed.

Collaboration and Communication:

* Work closely with departments and branches to ensure efficient operations and seamless service delivery.
* Foster a professional and collaborative environment that promotes positive relationships with both internal and external stakeholders.

Compliance and Knowledge Development:

* Develop a deep understanding of the organization’s products, services, and policies.
* Ensure all actions comply with applicable Federal and State laws, credit union regulations, and organizational policies.

  
QUALIFICATIONS:

* Associates degree in an applicable field
* 3\\-5 years of work experience in a Specialist III or similar role required.
* Proficiency with Windows 7, 8 and 10 and Microsoft Word, Excel and Outlook required
* Must have experience using the Jack Henry software Symitar Episys
* Strong knowledge of programming languages and operating systems such as Microsoft Exchange and Active Directory
* Proficiency in administering VMWare virtual environment.
* Knowledgeable of current equipment and technologies, enterprise backup and recovery procedures, and systems performance monitoring.
* Expertise in implementing, configuring, and testing IT solutions.
* Excellent interpersonal, verbal and written communication skills required.
* Excellent creative and analytical thinking skills.
* Strong problem\\-solving, critical thinking and multitasking abilities.
* Certifications in MCITP or MCSE, VCP, CCNA, A\\+ and/or Network\\+ is highly desired.

  
PHYSICAL REQUIREMENTS:

* May be tasked with lifting, carrying, pushing or pulling up to 25 lbs., if able to do so.
* Must be able to sit for prolonged periods of time and walk/stand for moderate periods of time.
* Must be able to bend at the knees and waist frequently
* Must be able to repetitively use a telephone and a computer mouse and keyboard.

  
  
All employment is contingent on candidates providing at least two positive professional references from prior managers.  
We are looking for local candidates only. U.S. Citizens and those authorized to work in the U.S. are encouraged to apply. We are unable to sponsor at this time.  
To apply for this position please visit our website at www.PsiNapse.com, and click on “Looking for Work”.  
Thank you for your interest. Please understand that only qualified candidates will receive a response.  
PsiNapse Technology, a national, workforce augmentation and solutions firm, offers competitive compensation, professional service, and customized benefits to qualified temporary and career professionals looking for employment.  
We are an Equal Opportunity Employer and do not discriminate on the basis of race, religion, color, gender, sexual\\-orientation, age, national origin, citizenship, disability, or any other protected category.","","","","","","","",""
"zr-3VJjcmKCw-3_gDDLeG4v1Q","zip_recruiter","https://www.ziprecruiter.com/jobs//j?lvk=3VJjcmKCw-3_gDDLeG4v1Q","","Sr Program Manager (New Product Development)","Abbott Laboratories","Pleasanton, CA, USA","2025-01-30","","direct_data","yearly",146700.0,293300.0,"USD","","","","agency","","Advanced level degree(s) in **Engineering**, Sciences, or a related discipline \\* Extensive medical device industry experience \\* **Software** project management experience \\* Project management of electro ...","","","","","","","",""
"zr-14aH5z-Nrhc2A0BS_ig2Mw","zip_recruiter","https://www.ziprecruiter.com/jobs//j?lvk=14aH5z-Nrhc2A0BS_ig2Mw","","Desktop Specialist","K-Tek Resourcing","Santa Clara, CA, USA","2025-01-30","contract","direct_data","hourly",20.0,25.0,"USD","","","","subs_fulfillment","","**Job Description:** 

A senior Desktop Support Engineer who is responsible for troubleshooting and resolving issues for end users and executives/ VIPs. Issues can be related to installation, configuration, performance, functionality or compatibility of a product or service. They use various tools as a consumer such as In Tune, JAMF, SCCM, Ninja One, Active Directory, Azure Active Directory to identify the root cause and provide a solution or workaround.

 

Responsibility also includes ensuring the reliability, security, and performance of end points (Windows and MAC) and applications to meet the needs of our users and business operations.

 

**Key Responsibilities:**

 

**Technical Proficiency**: Understanding of operating systems (e.g., Windows, macOS, Linux) and their configurations, including troubleshooting common issues.

 

**Hardware Knowledge**: Familiarity with desktop hardware components such as CPUs, RAM, hard drives, and peripherals (e.g., monitors, keyboards, mice), including troubleshooting hardware\\-related problems.

 

**Software Applications**: Ability to install, configure, and troubleshoot various software applications, including productivity suites (e.g., Office 365, SharePoint), antivirus programs, and specialized software used within the organization.

 

**Software solutions**: JAMF, Intune (Microsoft Endpoint Manager) SCCM, Ninja One, Active Directory, Azure Active Directory

 

**Ticketing and Help Desk Platforms**: ServiceNow and Jira Service Management or similar tools.

 

**Networking Basics**: Understanding of basic networking concepts, including TCP/IP, DNS, DHCP, and VPN, to troubleshoot network connectivity issues and configure network settings on desktops.

 

**Remote Desktop Support**: Proficiency in providing remote assistance to users using remote desktop tools such as Remote Desktop Protocol (RDP), TeamViewer, or similar software.

 

**Customer Service Skills**: Strong communication and interpersonal skills to effectively communicate with end\\-users, understand their issues, and provide clear instructions and solutions.

 

**IT Inventory**: Responsible for managing, and tracking IT assets, including inventory and consumables, while contributing to demand planning strategies

 

**Adaptability and Learning**: Willingness to adapt to new technologies and learn continuously, as desktop support often involves staying updated with evolving hardware, software, and security trends.

 

**Team Collaboration:** Ability to collaborate with other IT team members, such as network administrators, system administrators, and help desk staff, to resolve complex issues and improve overall IT infrastructure and support processes.

 

**Experience:** Minimum 5 to 7\\+ years of experience as a Desktop Support Engineer","","","","","","","",""
"zr-tzcMaOBKLalv-ngyKMYnNg","zip_recruiter","https://www.ziprecruiter.com/jobs//j?lvk=tzcMaOBKLalv-ngyKMYnNg","","Senior Software Engineer, Education Partnerships","Handshake","San Francisco, CA, USA","2025-01-30","","direct_data","yearly",180000.0,260000.0,"USD","","","","organic","","Your impact Handshake is hiring a Senior **Software** **Engineer** reporting to Craig Rabara, **Engineering** Manager, on the Education (EDU) Partnerships squad. In this role you will contribute to the team ...","","","","","","","",""
