"id","site","job_url","job_url_direct","title","company","location","date_posted","job_type","salary_source","interval","min_amount","max_amount","currency","is_remote","job_level","job_function","listing_type","emails","description","company_industry","company_url","company_logo","company_url_direct","company_addresses","company_num_employees","company_revenue","company_description"
"gd-1009621310105","glassdoor","https://www.glassdoor.com/job-listing/j?jl=1009621310105","","Machine Learning Engineer","Hive","San Francisco, CA","2025-02-01","","direct_data","yearly",120000.0,180000.0,"USD",False,"","","organic","","**About Hive**

Hive is the leading provider of cloud\\-based AI solutions for content understanding, trusted by the world’s largest, fastest growing, and most innovative organizations. The company empowers developers with a portfolio of best\\-in\\-class, pre\\-trained AI models, serving billions of customer API requests every month. Hive also offers turnkey software applications powered by proprietary AI models and datasets, enabling breakthrough use cases across industries. Together, Hive’s solutions are transforming content moderation, brand protection, sponsorship measurement, context\\-based ad targeting, and more.

Hive has raised over $120M in capital from leading investors, including General Catalyst, 8VC, Glynn Capital, Bain \\& Company, Visa Ventures, and others. We have over 250 employees globally in our San Francisco, Seattle, and Delhi offices. Please reach out if you are interested in joining the future of AI!

**Machine Learning Role**  
In order to execute our vision, we need to grow our team of best\\-in\\-class machine learning engineers. We are looking for developers who are excited about staying at the forefront of deep learning technology, prototyping state\\-of\\-the\\-art neural net models and launching these models into production. We value hard workers who have no qualms working with terabyte\\-scale datasets, who are interested in learning new technologies at all levels of the machine learning stack, and who move fast and take ownership of their projects. Our ideal candidate has experience creating a working machine learning\\-powered project from the ground up, contributes innovative ideas and ingenious implementations to the team, and is capable of planning out scalable, maintainable data pipelines.

**Responsibilities**

* Everything involved in applying a ML model to a production use case, including, designing and coding up the neural network, gathering and refining data, training and tuning the model, deploying it at scale with high throughput and uptime, and analyzing the results in the wild in order to continuously update and improve accuracy and speed
* Interface closely with the Backend and DevOps teams as well as with our internal data labeling services
* Utilize OWASP top 10 techniques to secure code from vulnerabilities
* Maintain awareness of industry best practices for data maintenance handling as it relates to your role
* Adhere to policies, guidelines and procedures pertaining to the protection of information assets
* Report actual or suspected security and/or policy violations/breaches to an appropriate authority

**Requirements**

* You have an undergraduate or graduate degree in computer science or similar technical field, with significant coursework in mathematics or statistics
* You have 1\\-2 years industry machine learning experience
* You have successfully trained and deployed a deep learning machine model (image, NLP, video, or audio) into production, with measurably improved performance over baseline, either in industry or as a personal project
* You have strong experience with a high\\-level machine learning frameworks such as Tensorflow, Caffe, or Torch, and familiarity with the others
* You know the ins and outs of Python, especially as it applies to the above ML frameworks
* You are capable of quickly coding and prototyping data pipelines involving any combination of Python, Node, bash, and linux command\\-line tools, especially when applied to large datasets consisting of millions of files
* You have a working knowledge of the following technologies, or are not afraid of picking it up on the fly: C\\+\\+, Scala/Spark, SQL, Cassandra, Docker
* You are up\\-to\\-date on the latest deep neural net research and architectures, both in understanding the theory and motivations behind the techniques, as well as how to implement them in the ML framework of your choice
* You have great communication skills and ability to work with others
* You are a strong team player, with a do\\-whatever\\-it\\-takes attitude

**Who We Are**

We are a group of ambitious individuals who are passionate about creating a revolutionary AI company. At Hive, you will have a steep learning curve and an opportunity to contribute to one of the fastest growing AI start\\-ups in San Francisco. The work you do here will have a noticeable and direct impact on the development of the company.

Thank you for your interest in Hive and we hope to meet you soon!

The current expected base salary for this position ranges from $120,000 \\- $180,000\\. Actual compensation may vary depending on a number of factors, including a candidate’s qualifications, skills, competencies and experience, and location. Base pay is one part of the total compensation package that is provided to compensate and recognize employees for their work; stock options may be offered in addition to the range provided here.

Job Type: Full\\-time

Pay: $120,000\\.00 \\- $180,000\\.00 per year

Schedule:

* Monday to Friday

Work Location: In person","","https://www.glassdoor.com/Overview/W-EI_IE1529059.htm","https://media.glassdoor.com/sql/1529059/hive-squarelogo-1516370633937.png","","","","",""
"gd-1009621304955","glassdoor","https://www.glassdoor.com/job-listing/j?jl=1009621304955","","Software Developer","Oracle","Redwood City, CA","2025-02-01","","direct_data","yearly",104932.0,165655.0,"USD",False,"","","organic","","**Job Duties** : Copy and paste job duties from approved job summary, followed by two\\-part matter number in parentheses. In the next paragraph, include the education, experience, and skills from the approved job summary.  



*Design, develop, troubleshoot and/or test/QA software. As a member of the software engineering division, apply knowledge of software architecture to perform tasks associated with developing, debugging, or designing software applications or operating systems according to provided design specifications. Build enhancements within an existing software architecture and/or suggest improvements to the architecture. May telecommute.* *(385\\.20104\\)*

*Employer will accept a Master’s degree in Computer Science, Engineering, or related technical field and 4 years of experience in the job offered or in a Software Developer\\-related occupation. Position requires:*

* *Programming in C and scripting;*
* *Operating system internals;*
* *Oracle Database performance analysis;*
* *Oracle Database and RAC;*
* *Storage subsystems; and*
* *Processor architecture and assembly language.*

Career Level \\- IC5","","https://www.glassdoor.com/Overview/W-EI_IE1737.htm","https://media.glassdoor.com/sql/1737/oracle-squarelogo-1570718316042.png","","","","",""
"gd-1009621189411","glassdoor","https://www.glassdoor.com/job-listing/j?jl=1009621189411","","Java Microservice Software Engineer","Wells Fargo","San Francisco, CA","2025-02-01","","direct_data","hourly",30.0,65.0,"USD",False,"","","organic","","**About this role:**  

  

Marketing Technology in Wells Fargo is fast growing department, seeking a highly motivated and energetic microservice engineer to join our dynamic team. As part of an innovative environment, you will play role in developing cutting\\-edge software solution. We are looking for someone who thrives in a fast\\-paced setting, has strong expertise in java development and is eager to contribute to exciting new projects. if you are passionate about technology and are ready to make an impact, we'd love to have you onboard.  

  

**In this role, you will:*** Participate in low to moderately complex initiatives and projects associated with the technology domain, including installation, upgrades, and deployment efforts
* Identify opportunities for service quality and availability improvements within the technology domain environment
* Design, code, test, debug, and document for low to moderately complex projects and programs associated with technology domain, including upgrades and deployments
* Review and analyze technical assignments or challenges that are related to low to medium risk deliverables and that require research, evaluation, and selection of alternative technology domains
* Present recommendations for resolving issues or may escalate issues as needed to meet established service level agreements
* Exercise some independent judgment while also developing understanding of given technology domain in reference to security and compliance requirements
* Provide information to technology colleagues, internal partners, and stakeholders

**Required Qualifications:*** 2\\+ years of software engineering experience, or equivalent demonstrated through one or a combination of the following: work experience, training, military experience, education
* Java engineering experience
* Sprint boot, Spring framework, JPA, Transaction management
* Microservice development experience
* Kafka messaging experience
* Relational and No SQL database engineering experience
* Object oriented programming cpncepts
* Behavioral Driven Development (e.g., Cucumber) experience
* GitHub repository

**Desired Qualifications:*** Any cloud vendor certification
* Kubernetes experience

**Job Expectations:*** 25% Travel
* Hybrid work schedule
* This position is not eligible for visa sponsorship

**Pay Range**  

  

Reflected is the base pay range offered for this position. Pay may vary depending on factors including but not limited to achievements, skills, experience, or work location. The range listed is just one component of the compensation package offered to candidates.  

$30\\.58 \\- $65\\.24  

**Benefits**  

  

Wells Fargo provides eligible employees with a comprehensive set of benefits, many of which are listed below. Visit Benefits \\- Wells Fargo Jobs for an overview of the following benefit plans and programs offered to employees.* Health benefits
* 401(k) Plan
* Paid time off
* Disability benefits
* Life insurance, critical illness insurance, and accident insurance
* Parental leave
* Critical caregiving leave
* Discounts and savings
* Commuter benefits
* Tuition reimbursement
* Scholarships for dependent children
* Adoption reimbursement

**Posting End Date:**  

6 Feb 2025  

* **Job posting may come down early due to volume of applicants.**

  

**We Value Diversity**  

  

At Wells Fargo, we believe in diversity, equity and inclusion in the workplace; accordingly, we welcome applications for employment from all qualified candidates, regardless of race, color, gender, national origin, religion, age, sexual orientation, gender identity, gender expression, genetic information, individuals with disabilities, pregnancy, marital status, status as a protected veteran or any other status protected by applicable law.  

  

Employees support our focus on building strong customer relationships balanced with a strong risk mitigating and compliance\\-driven culture which firmly establishes those disciplines as critical to the success of our customers and company. They are accountable for execution of all applicable risk programs (Credit, Market, Financial Crimes, Operational, Regulatory Compliance), which includes effectively following and adhering to applicable Wells Fargo policies and procedures, appropriately fulfilling risk and compliance obligations, timely and effective escalation and remediation of issues, and making sound risk decisions. There is emphasis on proactive monitoring, governance, risk identification and escalation, as well as making sound risk decisions commensurate with the business unit's risk appetite and all risk and compliance program requirements.  

  

Candidates applying to job openings posted in US: All qualified applicants will receive consideration for employment without regard to race, color, religion, sex, sexual orientation, gender identity, national origin, disability, status as a protected veteran, or any other legally protected characteristic.  

  

**Applicants with Disabilities**  

  

To request a medical accommodation during the application or interview process, visit Disability Inclusion at Wells Fargo .  

  

**Drug and Alcohol Policy**  

  

Wells Fargo maintains a drug free workplace. Please see our Drug and Alcohol Policy to learn more.  

  

**Wells Fargo Recruitment and Hiring Requirements:**  

  

a. Third\\-Party recordings are prohibited unless authorized by Wells Fargo.  

  

b. Wells Fargo requires you to directly represent your own experiences during the recruiting and hiring process.","","https://www.glassdoor.com/Overview/W-EI_IE8876.htm","https://media.glassdoor.com/sql/8876/wells-fargo-squarelogo-1569533783558.png","","","","",""
"gd-1009621069203","glassdoor","https://www.glassdoor.com/job-listing/j?jl=1009621069203","","Full-Stack Software Engineer","The Information","San Francisco, CA","2025-02-01","","direct_data","yearly",88910.0,140999.0,"USD",False,"","","organic","","**About The Information**

  

The Information is the go\\-to source of in\\-depth reporting for the most influential leaders in technology and business. Founded in 2013 and headquartered in San Francisco, our original, high\\-quality journalism has the power to inform the most consequential decisions shaping our future, and we’ve built a community of 700,000 active readers who depend on us to do just that. We have a financially healthy business, plenty of capital, and big ambitions to grow our team and business.

 **About the role**


Our engineering team, within our business division, is looking for a driven and collaborative product engineer to help scale, improve, and maintain the technical systems that power our business. In this role, you’ll work on building new features, enhancing existing ones, and ensuring the stability and reliability of our platform. Along the way, you’ll contribute ideas for improving our systems and identifying opportunities for tech\\-driven initiatives that move the needle for the business, while also troubleshooting and resolving issues to support a seamless user experience, for both our internal teams and our end users.

**What you'll do**

* Participate in the development of new features and improvements, adhering to best practices and ensuring code quality.
* Continuously improve technical systems to align with evolving business needs.
* Ensure the reliability and performance of our internal and external facing applications through proactive support and maintenance.
* Propose and implement tech\\-driven ideas to move the needle for the business.
* Diagnose and resolve technical issues to enhance system stability and user experience.
* Engage in code reviews to share feedback and exchange ideas with peers.
* Contribute to a culture of learning and teaching by sharing knowledge and supporting team development.
* Evolve into a Subject Matter Expert (SME), where you’ll be the go\\-to engineer for an area of our business.

**Qualifications**

* 2\\+ years of professional experience as a Full Stack Software Engineer, with exposure to web development.
* Familiarity with cloud infrastructure, such as Heroku and Cloudflare (which we use), AWS, or similar platforms.
* Strong problem\\-solving skills and the ability to debug technical challenges.
* Effective communication and teamwork skills, with a collaborative mindset.
* A willingness to learn, share knowledge, and grow with the team.
* Experience working in a server\\-side language (we primarily use Ruby on Rails, but Python, Node, etc., is also acceptable).
* Experience working in JavaScript and React.
* Experience working in relational databases (e.g., PostgreSQL).
* Understanding of database architecture.

**Bonus Qualifications**

* Experience working with Ruby on Rails, TypeScript preferred.
* Experience with performance optimization or scalability.
* Familiarity working with a CDP platform like Segment, CustomerIO or BlueConic

**Benefits**

* Company\\-paid medical, dental, and vision coverage for employees and their dependents
* Basic life insurance
* Generous paid leave that increases over time
* A parental leave policy for new parents
* 401(k) plan with company match
* Flexible Spending Account
* Additional benefits include commuter benefits, gym and fitness stipend, and phone reimbursement


Salary Range: **$130,000 \\- $150,000** USD Annually \\+ Bonus \\+ Benefits


The salary range posted is based on the company's good faith belief at the time of the posting. Actual compensation may vary above or below this range based on factors such as location, work experience, and skill level.


We are an equal opportunity employer. We do not discriminate on the basis of race, religion, color, national origin, gender, sexual orientation, age, marital status, veteran status, or disability status. We are committed to diversity and to building an inclusive environment for people of all backgrounds and ages.","","https://www.glassdoor.com/Overview/W-EI_IE1522219.htm","https://media.glassdoor.com/sql/1522219/the-information-squarelogo-1486099351590.png","","","","",""
"gd-1009622397636","glassdoor","https://www.glassdoor.com/job-listing/j?jl=1009622397636","","IAM JAVA DEVELOPER - REMOTE WITHIN CALIFORNIA","University of California Office of the President","Oakland, CA","2025-02-01","","direct_data","yearly",145000.0,165000.0,"USD",False,"","","organic","epost@ucop.edu","**Location:** Oakland  

**Job ID:** 75975  

  

**Job Posting**  

  

**UC OFFICE OF THE PRESIDENT**  

  

At the University of California (UC), your contributions make a difference. A world leader producing Nobel and Pulitzer Prize recipients with over 150 years of groundbreaking research transforming the world. Choose a career where you can leverage your knowledge, skills and aspirations to inspire and support some of the greatest minds in the world, and those who will follow in their footsteps. Working at the University of California is being part of a unique institution, and a vibrant and diverse community. At the University of California, Office of the President, we propel our mission through impactful work locally, in government centers and systemwide. We are passionate people, serving the greater good.  

  

The University of California, one of the largest and most acclaimed institutions of higher learning in the world, is dedicated to excellence in teaching, research and public service. The University of California Office of the President is the headquarters to the 10 campuses, six academic medical centers and three national laboratories and enrolls premier students from California, the nation and the world. Learn more about the UC Office of the President  

  

**Department Overview**  

As a security first organization, Technology Delivery Services (TDS) is part of the Information Technology (IT) Department. The TDS teams include Information Security, Planning (architecture and PMO), Application Development, HR \\& Payroll Development, Infrastructure, and Client Services teams. We maintain an innovative, inclusive, and supportive work environment.  

  

**Position Summary**  

The Java developer / analyst will act as a technical resource for application \\& interface design, configuration, and operation within the Identity and Access Management (IAM) domain. This role includes coding, deployment, and support for IAM\\-related functions and integrations, with a focus on Single Sign\\-On (SSO) solutions, web services, and security protocols. The role may also configure IAM\\-related software and integrations with other systems, including operating systems, middleware, databases, web services, software, and authentication proxies. The ideal candidate will have experience in the areas of software development / coding (Java), installation, configuration, and support for software products, and with configuring integrations between IT systems. A background in IAM solution development, configuration, and support is a strong plus. Proven experience with Identity and Access Management technologies and protocols (e.g., OAuth, SAML, OpenID Connect, Shibboleth). Strong Java development skills, with experience in Spring and Hibernate. Experience with RESTful APIs, SOAP messaging, and system integrations. Familiarity with database technologies (SQL, MySQL) and database security best practices. Knowledge of version control systems (Git) for version control and collaboration. Experience with cloud platforms (AWS). Familiarity with front\\-end technologies (HTML, CSS, JavaScript). Familiarity with updating certificates. Excellent problem\\-solving skills, attention to detail, and the ability to work effectively in a team\\-oriented environment. Excellent communication and collaboration skills for working with cross\\-functional teams. This role is ideal for candidates who have a strong background in Java development, IAM, and SSO technologies and are looking to contribute to secure authentication and identity management solutions within a highly matrixed and collaborative environment.  

  

**Key Responsibilities**  

  

35% Designs, develops, modifies, debugs, deploys and evaluates user identity, provisioning, and authentication related software and scripts. Performs data analysis and analyzes the design and use of data sources, including relational databases, LDAP data stores, and file\\-based data stores. Monitors and employs identity authentication and provisioning related source code control techniques and configuration management. Performs adequate testing of software to ensure proper operation and conformance to test plans. Implements release management.  

  

20% Manages user identity authentication systems and services for an organization of moderate size comprising multiple, integrated systems. Makes recommendations and performs upgrades and patches to computer hardware, software and services relating to identity and access management. Performs analysis to acquire, install, modify and support operating systems, web services, software, databases, utilities and/or tools for the management of user identities, federated authentication, user provisioning interfaces, and related logging, audit, and monitoring. Applies and manages essential security configurations.  

  

15% Identifies, evaluates and develops complex systems, processes and procedures specific to the creation, lifecycle management, and provisioning of trusted user accounts and related authentication mechanisms. Creates specifications for IAM related systems to meet end\\-user requirements. Develops user interface designs, including self\\-registration and user provisioning / approval workflow mechanisms. Gathers, analyzes, and documents IAM system requirements, revising existing system and process logic issues as necessary.  

  

10% Troubleshoots and resolves complex technical issues, including hardware, custom and off\\-the\\-shelf software, supporting service integrations, and related interfaces and network configurations. Coordinates workflow of support requests, setting priorities and tracking resolution. Ensures compliance with and provides input to service level agreements.  

  

10% Security \\- Participates in security training and keeps current with industry best practices to ensure software is not exposing the organization to unnecessary risk. Contributes to architecture design to ensure that software/applications are secure. Addresses vulnerabilities as they are discovered by assisting in developing action plans and remediating issues discovered in the software. Keeps up to date of new developments in software vulnerabilities and prevention.  

  

10% Act as the IT point of contact for questions, application support, and maintenance of the system. Participate in a 24x7 on\\-call rotation and perform regular system maintenance during off hours and over the weekends as needed.  

  

**Experience**  

Required Qualifications  

Min 8 years of related Information Technology work experience.  

* 

  

  

**Skills and Abilities**  

Required Qualifications  

* Demonstrated skills associated with programming design, modification and implementation.
* Advanced knowledge of secure software development. Demonstrated ability to create software specifications.
* Ability to elicit and communicate technical and non\\-technical information in a clear and concise manner.
* Interpersonal skills sufficient to work with both technical and non\\-technical personnel at various levels in the organization.
* Demonstrated ability to install software and troubleshoot and repair moderately complex problems with computing devices, peripherals and software.
* Understanding of and experience troubleshooting client, server and peripherals\\-related issues and actions that can be taken to improve or correct performance.
* Thorough knowledge of business and process analysis functions.
* Skills and experience with development, configuration, testing, and operational support of identity and access management related tools and technologies.
* Ability to write technical documentation in a clear and concise manner.
* Knowledge of identity and access management concepts, tools, and technologies.

  

Preferred Qualifications  

* Knowledge of the design, development and application of technology and systems to meet business needs.
* Demonstrated experience with database administration.
* Working knowledge of database management systems and standards.
* Advanced database querying and modeling skills working with moderately complex databases.
* Advanced knowledge of computer security tools, best practices and policies including demonstrated experience securing server\\-based software.
* Demonstrated skill at administering moderately complex security controls and configurations to computer hardware, software and networks.
* Experience in incident response and digital forensics, including data collection, examination and analysis.
* Demonstrated testing and test planning skills.
* Demonstrated comprehensive understanding of how system management actions affect other systems, system users and dependent / related functions.
* Familiarity with data quality and governance issues and requirements.
* Familiarity with logical data design and data mapping or data conversion.

  

**Education**  

Required Qualifications  

Bachelor's degree in related area and / or equivalent experience / training  

* 

  

  

**Licenses and Certifications**  

Preferred Qualifications  

* CISSP

  

**Job Title**  

Information Systems Analyst 4  

  

**Job Code**  

000499  

  

**Salary Grade**  

Grade 25  

  

**Payscale:**  

$145,000 \\- $165,000  

  

The University of California, Office of the President, is required to provide a reasonable estimate of the compensation range for this role. This range takes into account the wide range of factors that are considered in making compensation decisions including but not limited to experience, skills, knowledge, abilities, education, licensure and certifications, and other business and organizational needs. It is not typical for an individual to be offered a salary at or near the top of the range for a position. Salary offers are determined based on final candidate qualifications and experience. The full salary range shows the growth potential for this position and the pay scale is the budgeted salary or hourly range that the University reasonably expects to pay for this position.  

  

Benefits: For information on the comprehensive benefits package offered by the University visit: Benefits of Belonging  

  

**ADDITIONAL INFORMATION**  

  

**California residents, or those willing to relocate to CA, who wish to work onsite, hybrid, or remote, will be considered. Not eligible for Visa sponsorship or transfer.**  

  

**HOW TO APPLY**  

  

Please be prepared to attach a cover letter and resume with your application.  

  

**APPLICATION REVIEW DATE**  

  

The first review date for this job is2/21/2025\\. The position will be open until filled.  

  

**CONDITIONS OF EMPLOYMENT**  

  

Background Check Process: Successful completion of a background check is required for this critical position. Background check process at UCOP  

  

Smoke Free Work Environment: The University of California, Office of the President, is smoke \\& tobacco\\-free as of January 1, 2014\\. UC Smoke \\& Tobacco Free Policy  

  

As a condition of employment, you will be required to comply with the University of California Policy on Vaccination Programs, as may be amended or revised from time to time. Federal, state, or local public health directives may impose additional requirements.  

  

As a condition of employment, the finalist will be required to disclose if they are subject to any final administrative or judicial decisions within the last seven years determining that they committed any misconduct, are currently being investigated for misconduct, left a position during an investigation for alleged misconduct, or have filed an appeal with a previous employer.  

* ""Misconduct"" means any violation of the policies or laws governing conduct at the applicant's previous place of employment, including, but not limited to, violations of policies or laws prohibiting sexual harassment, sexual assault, or other forms of harassment, discrimination, dishonesty, or unethical conduct, as defined by the employer.
	+ UC Sexual Violence and Sexual Harassment Policy
	+ UC Anti\\-Discrimination Policy for Employees, Students and Third Parties
	+ APM \\- 035: Affirmative Action and Nondiscrimination in Employment

  

**EEO STATEMENT**  

  

The University of California, Office of the President, is an Equal Opportunity/Affirmative Action Employer. All qualified applicants will receive consideration for employment without regard to race, color, religion, sex, sexual orientation, gender identity, national origin, disability, age or protected veteran status. For the University of California's Affirmative Action Policy please visit: https://policy.ucop.edu/doc/4010393/PPSM\\-20\\. For the University of California's Anti\\-Discrimination Policy, please visit: https://policy.ucop.edu/doc/1001004/Anti\\-Discrimination.  

  

The University of California, Office of the President, strives to make this job board accessible to any and all users. If you have comments regarding the accessibility of our website or need assistance completing the application process, please contact us at: Accessibility or email the Human Resource Department at: epost@ucop.edu.  

  

  

  

  

**To apply, visit** **https://careerspub.universityofcalifornia.edu/psc/ucop/EMPLOYEE/HRMS/c/HRS\\_HRAM\\_FL.HRS\\_CG\\_SEARCH\\_FL.GBL?Page\\=HRS\\_APP\\_JBPST\\_FL\\&JobOpeningId\\=75975\\&PostingSeq\\=1\\&SiteId\\=19\\&languageCd\\=ENG\\&FOCUS\\=Applicant**  

  

jeid\\-9d1ba1a78239724782a2d2c8ffb73cfe","","https://www.glassdoor.com/Overview/W-EI_IE600109.htm","https://media.glassdoor.com/sql/600109/university-of-california-office-of-the-president-squareLogo-1687883287314.png","","","","",""
"gd-1009620518652","glassdoor","https://www.glassdoor.com/job-listing/j?jl=1009620518652","","Embedded Software Engineer","Yaskawa America, Inc.","San Francisco, CA","2025-02-01","","direct_data","yearly",100000.0,155000.0,"USD",False,"","","organic","","**Yaskawa America, Inc. \\- Drives \\& Motion Division** is a US corporation which provides Automation Solutions and Support to customers in North America, Central and South America. Products are marketing and sold through partners, representatives, dealers, distributors and direct sales. The parent company, Yaskawa Electric has served the world's needs for products to improve global productivity through automation.



The **Embedded Software Engineer** position is on\\-site 3\\-5 days/week in our San Francisco office in the Embarcadero area, easily reachable by many transportation options. Participate in all phases of software development including specification, detailed design, testing and design review. Provide support and training for developed products to related departments. Responsible for designing, implementing, and testing software following internally created design processes. Tasks can be very complex, but typically follow established general procedures and are carried out collaboratively with peer associates. Works with minimal direct supervision but communicates frequently with peers and supervisors on all aspects of development. We are no longer in start\\-up mode; while there will be new products added in the future, we continue to customize or upgrade our existing products, offering a level of stability to qualified developers.


**Requirements:**


* BS. or M.S. (preferred) or equivalent degree in Electrical, Mechanical, Mechatronics or Computer/Electrical Engineering, Computer Science, or closely related field.
* 3\\-5 years embedded software development project experience would be ideal, however, will consider experience in professional university or personal environments.
* Proficiency in C\\+\\+ language object\\-oriented software design skills.
* Familiarity (either professional or project) with general embedded real\\-time operating systems (RTOS) concepts. Experience ideally includes a project with multi\\-threading, synchronization, and task scheduling and prioritization.
* Read and comprehend electrical schematics and troubleshoot hardware problems on prototype boards.
* Exposure to software development tools such as gcc, Git, ALM systems, QMS systems, and Linux operating systems preferred.
* Familiarity with Python, C, C\\#, Lua, IEC61131\\-3 and network socket programming concepts and general network troubleshooting preferred but not required.
* Interest and exposure to robotics extremely helpful.
* Ability to comprehend and contribute to software design documents, references, and technical specifications.
* Practical experience with using electrical test equipment such as multimeters, oscilloscopes, chart recorders, logic analyzers, etc.
* Strong quantitative, analytical, and problem solving skills required.
* Strong communication skills.


Salary: $100K\\-$155K/year; depending on experience



Employer \\& Work Address: Yaskawa America, Inc., 150 Spear Street, Suite 700, San Francisco, CA 94105



Yaskawa is an equal opportunity employer. Some key advantages of working at Yaskawa include: a global environment with interactions to numerous cultures, career opportunities in diverse areas, a highly competitive benefit package, including a generous 401(K) plan, profit sharing, corporate wide bonus plan and an educational assistance program offering up to $10,000 per year for graduate courses.



EEO/M/F/Disabled/Vet


Equal Opportunity Employer/Protected Veterans/Individuals with Disabilities


The contractor will not discharge or in any other manner discriminate against employees or applicants because they have inquired about, discussed, or disclosed their own pay or the pay of another employee or applicant. However, employees who have access to the compensation information of other employees or applicants as a part of their essential job functions cannot disclose the pay of other employees or applicants to individuals who do not otherwise have access to compensation information, unless the disclosure is (a) in response to a formal complaint or charge, (b) in furtherance of an investigation, proceeding, hearing, or action, including an investigation conducted by the employer, or (c) consistent with the contractor’s legal duty to furnish information. 41 CFR 60\\-1\\.35(c)","","https://www.glassdoor.com/Overview/W-EI_IE7079.htm","https://media.glassdoor.com/sql/7079/yaskawa-electric-squarelogo-1507287083298.png","","","","",""
"gd-1009621418121","glassdoor","https://www.glassdoor.com/job-listing/j?jl=1009621418121","","Sr. Software Engineer","DocuSign","San Francisco, CA","2025-02-01","","direct_data","yearly",151800.0,245150.0,"USD",False,"","","organic","accommodations@docusign.com, taops@docusign.com","**Company Overview**
--------------------

  

Docusign brings agreements to life. Over 1\\.5 million customers and more than a billion people in over 180 countries use Docusign solutions to accelerate the process of doing business and simplify people’s lives. With intelligent agreement management, Docusign unleashes business\\-critical data that is trapped inside of documents. Until now, these were disconnected from business systems of record, costing businesses time, money, and opportunity. Using Docusign’s Intelligent Agreement Management platform, companies can create, commit, and manage agreements with solutions created by the \\#1 company in e\\-signature and contract lifecycle management (CLM).  

  

**What You'll Do**
------------------

  

Docusign is seeking a Front End Engineer to enhance the Common User Experiences for Navigator. Our goal is to revolutionize our UX while accommodating our growing user base. You will work on an agile team to create elegant, simple user interactions for complex workflows using modern web frameworks like React and TypeScript, focusing on accessibility, performance, and instrumentation. We seek engineers experienced in building responsive, intuitive UIs for complex systems.

  

Our team values collaboration, growth, innovation, and inclusivity. We aim to quickly ship, validate, and iterate, providing the best possible customer experiences through well\\-crafted software.

  

As a Front End Engineer on the team, you will help shape our company's future. Your contributions will enable us to scale rapidly while maintaining high efficiency and quality standards. You will use your technical expertise to make critical decisions, build robust systems, and deliver products that empower our platform users and internal teams.

  

This is an individual contributor role reporting to a Principal Software Engineer.

 **Responsibility**

* Learn and adopt best practices for responsiveness, performance, and accessibility
* Write and ship modular, secure, and scalable code
* Ensure design and architecture is extensible across multiple projects and conduct technical design reviews
* Contribute to and drive a culture of building scalable and highly available systems
* Test your code at all levels and ensure its quality before shipping
* Raise issues and opportunities for improvement early and often
* Demonstrate a strong focus on instrumenting features being developed
* Partner with product managers, designers, and peer engineers
* Work as part of a passionate, agile development team to deliver engaging web user experiences
* Participate in live site reviews
* Demonstrate a strong focus on instrumenting features being developed to gain insights into usage patterns and feature success
* Focus on code quality by identifying test cases and devising efficient, scalable testing processes
* Identify, propose, and implement process improvements to continuously increase the team's productivity and efficiency
* Stay ahead of the latest development standard methodologies and share your findings with the team

  

  

**Job Designation**
-------------------

 **Hybrid:**


Employee divides their time between in\\-office and remote work. Access to an office location is required. (Frequency: Minimum 2 days per week; may vary by team but will be weekly in\\-office expectation)  

Positions at Docusign are assigned a job designation of either In Office, Hybrid or Remote and are specific to the role/job. Preferred job designations are not guaranteed when changing positions within Docusign. Docusign reserves the right to change a position's job designation depending on business needs and as permitted by local law.

  

  

**What You Bring**
------------------

 **Basic**

  

* 8\\+ years of relevant experience
* BS degree in Computer Science or equivalent experience
* 8\\+ years of industry experience writing client\\-side Javascript TypeScript
* Experience building responsive layouts with modern JavaScript, TypeScript, HTML, CSS, React
* Experience with frontend testing frameworks, Jest and Playwright
* Experience with API design and implementation
* Experience with Git, continuous integration, and deployment tools

 **Preferred**

  

* Self\\-motivated and comfortable operating across the stack in a dynamic environment with a strong sense of ownership
* Takes a user\\-focused approach, shipping incrementally with rapid iterations
* Strong communication and collaboration skills with the ability to work closely with the team and other cross\\-functional teams across the company
* Passion for UI
* Good sense of usability and design
* Experience with consuming and building RESTful web services, React, TypeScript, GraphQL
* Experience working with cross\\-browser behaviors and quirks
* Experience with using telemetry to gain insights into usage patterns and feature success

  

  

**Wage Transparency**
---------------------

  

Pay for this position is based on a number of factors including geographic location and may vary depending on job\\-related knowledge, skills, and experience.  

Based on applicable legislation, the below details pay ranges in the following locations:  

California: $151,800\\.00 \\- $245,150\\.00 base salary  

This role is also eligible for the following:* Bonus: Sales personnel are eligible for variable incentive pay dependent on their achievement of pre\\-established sales goals. Non\\-Sales roles are eligible for a company bonus plan, which is calculated as a percentage of eligible wages and dependent on company performance.
* Stock: This role is eligible to receive Restricted Stock Units (RSUs).

  

Global benefits


provide options for the following:* Paid Time Off: earned time off, as well as paid company holidays based on region
* Paid Parental Leave: take up to six months off with your child after birth, adoption or foster care placement
* Full Health Benefits Plans: options for 100% employer paid and minimum employee contribution health plans from day one of employment
* Retirement Plans: select retirement and pension programs with potential for employer contributions
* Learning and Development: options for coaching, online courses and education reimbursements
* Compassionate Care Leave: paid time off following the loss of a loved one and other life\\-changing events

  

  

**Life At Docusign**
--------------------

 **Working here**


Docusign is committed to building trust and making the world more agreeable for our employees, customers and the communities in which we live and work. You can count on us to listen, be honest, and try our best to do what’s right, every day. At Docusign, everything is equal.  

We each have a responsibility to ensure every team member has an equal opportunity to succeed, to be heard, to exchange ideas openly, to build lasting relationships, and to do the work of their life. Best of all, you will be able to feel deep pride in the work you do, because your contribution helps us make the world better than we found it. And for that, you’ll be loved by us, our customers, and the world in which we live. **Accommodation**


Docusign is committed to providing reasonable accommodations for qualified individuals with disabilities in our job application procedures. If you need such an accommodation, or a religious accommodation, during the application process, please contact us at accommodations@docusign.com.  

If you experience any issues, concerns, or technical difficulties during the application process please get in touch with our Talent organization at taops@docusign.com for assistance.
  
### **Our global benefits**


#### **Paid time off**


Take time to unwind with earned days off, plus paid company holidays based on your region.
#### **Paid parental leave**


Take up to six months off with your child after birth, adoption or foster care placement.
#### **Full health benefits**


Options for 100% employer\\-paid health plans from day one of employment.
#### **Retirement plans**


Select retirement and pension programs with potential for employer contributions.
#### **Learning \\& development**


Grow your career with coaching, online courses and education reimbursements.
#### **Compassionate care leave**


Paid time off following the loss of a loved one and other life\\-changing events.","","https://www.glassdoor.com/Overview/W-EI_IE307604.htm","https://media.glassdoor.com/sql/307604/docusign-squareLogo-1712840936863.png","","","","",""
"gd-1009621333899","glassdoor","https://www.glassdoor.com/job-listing/j?jl=1009621333899","","Staff Machine Learning Engineer","Hive","San Francisco, CA","2025-02-01","","direct_data","yearly",200000.0,300000.0,"USD",False,"","","organic","","**About Hive**  
Hive is the leading provider of cloud\\-based AI solutions for content understanding, trusted by the world’s largest, fastest growing, and most innovative organizations. The company empowers developers with a portfolio of best\\-in\\-class, pre\\-trained AI models, serving billions of customer API requests every month. Hive also offers turnkey software applications powered by proprietary AI models and datasets, enabling breakthrough use cases across industries. Together, Hive’s solutions are transforming content moderation, brand protection, sponsorship measurement, context\\-based ad targeting, and more.  
Hive has raised over $120M in capital from leading investors, including General Catalyst, 8VC, Glynn Capital, Bain \\& Company, Visa Ventures, and others. We have over 250 employees globally in our San Francisco, Seattle, and Delhi offices. Please reach out if you are interested in joining the future of AI!  
**Staff Machine Learning Engineer**  
In order to execute our vision, we need to grow our team of best\\-in\\-class machine learning engineers. We are looking for developers who are excited about staying at the forefront of deep learning technology, prototyping state\\-of\\-the\\-art neural net models and launching these models into production. We value hard workers who have no qualms working with terabyte\\-scale datasets, who are interested in learning new technologies at all levels of the machine learning stack, and who move fast and take ownership of their projects. Our ideal candidate has experience creating a working machine learning\\-powered project from the ground up, contributes innovative ideas and ingenious implementations to the team, and is capable of planning out scalable, maintainable data pipelines.  
**Responsibilities**

* Everything involved in applying a ML model to a production use case, including designing and coding up the neural network, gathering and refining data, training and tuning the model, deploying it at scale with high throughput and uptime, and analyzing the results in the wild in order to continuously update and improve accuracy and speed
* Write and maintain scalable, performant code that can be shared across platforms
* Contribute meaningfully to the product and core backend systems by suggesting and executing improvements
* Improve engineering standards, tooling, and processes
* Develop novel, accurate, and performant ML algorithms for use at scale
* Conduct metric\\-driven research experiments to improve model performance
* Provide mentorship to and help onboard ML engineers
* Lead cross\\-functional collaboration with other teams
* Contribute to defining strategic direction, planning the roadmap
* Maintain awareness of industry best practices for data maintenance handling as it relates to your role
* Adhere to policies, guidelines and procedures pertaining to the protection of information assets
* Report actual or suspected security and/or policy violations/breaches to an appropriate authority

**Minimum Requirements**

* You have a Bachelor's Degree in computer science or a related field
* You have 8\\+ years of experience building web applications
* You have successfully implemented highly\\-available distributed systems/microservices
* You have delivered scalable backend APIs
* You have strong interpersonal and communication skills with a bias towards action
* You have experience writing code and training across distributed systems
* You have the ability to understand and make well\\-reasoned tradeoffs in designing features
* You are an expert in machine learning frameworks, such as PyTorch or Tensorflow
* You are an expert in scripting languages such as Python and/or shell scripts, particularly for data analysis
* You are a subject matter expert in at least one focus area of machine learning, such as computer vision or natural language processing
* You can lead end to end development of new products

**Who We Are**  
We are a group of ambitious individuals who are passionate about creating a revolutionary AI company. At Hive, you will have a steep learning curve and an opportunity to contribute to one of the fastest growing AI start\\-ups in San Francisco. The work you do here will have a noticeable and direct impact on the development of the company.  
Thank you for your interest in Hive and we hope to meet you soon!

Job Type: Full\\-time

Pay: $200,000\\.00 \\- $300,000\\.00 per year

Schedule:

* Monday to Friday

Work Location: In person","","https://www.glassdoor.com/Overview/W-EI_IE1529059.htm","https://media.glassdoor.com/sql/1529059/hive-squarelogo-1516370633937.png","","","","",""
"gd-1009621189402","glassdoor","https://www.glassdoor.com/job-listing/j?jl=1009621189402","","Java Microservices Senior Software Engineer","Wells Fargo","San Francisco, CA","2025-02-01","","direct_data","yearly",84000.0,179200.0,"USD",False,"","","organic","","**About this role:**  

  

Marketing Technology in Wells Fargo is fast growing department, seeking a highly motivated and energetic microservice Senior Software engineer to join our dynamic team. As part of an innovative environment, you will play role in developing cutting\\-edge software solution. We are looking for someone who thrives in a fast\\-paced setting, has strong expertise in java development and is eager to contribute to exciting new projects. if you are passionate about technology and are ready to make an impact, we'd love to have you onboard.  

  

**In this role, you will:*** Lead moderately complex initiatives and deliverables within technical domain environments
* Contribute to large scale planning of strategies
* Design, code, test, debug, and document for projects and programs associated with technology domain, including upgrades and deployments
* Review moderately complex technical challenges that require an in\\-depth evaluation of technologies and procedures
* Resolve moderately complex issues and lead a team to meet existing client needs or potential new clients needs while leveraging solid understanding of the function, policies, procedures, or compliance requirements
* Collaborate and consult with peers, colleagues, and mid\\-level managers to resolve technical challenges and achieve goals
* Lead projects and act as an escalation point, provide guidance and direction to less experienced staff

**Required Qualifications:*** 4\\+ years of Software Engineering experience, or equivalent demonstrated through one or a combination of the following: work experience, training, military experience, education
* Java engineering experience
* Sprintboot, Springframework, JPA, Transaction management
* Microservice development experience
* Kafka messaging experience
* Relational and NoSQL database engineering
* Object oriented programming concepts
* Behavioral Driven Development (e.g., Cucumber) experience
* GitHub repository experience
* Cache (e.g., Redis) system design
* Cloud engineering experience

**Desired Qualifications:*** Any cloud vendor certification
* Kubernetes experience
* Docker experience
* OpenShift experience
* GitHub Action experience

**Job Expectations:*** 25% Travel

**Pay Range**  

  

Reflected is the base pay range offered for this position. Pay may vary depending on factors including but not limited to achievements, skills, experience, or work location. The range listed is just one component of the compensation package offered to candidates.  

$84,000\\.00 \\- $179,200\\.00  

**Benefits**  

  

Wells Fargo provides eligible employees with a comprehensive set of benefits, many of which are listed below. Visit Benefits \\- Wells Fargo Jobs for an overview of the following benefit plans and programs offered to employees.* Health benefits
* 401(k) Plan
* Paid time off
* Disability benefits
* Life insurance, critical illness insurance, and accident insurance
* Parental leave
* Critical caregiving leave
* Discounts and savings
* Commuter benefits
* Tuition reimbursement
* Scholarships for dependent children
* Adoption reimbursement

**Posting End Date:**  

6 Feb 2025  

* **Job posting may come down early due to volume of applicants.**

  

**We Value Diversity**  

  

At Wells Fargo, we believe in diversity, equity and inclusion in the workplace; accordingly, we welcome applications for employment from all qualified candidates, regardless of race, color, gender, national origin, religion, age, sexual orientation, gender identity, gender expression, genetic information, individuals with disabilities, pregnancy, marital status, status as a protected veteran or any other status protected by applicable law.  

  

Employees support our focus on building strong customer relationships balanced with a strong risk mitigating and compliance\\-driven culture which firmly establishes those disciplines as critical to the success of our customers and company. They are accountable for execution of all applicable risk programs (Credit, Market, Financial Crimes, Operational, Regulatory Compliance), which includes effectively following and adhering to applicable Wells Fargo policies and procedures, appropriately fulfilling risk and compliance obligations, timely and effective escalation and remediation of issues, and making sound risk decisions. There is emphasis on proactive monitoring, governance, risk identification and escalation, as well as making sound risk decisions commensurate with the business unit's risk appetite and all risk and compliance program requirements.  

  

Candidates applying to job openings posted in US: All qualified applicants will receive consideration for employment without regard to race, color, religion, sex, sexual orientation, gender identity, national origin, disability, status as a protected veteran, or any other legally protected characteristic.  

  

**Applicants with Disabilities**  

  

To request a medical accommodation during the application or interview process, visit Disability Inclusion at Wells Fargo .  

  

**Drug and Alcohol Policy**  

  

Wells Fargo maintains a drug free workplace. Please see our Drug and Alcohol Policy to learn more.  

  

**Wells Fargo Recruitment and Hiring Requirements:**  

  

a. Third\\-Party recordings are prohibited unless authorized by Wells Fargo.  

  

b. Wells Fargo requires you to directly represent your own experiences during the recruiting and hiring process.","","https://www.glassdoor.com/Overview/W-EI_IE8876.htm","https://media.glassdoor.com/sql/8876/wells-fargo-squarelogo-1569533783558.png","","","","",""
"gd-1009621309377","glassdoor","https://www.glassdoor.com/job-listing/j?jl=1009621309377","","Software Engineer - Backend","Hive","San Francisco, CA","2025-02-01","","direct_data","yearly",120000.0,180000.0,"USD",False,"","","organic","","**About Hive**

Hive is the leading provider of cloud\\-based AI solutions for content understanding, trusted by the world’s largest, fastest growing, and most innovative organizations. The company empowers developers with a portfolio of best\\-in\\-class, pre\\-trained AI models, serving billions of customer API requests every month. Hive also offers turnkey software applications powered by proprietary AI models and datasets, enabling breakthrough use cases across industries. Together, Hive’s solutions are transforming content moderation, brand protection, sponsorship measurement, context\\-based ad targeting, and more.  
Hive has raised over $120M in capital from leading investors, including General Catalyst, 8VC, Glynn Capital, Bain \\& Company, Visa Ventures, and others. We have over 250 employees globally in our San Francisco, Seattle, and Delhi offices. Please reach out if you are interested in joining the future of AI!

**Backend Engineer Role**  
In order to execute our vision, we need to grow our team of best\\-in\\-class engineers. We are looking for developers who are excited about launching new products and features into production, who can work autonomously and aren’t afraid to try new technologies, and who don’t back down from the challenges of scale. Our ideal candidate has experience building core services and web\\-based APIs from the ground up, cares just as much about the product itself as the technology that powers it, and is capable of both structuring and writing clean, maintainable code.

**Responsibilities**

* Design, implement or improve features in a variety of backend systems including our REST APIs, microservices, data ingestion and processing systems, and distributed task/job processing systems
* Write and maintain scalable, performant and secure code that can be shared across platforms
* Meaningfully contribute to the product and core backend systems by suggesting and executing improvements
* Improve engineering standards, tooling, processes and security
* Practice test\\-driven development
* Debug production issues across services and multiple levels of the stack
* Participate in on\\-call rotations, as needed, to ensure prompt and effective resolution of critical technical issues
* Utilize OWASP top 10 techniques to secure code from vulnerabilities
* Maintain awareness of industry best practices for data maintenance handling as it relates to your role
* Adhere to policies, guidelines and procedures pertaining to the protection of information assets
* Report actual or suspected security and/or policy violations/breaches to an appropriate authority

**Requirements**

* You have a Bachelor's Degree in computer science or a related field
* You have a few years of experience building web applications
* You have experience or a strong interest in writing applications in Node.js
* You have experience implementing highly\\-available distributed systems/microservices
* You have experience building scalable backend APIs
* You have experience working with relational databases, Postgres preferred
* Understanding monitoring and alerting platforms is a plus
* You strongly believe in high code quality, automated testing, and other engineering best practices
* You have attention to detail and a passion for correctness
* You are comfortable learning new technologies and systems
* You have strong interpersonal and communication skills with a bias towards action

**Who We Are**We are a group of ambitious individuals who are passionate about creating a revolutionary AI company. At Hive, you will have a steep learning curve and an opportunity to contribute to one of the fastest growing AI start\\-ups in San Francisco. The work you do here will have a noticeable and direct impact on the development of the company.Thank you for your interest in Hive and we hope to meet you soon!

Job Type: Full\\-time

Pay: $120,000\\.00 \\- $180,000\\.00 per year

Schedule:

* Monday to Friday

Work Location: In person","","https://www.glassdoor.com/Overview/W-EI_IE1529059.htm","https://media.glassdoor.com/sql/1529059/hive-squarelogo-1516370633937.png","","","","",""
"gd-1009621186735","glassdoor","https://www.glassdoor.com/job-listing/j?jl=1009621186735","","Sr. Machine Learning Engineer, Generative AI","Uber","San Francisco, CA","2025-02-01","","direct_data","yearly",198000.0,220000.0,"USD",False,"","","organic","","**About the Role**  

  

Customer Obsession AI team's mission is to transform customer support by creating highly efficient and magical support experiences for Uber customers by leveraging the power of data and AI. We specialize in NLP, GenerativeAI and Computer Vision. We are building autonomous GenAI Conversational Assistants for customer support and Agent Co\\-pilot systems that can provide intelligent, personalized and empathetic support. We are solving challenges such as multilingual (80\\+ languages) and multi\\-modal (images \\+ text for now and in future voice) conversational intelligence, autonomous reasoning and policy\\-adherence, and AgenticAI. We are a full\\-stack AI team working on LLM research, rapid model prototyping, robust evaluation and monitoring systems, and reliable infrastructure for deployment at Uber scale.
\\- What You Will Do \\-
* Design and implement machine learning models and algorithms for customer support use cases.
* Apply advanced statistical and machine learning techniques to generate insights and improve customer support experience.
* Define success metrics and develop dashboards to monitor and visualize the performance of ML models in production.
* Work closely with cross\\-functional teams, including Product, Engineering, and Data Science, to translate business requirements into ML solutions.
* Mentor and provide technical guidance to junior ML engineers and data scientists.
* Stay up\\-to\\-date with the latest research and advancements in machine learning, generative AI.

\\- Basic Qualifications \\-
* Bachelor's degree or equivalent experience in Computer Science, Computer Engineering, Data Science, ML, Statistics, or other quantitative fields.
* Proven experience with designing and implementing machine learning models in production environments applied to generative AI, applications of large language models.
* Proficiency in using Python for developing ML models and handling large\\-scale data sets.
* Hands\\-on experience with building batch data pipelines.

\\- Preferred Qualifications \\-
* PhD in Computer Science with a focus on Machine Learning.
* Experience with the latest NLP and Generative AI technologies.
2 years of software engineering experience.  
* 

  

  

For San Francisco, CA\\-based roles: The base salary range for this role is USD$198,000 per year \\- USD$220,000 per year. For Sunnyvale, CA\\-based roles: The base salary range for this role is USD$198,000 per year \\- USD$220,000 per year. For all US locations, you will be eligible to participate in Uber's bonus program, and may be offered an equity award \\& other types of comp. You will also be eligible for various benefits. More details can be found at the following link https://www.uber.com/careers/benefits.","","https://www.glassdoor.com/Overview/W-EI_IE575263.htm","https://media.glassdoor.com/sql/575263/uber-squarelogo-1537216184790.png","","","","",""
"gd-1009618671456","glassdoor","https://www.glassdoor.com/job-listing/j?jl=1009618671456","","Software Engineering MTS","Salesforce","San Francisco, CA","2025-01-31","","direct_data","yearly",180960.0,188600.0,"USD",False,"","","organic","onlinejobpostings@salesforce.com","*To get the best candidate experience, please consider applying for a maximum of 3 roles within 12 months to ensure you are not duplicating efforts.*

Job Category


Software Engineering
Job Details


**About Salesforce**

We’re Salesforce, the Customer Company, inspiring the future of business with AI\\+ Data \\+CRM. Leading with our core values, we help companies across every industry blaze new trails and connect with customers in a whole new way. And, we empower you to be a Trailblazer, too — driving your performance and career growth, charting new paths, and improving the state of the world. If you believe in business as the greatest platform for change and in companies doing well and doing good – you’ve come to the right place.


Salesforce Inc. seeks Software Engineering MTS in San Francisco, CA:


Job Duties : Deliver infrastructure that drives Salesforce from high durable data storage using Oracle and Postgres to networking and load balancing using Java, jetty and Python. Design and develop schema management framework in the public cloud environment that meets the scalability, availability, performance and security requirements of Salesforce’s core service offering. Code in React\\-Javascript for front\\-end and Spring\\-Hibernate\\-Postgres for back\\-end development. Provide operational support for schema changes deployed during releases. Coordinate with release management, release engineering teams to create, validate and promote artifacts for production releases. Work with multiple scrum teams to triage changes to the schema, troubleshoot issues in schema change rollout to internal and production environments and provide short\\- and long\\-term solutions using both pragmatic and innovative approaches as needed. Work closely with Quality Engineering, Product Management, and Technical Operations to develop, test, and deploy highly useful, high\\-quality software. Analyze, design, and develop test cases and implement automated test suites. Resolve complex technical issues and drive innovation that improves Salesforce.com. *HQ address additionally encompasses the following Salesforce locations in San Francisco: 350 Mission Street, 415 Mission Street, and 50 Fremont Street. The permanent position may be offered at any of these locations in San Francisco. Telecommuting is an option. Some travel to Salesforce offices may be required.*

Minimum Requirements : Master’s degree (or its foreign degree equivalent) in Computer Science, Engineering (any field), or a related quantitative discipline, and one (1\\) year of experience in the job offered or in any occupation in related field.


A related technical degree required (Computer Science, Engineering (any field)).


Special Skill Requirements : (1\\) Java; (2\\) Spring\\-boot; (3\\) Python; (4\\) Mockito; (5\\) Cloud Computing; (6\\) React; (7\\) PL/SQL and SQL; (8\\) Oracle 11g and 19c; (9\\) CI/CD; (10\\) JUnit; (11\\) Perforce; (12\\) Postgres; and (13\\) JavaScript. Any suitable combination of education, training and/or experience is acceptable. *Telecommuting is an option. Some travel to Salesforce offices may be required.*

Salary : $180,960\\.00 \\- $188,600\\.00 per annum.


Submit a resume using the apply button on this posting or by email at: onlinejobpostings@salesforce.com at Job\\# 22\\-15890\\. Salesforce is an Equal Opportunity \\& Affirmative Action Employer.


\\#LI\\-DNI


Accommodations


If you require assistance due to a disability applying for open positions please submit a request via this Accommodations Request Form .


Posting Statement


At Salesforce we believe that the business of business is to improve the state of our world. Each of us has a responsibility to drive Equality in our communities and workplaces. We are committed to creating a workforce that reflects society through inclusive programs and initiatives such as equal pay, employee resource groups, inclusive benefits, and more. Learn more about Equality at www.equality.com and explore our company benefits at www.salesforcebenefits.com .


Salesforce is an Equal Employment Opportunity and Affirmative Action Employer. Qualified applicants will receive consideration for employment without regard to race, color, religion, sex, sexual orientation, gender perception or identity, national origin, age, marital status, protected veteran status, or disability status. Salesforce does not accept unsolicited headhunter and agency resumes. Salesforce will not pay any third\\-party agency or company that does not have a signed agreement with Salesforce .
﻿

Salesforce welcomes all.


Pursuant to the San Francisco Fair Chance Ordinance and the Los Angeles Fair Chance Initiative for Hiring, Salesforce will consider for employment qualified applicants with arrest and conviction records.
### **For California\\-based roles, the base salary hiring range for this position is $180,960 to $188,600\\.**

### **Compensation offered will be determined by factors such as location, level, job\\-related knowledge, skills, and experience. Certain roles may be eligible for incentive compensation, equity, benefits. More details about our company benefits can be found at the following link: https://www.salesforcebenefits.com.**","","https://www.glassdoor.com/Overview/W-EI_IE11159.htm","https://media.glassdoor.com/sql/11159/salesforce-com-squarelogo-1413910133565.png","","","","",""
"gd-1009619171949","glassdoor","https://www.glassdoor.com/job-listing/j?jl=1009619171949","","Software Engineering SMTS","Salesforce","San Francisco, CA","2025-01-31","","direct_data","yearly",137100.0,236500.0,"USD",False,"","","organic","","*To get the best candidate experience, please consider applying for a maximum of 3 roles within 12 months to ensure you are not duplicating efforts.*

Job Category


Software Engineering
Job Details


**About Salesforce**

We’re Salesforce, the Customer Company, inspiring the future of business with AI\\+ Data \\+CRM. Leading with our core values, we help companies across every industry blaze new trails and connect with customers in a whole new way. And, we empower you to be a Trailblazer, too — driving your performance and career growth, charting new paths, and improving the state of the world. If you believe in business as the greatest platform for change and in companies doing well and doing good – you’ve come to the right place.


We are a cutting\\-edge technology organization dedicated to improving developer productivity in cloud development environments. Our team is building tools and extensions that enable seamless development experiences for both UI and Java developers on VSCode and JetBrains products. Join us as we push the boundaries of innovation and redefine productivity in remote workspaces.


Role Overview:
  

We are seeking a highly skilled Software Engineer to enhance the development experience using IDEs for UI and Java developers. In this role, you will design, develop, and maintain plugins and extensions that optimize workflows in remote development environments. You will collaborate closely with cross\\-functional teams to deliver tools that empower developers to be their best, regardless of location.


Key Responsibilities:


* Design and develop IDE extensions and plugins tailored for UI and Java development.
* Enhance the integration of remote workspaces with VSCode, ensuring seamless performance and usability.
* Optimize development workflows by creating features that improve debugging, testing, and build processes for remote developers.
* Collaborate with stakeholders to gather requirements and translate them into innovative, scalable solutions.
* Troubleshoot and resolve issues in existing extensions, ensuring high\\-quality, reliable tools for developers.
* Keep up\\-to\\-date with the latest advancements in IDE and remote development technologies, identifying opportunities to improve developer productivity.

Requirements:


* Experience: 3\\+ years of software development experience, with at least 1 year focused on developing IDE plugins/extensions or similar tools.
* Languages: Proficiency in TypeScript, JavaScript, and Java; familiarity with Kotlin is a plus.
* Frameworks and Tools: Experience with Github Codespaces, VSCode API, and modern development frameworks.
* Remote Development: Knowledge of remote development setups, including containers (Docker), remote Tunnels, and cloud workspaces.
* UI Development: Strong understanding of front\\-end technologies like HTML, CSS, and frameworks such as React or Angular.
* Problem Solving: Proven ability to identify developer pain points and build solutions that enhance productivity.
* Collaboration: Excellent communication and teamwork skills, with experience working in agile development environments.

Accommodations


If you require assistance due to a disability applying for open positions please submit a request via this Accommodations Request Form .


Posting Statement


At Salesforce we believe that the business of business is to improve the state of our world. Each of us has a responsibility to drive Equality in our communities and workplaces. We are committed to creating a workforce that reflects society through inclusive programs and initiatives such as equal pay, employee resource groups, inclusive benefits, and more. Learn more about Equality at www.equality.com and explore our company benefits at www.salesforcebenefits.com .


Salesforce is an Equal Employment Opportunity and Affirmative Action Employer. Qualified applicants will receive consideration for employment without regard to race, color, religion, sex, sexual orientation, gender perception or identity, national origin, age, marital status, protected veteran status, or disability status. Salesforce does not accept unsolicited headhunter and agency resumes. Salesforce will not pay any third\\-party agency or company that does not have a signed agreement with Salesforce .
﻿

Salesforce welcomes all.


Pursuant to the San Francisco Fair Chance Ordinance and the Los Angeles Fair Chance Initiative for Hiring, Salesforce will consider for employment qualified applicants with arrest and conviction records.
### **For California\\-based roles, the base salary hiring range for this position is $137,100 to $236,500\\.**

### **Compensation offered will be determined by factors such as location, level, job\\-related knowledge, skills, and experience. Certain roles may be eligible for incentive compensation, equity, benefits. More details about our company benefits can be found at the following link: https://www.salesforcebenefits.com.**","","https://www.glassdoor.com/Overview/W-EI_IE11159.htm","https://media.glassdoor.com/sql/11159/salesforce-com-squarelogo-1413910133565.png","","","","",""
"gd-1009618975202","glassdoor","https://www.glassdoor.com/job-listing/j?jl=1009618975202","","Senior Software Engineer, Education Partnerships","Handshake","San Francisco, CA","2025-01-31","","direct_data","yearly",180000.0,260000.0,"USD",False,"","","organic","","Everyone is welcome at Handshake. We know diverse teams build better products and we are committed to creating an inclusive culture built on a foundation of respect for all individuals. We strongly encourage candidates from non\\-traditional backgrounds, historically marginalized or underrepresented groups to apply.

### **Your impact**

  


Handshake is hiring a Senior Software Engineer reporting to Craig Rabara, Engineering Manager, on the **Education (EDU) Partnerships** squad. In this role you will contribute to the team's mission of reinforcing Handshake's foundation with education partnerships by making it easy for career services teams to develop their employer network and leverage it to help students prepare for their career search. As a member of the EDU squad, your work will have a direct impact on career services users and influence how they leverage Handshake's educational tooling – internship management, employer relationship management, career guidance – to support job seekers. You will have the opportunities to lead large projects through all developmental stages\\- from early brainstorming and requirements refining to architectural design and scoping to execution and release.


#### **Your role**


* Your day\\-to\\-day work will feature regular collaboration on a cross\\-functional team with a designer, product manager and other engineers. You will also engage frequently with engineers, support, marketing and additional functions across the organization.
* You will architect and build features that our education partners use daily to engage with job seekers and guide them in their career journeys.
* You will lead by example in maintaining a high standard of quality in your own work and in the feedback provided to peers in code review and architecture discussions.
* You will lend your technical knowledge and experience to influence the team's roadmap and prioritization of innovation and operational health initiatives.
* You will provide mentorship to engineers and unblock and support your team to meet deliverables.

#### **Your experience**


* You have experience as a full stack engineer, and are confident driving architectural decisions on both frontend and backend.
* You have demonstrated success collaborating with partners in product and design to define, build, and ship great products.
* You have experience leading large projects from idea to high quality delivery.
* You act with empathy when working with fellow engineers and coworkers, and enjoy providing mentorship and guidance to enable and support your team.
* You strive for individual and team growth, proactively seeking feedback and identifying areas of the code, processes or procedures that need improvement.
* You are a strong communicator and can articulate technical concepts and rationale to audiences of varying technical knowledge levels.

  


**Bonus areas of expertise**


* You have worked with ReactJS, React Router, GraphQL, Ruby on Rails and PostgreSQL.
* You have worked on enterprise features at scale.
* You have participated in an on\\-call rotation or incident response.
* You demonstrate ownership\\-mentality and maintain a high degree of accountability for your work.

  


**Compensation range**



$180,000 \\- $260,000

*For cash compensation, we set standard ranges for all* ***U.S.\\-based roles*** *based on function, level, and geographic location, benchmarked against similar stage growth companies. In order to be compliant with local legislation, as well as to provide greater transparency to candidates, we share salary ranges on all job postings regardless of desired hiring location. Final offer amounts are determined by multiple factors, including geographic location as well as candidate experience and expertise, and may vary from the amounts listed above.*


**About us**
============



Handshake is the career platform for Gen Z. With a community of over 17 million students, alumni, employers, and career educators, Handshake's network is where career advice and discovery turn into first, second, and third jobs. Nearly 1 million companies use Handshake to build their future workforce—from Fortune 500 to federal agencies, school districts to startups, healthcare systems to small businesses. Handshake is built for where you're going, not where you've been.



When it comes to our workforce strategy, we've thought deeply about how work\\-life should look at Handshake. With our hybrid\\-work model, employees benefit from collaboration and shared team experiences three days per week in our vibrant offices, and enjoy the flexibility of remote work two days per week. Handshake is headquartered in San Francisco, with offices in New York, London, and Berlin.


**What we offer**
=================



At Handshake, we'll give you the tools to feel healthy, happy and secure.


**Benefits below apply to employees in full\\-time positions.**


* Equity and ownership in a fast\\-growing company.
* 16 Weeks of paid parental leave for birth giving parents \\& 10 weeks of paid parental leave for non\\-birth giving parents.
* Comprehensive medical, dental, and vision policies including LGTBQ\\+ Coverage. We also provide resources for Mental Health Assistance, Employee Assistance Programs and counseling support.
* Handshake offers $500/£360 home office stipend for you to spend during your first 3 months to create a productive and comfortable workspace at home.
* Generous learning \\& development opportunities and an annual $2,000/£1,500/€1,850 stipend for you to grow your skills and career.
* Financial coaching through Origin to help you through your financial journey.
* Monthly internet stipend and a brand new MacBook to allow you to do your best work.
* Monthly commuter stipend for you to expense your travel to the office (for office\\-based employees).
* Free lunch provided twice a week across all offices.
* Referral bonus to reward you when you bring great talent to Handshake.


**(US\\-specific benefits, in addition to the first section)**


* 401k Match: Handshake offers a dollar\\-for\\-dollar match on 1% of deferred salary, up to a maximum of $1,200 per year.
* All full\\-time US\\-based Handshakers are eligible for our flexible time off policy to get out and see the world. In addition, we offer 8 standardized holidays, and 2 additional days of flexible holiday time off. Lastly, we have a Winter \\#ShakeBreak, a one\\-week period of Collective Time Off.
* Family support: We partner with Milk Stork to provide comprehensive 100% employer\\-sponsored lactation support to traveling parents and guardians. Parental leave coaching and support provided by Parentaly.


**(UK\\-specific benefits, in addition to the first section)**


* Pension Scheme: Handshake will provide you with a workplace pension, where you will make contributions based on 5% of your salary. Handshake will pay the equivalent of 3% towards your pension plan, subject to qualifying earnings limits.
* Up to 25 days of vacation to encourage people to reset, recharge, and refresh, in addition to 8 bank holidays throughout the year.
* Regular offsites each year to bring the team together \\+ opportunity to travel to our HQ in San Francisco.
* ️ Discounts across various high street retailers, cinemas and other social activities exclusively for Handshake UK employees.


**(Germany\\-specific benefits, in addition to the first section)**


* 25 days of annual leave \\+ 5 days of a winter \\#ShakeBreak, a one\\-week period of Collective Time Off across the company.
* Regular offsites each year to bring the team together \\+ opportunity to travel to our HQ in San Francisco once a year.
* Urban sports club membership offering access to a diverse network of fitness and wellness facilities.
* ️ Discounts across various high street retailers, cinemas and other social activities exclusively for Handshake Germany employees.


Looking for more? Explore our mission, values and comprehensive US benefits at joinhandshake.com/careers.



Handshake is committed to providing reasonable accommodations in our recruitment processes for candidates with disabilities, sincerely held religious beliefs or other reasons protected by applicable laws. If you need assistance or reasonable accommodation, please let your recruiter know during initial communications.","","https://www.glassdoor.com/Overview/W-EI_IE1262074.htm","https://media.glassdoor.com/sql/1262074/handshake-squareLogo-1661805736433.png","","","","",""
"gd-1009619067271","glassdoor","https://www.glassdoor.com/job-listing/j?jl=1009619067271","","Machine Learning Engineer","Saama Technologies Inc","San Francisco, CA","2025-01-31","","direct_data","yearly",125332.0,181170.0,"USD",False,"","","organic","","**\\-****This is an ONSITE Role. Please apply only if you can come to office****\\-****\\-****This is NOT a New College Gradate role****\\-****\\-****Minimum of****8 years of work exp****needed****\\-****About Us**
We are a forward\\-thinking organization focused on leveraging artificial intelligence and machine learning to create impactful, scalable solutions. Our projects involve cutting\\-edge technologies such as Generative AI, Large Language Models (LLMs), and Retrieval\\-Augmented Generation (RAG), offering exciting opportunities to work at the forefront of innovation. Join us to help shape the future of intelligent systems!**Role Overview**
-----------------


We are seeking a skilled Machine Learning Engineer to design, develop, and deploy advanced AI/ML models, with a focus on Generative AI, RAG architectures, and large\\-scale machine learning applications. You will work on end\\-to\\-end ML pipelines, integrating state\\-of\\-the\\-art tools like OpenAI, Anthropic Claude, and vector databases to deliver high\\-quality solutions for real\\-world business challenges.**Key Responsibilities**
------------------------

* Machine Learning, Generative AI \\& RAG Development:
* Build and fine\\-tune large language models (LLMs) using frameworks such as OpenAI GPT or Anthropic Claude.
* Design and implement RAG pipelines for scalable, real\\-time applications leveraging vector databases like Pinecone, Weaviate, Opensearch.
* Develop prompt engineering strategies to optimize model outputs for specific use cases.
* Design and deploy scalable ML models that integrate with existing systems.
* End\\-to\\-End ML Pipeline:
* Architect, train, and deploy machine learning pipelines for NLP and multimodal AI solutions.
* Conduct data preprocessing, feature engineering, and exploratory data analysis for training datasets.
* Optimize embeddings for semantic search and document retrieval tasks.
* Model Deployment \\& Optimization:
* Deploy ML models in production environments using cloud platforms like AWS SageMaker, ECS or equivalent tools.
* Ensure scalability, reliability, and low latency in production systems while monitoring model performance.
* Implement CI/CD pipelines for ML models using Docker, Kubernetes, MLflow.
* Ensure APIs and ML services handle high traffic with minimal latency.
* Security \\& Compliance:
* Ensure ML APIs follow best practices for authentication, authorization, and data privacy.
* Collaboration \\& Integration:
* Work closely with cross\\-functional teams including data scientists, software engineers, and product managers to align ML solutions with business objectives.
* Work with data engineers to design feature stores and streaming pipelines.
* Integrate ML outputs into enterprise systems while ensuring seamless user experiences.
* Research \\& Innovation:
* Stay updated on advancements in generative AI, LLMs, embeddings, and RAG technologies to enhance existing systems.
* Experiment with new algorithms and frameworks to drive innovation in AI\\-powered applications.
**Required Skills \\& Qualifications**
-------------------------------------

* Technical Expertise:
* Minimum **of 8 years of work experience with hast 4 years** in Python; familiarity with frameworks like PyTorch, TensorFlow, and libraries like Hugging Face Transformers.
* Hands\\-on experience with LLMs (e.g., OpenAI GPT models, Anthropic Claude) and fine\\-tuning techniques.
* Strong understanding of RAG architectures and vector database integration (e.g., Opensearch, Pinecone, Weaviate).
* API Development: FastAPI, Flask, Django
* Containerization: Docker, AWS ECS, Kubernetes
* Cloud \\& Data Tools:
* Experience with cloud platforms such as AWS (SageMaker preferred), GCP Vertex AI, or Azure ML for deploying ML models.
* Familiarity with SQL or NoSQL databases for data extraction and preprocessing tasks.
* Problem\\-Solving Skills:
* Ability to design scalable solutions for complex problems involving unstructured data and large datasets.
* Strong analytical skills with a focus on optimizing ML workflows for performance and efficiency.
* Soft Skills:
* Excellent communication skills to collaborate effectively with technical and non\\-technical stakeholders.
* A passion for learning and staying ahead in the rapidly evolving field of artificial intelligence.
**Preferred Qualifications**
----------------------------

* Experience building conversational AI systems or chatbots using generative AI technologies.
* Experience with building REST API using frameworks such as Fast API.
* Experience with SQL and NoSQL database/store (Postgres, DynamoDB, Opensearch etc.)
* Knowledge of NLP techniques such as sentiment analysis, topic modeling, or summarization tasks.
* Familiarity with serverless architectures (e.g., AWS Lambda) or ECS for scalable ML deployment.
* Bachelor’s or Master’s degree in Computer Science, Data Science, Mathematics, or related fields.","","https://www.glassdoor.com/Overview/W-EI_IE30153.htm","https://media.glassdoor.com/sql/30153/saama-technologies-squareLogo-1710794360512.png","","","","",""
"gd-1009619081755","glassdoor","https://www.glassdoor.com/job-listing/j?jl=1009619081755","","Senior Full-Stack Engineer, Virtual Products Growth Team","Roblox","San Mateo, CA","2025-01-31","","direct_data","yearly",222910.0,289460.0,"USD",False,"","","organic","","Every day, tens of millions of people come to Roblox to explore, create, play, learn, and connect with friends in 3D immersive digital experiences– all created by our global community of developers and creators.



At Roblox, we're building the tools and platform that empower our community to bring any experience that they can imagine to life. Our vision is to reimagine the way people come together, from anywhere in the world, and on any device.We're on a mission to connect a billion people with optimism and civility, and looking for amazing talent to help us get there.



A career at Roblox means you'll be working to shape the future of human interaction, solving unique technical challenges at scale, and helping to create safer, more civil shared experiences for everyone.


As a Senior Software Engineer on the Virtual Products Growth team, you will help drive a healthy and ever\\-growing creator economy at Roblox. Our mission is to build new revenue streams for our creators and support their quest in building delightful experiences on top of our platform.



We are looking for someone who can work with product managers and data science on end\\-to\\-end requirements to develop and maintain a scalable, secure, and reliable platform for our creators to thrive. As we are responsible for a large portion of the company's revenue, you will drive projects with high impact and visibility.


**You will:**
-------------


* Work with the product, data science, and design to help refine requirements.
* Develop remarkable products and systems that will delight our users.
* Define the front\\-end development strategy for the team.
* Contribute to overall system design, capture feedback, and iterate where vital.
* Help recruit future talent for the team.

**You Have:**
-------------

* 6\\+ years of experience developing consumer\\-facing products.
* 3\\+ years of experience working on front\\-end platforms.
* Full\\-Stack proven experience.
* Experience contributing to architecture and implementation discussions.
* Bachelor's degree in Computer Science, Computer Engineering, or equivalent experience.


Roles that are based in our San Mateo, CA Headquarters are in\\-office Tuesday, Wednesday, and Thursday, with optional in\\-office on Monday and Friday (unless otherwise noted).


**You'll Love:**


* Industry\\-leading compensation package
* Excellent medical, dental, and vision coverage
* A rewarding 401k program
* Flexible vacation policy (varies by exemption status)
* Roflex \\- Flexible and supportive work policy
* Roblox Admin badge for your avatar
* At Roblox HQ:
* + Free catered lunches five times a week and several fully stocked kitchens with unlimited snacks
	+ Onsite fitness center and fitness program credit
	+ Annual CalTrain Go Pass

Roblox provides equal employment opportunities to all employees and applicants for employment and prohibits discrimination and harassment of any type without regard to race, color, religion, age, sex, national origin, disability status, genetics, protected veteran status, sexual orientation, gender identity or expression, or any other characteristic protected by federal, state or local laws. Roblox also provides reasonable accommodations for all candidates during the interview process.","","https://www.glassdoor.com/Overview/W-EI_IE242265.htm","https://media.glassdoor.com/sql/242265/roblox-squareLogo-1661790439707.png","","","","",""
"gd-1009619595879","glassdoor","https://www.glassdoor.com/job-listing/j?jl=1009619595879","","Embedded Software Engineer, BSP/Kernel - Reality Labs","Meta","Burlingame, CA","2025-01-31","","direct_data","yearly",147000.0,208000.0,"USD",False,"","","organic","-ext@fb.com","Reality Labs at Meta is building products that make it easier for people to connect with the ones they love most, enjoy top\\-notch, wire\\-free VR, and push the future of computing platforms. We are a team of world\\-class experts developing and shipping products at the intersection of hardware, software and content.As an Embedded Software Engineer on the Reality Labs team at Meta, you can help build new, innovative hardware and software that radically redefine the way people work, play and connect. What we build today could one day be the norm. So to be here today is to truly be at the heart of change and the frontier of what's to come. We're the people helping to define the metaverse. We may not have all the answers. But together, we're getting closer.  

  

  

### **Embedded Software Engineer, BSP/Kernel \\- Reality Labs Responsibilities:**

* Design and implement components at all layers of the system, e.g. kernel, synchronization primitives, resource allocators, memory management, security, I/O systems, persistence, etc.
* Design and implement drivers and services that operate efficiently in a constrained environment yet when pressed can efficiently deliver large volumes of data with low\\-latency and high\\-bandwidth.
* Own the definition of one or more work streams focused on hardware bring up, peripheral drivers and communication, silicon integration and power and performance management and optimization.
* Debug complex, system\\-level, multi\\-component issues that typically span across multiple layers from kernel to application.
* Profile performance problems and drive optimizations that span the entire software stack.
* Bring up new devices and lead debugging and performance tuning exercises that span multiple hardware/firmware/software teams.
* Understand software components from multiple partner teams, lead the integration of those components into the unified product code base, and drive their continued development.

  

  

  

### **Minimum Qualifications:**

* Bachelor's or Master's Degree in Computer Science, Computer Engineering, relevant technical field, or equivalent practical experience.
* 5\\+ years' Software Engineering experience in the following: device driver development, embedded systems, or operating systems.
* 5\\+ years’ experience working on systems software in a large\\-scale C/C\\+\\+ code base.
* 2\\+ years’ experience defining and driving technical work streams and providing technical leadership for software engineering teams.
* Experience with Software Development processes including: source control, bug tracking, and design documentation.
* Experience in hardware bring up using interfaces like ADC, GPIO, SPI, I2C, etc.
* Experience in one or more of the following areas: BSP/Board Support Package, Operating Systems, Android OS, RTOS, Bootloader, Power Management, Linux, Graphics and Display Drivers, MCU (Microcontroller).
* Experience developing, debugging, and shipping software products on large code bases that span platforms and tools.

  

  

  

### **Preferred Qualifications:**

* Deep specialized experience in two or more of the following areas: BSP/Board Support Package, Operating Systems, CoreOS, Kernel, Android Kernel, Bootloader, Power Management, RTOS, Linux, Graphics and Display Drivers, MCU (Microcontroller).
* Demonstrated experience working collaboratively in cross\\-functional teams.

  

  

  

### **About Meta:**


Meta builds technologies that help people connect, find communities, and grow businesses. When Facebook launched in 2004, it changed the way people connect. Apps like Messenger, Instagram and WhatsApp further empowered billions around the world. Now, Meta is moving beyond 2D screens toward immersive experiences like augmented and virtual reality to help build the next evolution in social technology. People who choose to build their careers by building with us at Meta help shape a future that will take us beyond what digital connection makes possible today—beyond the constraints of screens, the limits of distance, and even the rules of physics.  

  

  

Meta is proud to be an Equal Employment Opportunity and Affirmative Action employer. We do not discriminate based upon race, religion, color, national origin, sex (including pregnancy, childbirth, or related medical conditions), sexual orientation, gender, gender identity, gender expression, transgender status, sexual stereotypes, age, status as a protected veteran, status as an individual with a disability, or other applicable legally protected characteristics. We also consider qualified applicants with criminal histories, consistent with applicable federal, state and local law. Meta participates in the E\\-Verify program in certain locations, as required by law. Please note that Meta may leverage artificial intelligence and machine learning technologies in connection with applications for employment.
  

  

Meta is committed to providing reasonable accommodations for candidates with disabilities in our recruiting process. If you need any assistance or accommodations due to a disability, please let us know at accommodations\\-ext@fb.com.  

  

$147,000/year to $208,000/year \\+ bonus \\+ equity \\+ benefits  

  

Individual compensation is determined by skills, qualifications, experience, and location. Compensation details listed in this posting reflect the base hourly rate, monthly rate, or annual salary only, and do not include bonus, equity or sales incentives, if applicable. In addition to base compensation, Meta offers benefits. Learn more about benefits at Meta.","","https://www.glassdoor.com/Overview/W-EI_IE40772.htm","https://media.glassdoor.com/sql/40772/meta-squareLogo-1636117276319.png","","","","",""
"gd-1009620184238","glassdoor","https://www.glassdoor.com/job-listing/j?jl=1009620184238","","Lead Software Engineer","SquareTrade","Brisbane, CA","2025-01-31","","direct_data","yearly",180000.0,200000.0,"USD",False,"","","organic","","**Company Description**  

SquareTrade is the fastest growing company of its kind. We’re revolutionizing a $30b industry with service innovation and attention to customer satisfaction. We partner with some of the largest, most sophisticated retailers and carriers in the world (Amazon, Walmart, The Home Depot to name a few), consistently win industry awards, have received tens of thousands of 5\\-star reviews… and we’re just getting started. A member of the Allstate family, SquareTrade has headquarters in San Francisco and London. We are currently expanding in Europe and Asia Pacific, including Japan and Australia.

 **Job Description**  

If you're looking for an exciting, high profile opportunity, then you've come to the right place! We are looking for a talented and energetic Lead Software Engineer to be a key member of a team that uses technology to solve challenging business problems. You will develop complex business offerings using a test\\-and\\-learn methodology, continuously evaluate new technologies, and support our best\\-in\\-class claims processing applications. You will be an active contributor to the ongoing evolution of our platform to a microservices\\-based, distributed and event\\-driven architecture that supports transactions at internet scale. You will be working closely with software architects, product managers, business analysts, and collaborating with a team of onsite \\& remote engineers.


Our Ideal candidate will be self\\-motivated, passionate, and always looking for new ways to improve themselves and their peers. Contribute to an engineering culture that promotes learning and development and rewards curiosity, risk\\-taking and innovation.

**Responsibilities:**

* Design, Code, Test, Document and Release new application features that contribute to the hyper\\-growth of the business, while creating a great experience for our customers.
* Lead critical initiatives, mentor team members, and promote a quality\\-first mindset.
* Build resilient and highly\\-responsive cloud native and containerized applications that can scale horizontally and vertically.
* Release code when ready and manage deployment risk by leveraging patterns like canary deployments, feature toggles and circuit breakers to maximize application availability and responsiveness.
* Take a domain\\-driven approach in designing and implementing your SaaS APIs and reduce tight\\-coupling and dependencies by implementing an event\\-driven architecture.
* Full\\-stack ownership of applications through development and production, including managing your releases, performance testing of your APIs, implementing monitors and alerts and owning availability and production incident SLAs.
* Participate in an Agile environment using Scrum software development methodology.
* Continuously evaluate and do POCs on new technologies to improve team productivity and engagement.
* Participate in annual Technology Hackathon events to flex your creativity and engineering muscle.

  

**Qualifications**  

* 7\\+ years of software development experience
* Demonstrate technical leadership skills with extensive experience in application architecture and design to support web scale transactions
* Strong development skills in Java
* Excellent verbal and written skills
* Experience authoring high performance, production quality code
* Ability to multitask and handle multiple complex tasks at the same time
* Extensive knowledge of RESTful APIs design and Spring/Spring Boot 2\\.0 framework
* Experience with relational databases like MySQL or Postgres, and event streaming systems such as Kafka
* Familiarity with Agile/Scrum
* BA/MS degree in Computer Science, or equivalent practical experience

  

**Additional Information**  

At SquareTrade you'll have access to:

* Medical, dental and vision coverage with network optionality to support our dispersed workforce
* HSAs and FSAs
* Open access to mental health benefits including 1:1 therapy, coaching sessions and digital resources
* $75 monthly allowance to support self\\-care and well\\-being
* Up to 4% company match into 401(k)
* Supportive leave policies including paid parental, grieving and loss, and domestic violence protected leaves
* Paid Time Off
* Work flexibility
* Talent shares
* Tuition reimbursement
* Learning opportunities
* Hybrid work arrangements
* $80 monthly internet connectivity stipend
* Various corporate perks and discounts


(California Only) Pursuant to applicable law, SquareTrade estimates the possible base compensation for this role, if hired in California, to be within the following range: 180K \\- 200K


The Team: http://www.squaretrade.com/leadership


SquareTrade is proud to be an Equal Employment Opportunity employer. We are committed to creating an inclusive work environment for all employees. We celebrate diversity and encourage applications from all qualified individuals regardless of race, religion, color, national origin, sex, gender identity, gender expression, sexual orientation, age, marital status, veteran status, or ability status.


Thank you for your interest in a career at SquareTrade. Throughout your job search, please be mindful of recruitment fraud.","","https://www.glassdoor.com/Overview/W-EI_IE101961.htm","https://media.glassdoor.com/sql/101961/squaretrade-squareLogo-1701820648480.png","","","","",""
"gd-1009618536263","glassdoor","https://www.glassdoor.com/job-listing/j?jl=1009618536263","","Staff Software Engineer","Adswizz","Oakland, CA","2025-01-31","","direct_data","yearly",206500.0,206500.0,"USD",False,"","","organic","","* Oakland, California
* Engineering
* Regular Employee Full\\-Time
* P\\-2025\\-06


  
Staff Software Engineer \\- (employer: Sirius XM Radio LLC; job location: Oakland, CA) \\-
Develop high quality software for iOS devices. Analyze requirements and translate them into
complex technical specifications, develop core services and web applications, and develop,
maintain and debug cloud\\-based microservice APIs. Design, develop, test and modify
sophisticated software engineering systems and applications across the Apple ecosystem.
Requirements: Master’s degree in Computer Science, Computer Engineering, Information
Technology or Applied Mathematics, plus three years of experience in the position offered or a
software engineering/development position or Bachelor’s degree in Computer Science, Computer
Engineering, Information Technology or Applied Mathematics, plus five years of progressive
post\\-Bachelor’s experience in the position offered or a software engineering/development
position. All required experience must have included performing native iOS development,
including developing, testing and debugging mobile applications using Swift and Objective C;
applying object\\-oriented and reactive design, concurrency and multithreaded programming
techniques on Apple platforms; using understanding of engineering software processes, lifecycle
methodology, configuration management, release management and system verification and
testing; providing streaming media direct to consumers; optimizing network service stacks for
increased performance (e.g. reduced load times, battery drain) for all connection levels; designing
high availability, multi\\-tier, mission critical and fault tolerant systems; leading projects and
mentoring other engineers; knowledge of emerging iOS development trends and design patterns;
working with digital advertising; and using SwiftUI and async/await. \\#LI\\-DNI This role entails
hybrid work, with time split between working in our Oakland, CA office and flexibility to
telecommute from another U.S. location. Salary: $206,500/year. Apply online at
www.siriusxm.com/careers. Ref: P\\-2025\\-06\\.
P\\-2025\\-06","","https://www.glassdoor.com/Overview/W-EI_IE565001.htm","https://media.glassdoor.com/sql/565001/adswizz-squarelogo-1436170179429.png","","","","",""
"gd-1009619040159","glassdoor","https://www.glassdoor.com/job-listing/j?jl=1009619040159","","Full Stack Engineer - Upgrades/Migrations","odoo","Brisbane, CA","2025-01-31","","direct_data","yearly",90000.0,105000.0,"USD",False,"","","organic","","*8000 Marina Blvd \\#300, Brisbane, CA 94005, United States*Services / Upgrade Services
  
**Odoo ERP system is enterprise resource planning software used company\\-wide for the management of business processes. Odoo provides seamlessly integrated functional business apps called Odoo apps that form an ERP solution. Our unique proposition of integrated apps that work seamlessly together allows users to automate and track everything they do. The open\\-source development model of Odoo has allowed us to leverage thousands of developers and business experts to build the world's largest ecosystem of fully integrated business apps.**

**Odoo has become a global network with more than 12\\+ million users and partners in more than 120 countries, and we continue growing with 2000\\+ daily downloads. We are growing fast and need to hire faster.**

  

##### **Users of the Product**


12,000,000


##### **Company Growth**


60% Year over year


##### **Company Maturity**


Profitable


We are currently searching for a highly motivated candidate to
  

**join our Engineering team in San Francisco!**



*To get the best candidate experience, please consider applying for a maximum of 3 applications within 12 months to ensure you are not duplicating efforts.*


Applicants must be authorized to work for any employer in the U.S. We are unable to sponsor or assume sponsorship responsibilities for employment visas at this time.



**What we expect**
------------------

**This is a hybrid (3 days onsite, 2 days remote) role in Brisbane, CA.**


Odoo is expanding its engineering team and is looking for a software engineer to help maintain and enhance client solutions. This role is essential in ensuring smooth transitions to newer versions of Odoo while preserving the integrity of existing deployments. You will be responsible for fixing existing code, maintaining solutions, and leading migration efforts to ensure customer satisfaction and retention.



###### **Responsibilities**


* Maintain and ensure the operational stability of client solutions, working within a cross\\-functional team of business advisors, developers, and customers
* Lead the migration of client solutions to future Odoo releases, ensuring a seamless transition and maintaining solution integrity
* Own assigned migration projects and issues, delivering high\\-quality, on\\-time solutions
* Design and develop effective, scalable integrations within Odoo or with third\\-party applications
* Troubleshoot, debug, fix, and upgrade software to ensure reliable performance in production environments
* Adhere to and promote best programming practices, including coding standards, code and design reviews, and comprehensive test coverage
* Provide technical support to maintain and enhance customized solutions
* Implement modification requests across various Odoo applications
* Support migration and software refresh activities, including database migration on cloud platforms, pre\\- and post\\-migration troubleshooting, and coordinating with stakeholders to ensure a smooth process

###### **Must Haves**


* Bachelor's degree in Computer Science, Software Engineering, a related technical field, or an equivalent combination of experience and education
* Frontend: 1\\+ years of professional experience with TypeScript/JavaScript, with proficiency in HTML, SASS/LESS, and CSS
* Backend: 1\\+ years of experience with an Object\\-Oriented programming language (Python preferred)
* Strong understanding of database architecture and design concepts (UML, ERD, RDBMS)
* Ability to debug and optimize custom software solutions
* Strong problem\\-solving skills with the ability to translate technical concepts for diverse audiences
* Effective communication and collaboration skills with team members, partners, and customers

###### **Nice to HAves**


* Professional experience in software development
* Experience with Odoo or similar ERP systems
* Strong technical communication and collaboration skills
* Background in SaaS or startup environments
* Experience working with Unix/Linux platforms
* A proactive learning mindset with a focus on continuous improvement
* Additional language skills (Spanish, French, or Portuguese preferred)

**What we offer.**
------------------


* Healthcare, Dental, Vision, Life Insurance, FSA, HSA Matching, 401K Matching, and Commuter Benefits
* PTO (Paid\\-time\\-off), paid sick days, and paid holidays
* Employee Assistance Program: 3 X 1\\-hour telehealth calls with certified mental health professionals
* $100 towards a work\\-from\\-home office setup
* Evolve in a nice working atmosphere with a passionate, growing team!
* Chef\\-prepared lunches \\- snacks, fruit, and coffee/drinks on tap!
* Company\\-sponsored events for groups of 6\\+ employees


The estimated annual compensation range for this role is $90,000\\-$105,000\\. Please note that actual salaries may vary within, above, or below this range based on factors such as education, training, experience, professional achievement, business needs, and location.


##### **Compensation \\& Perks**


A full\\-time position
  

with an attractive salary package  

  



##### **Exchange Program**


Apply to a similar position
  

in a subsidiary of Odoo



##### **Sponsored Events**


Afterwork events, several team building activities  

  



##### **Trainings**


12 days trainings a year and books for career development  

  



##### **Sport Activity**


Play any sport with colleagues,
  

the bill is covered


##### **Eat \\& Drink**


Chef prepared lunches daily, Fruits, Snacks, and Coffee provided  

  



**Be part of our team!**
========================

Ensuring a diverse and inclusive workplace where we learn from each other is core to Odoo's values. We welcome people of different backgrounds, experiences, abilities, and perspectives. We are an equal\\-opportunity employer and a pleasant and supportive place to work. Pursuant to the San Francisco Fair Chance Ordinance and New York Fair Chance Act, we will consider employment\\-qualified applicants with arrest and conviction records.","","https://www.glassdoor.com/Overview/W-EI_IE749314.htm","https://media.glassdoor.com/sql/749314/odoo-squareLogo-1706100438805.png","","","","",""
"go-ulrZmKA4EoepsfkhAAAAAA==","google","https://us.bebee.com/job/a7368d4c4d185ee879c41cfe5fd7925d?utm_campaign=google_jobs_apply&utm_source=google_jobs_apply&utm_medium=organic","","Software Engineer for Career Platform Development","Handshake","San Francisco, CA, United States","2025-01-27","","","","","","",False,"","","","","About Handshake
"">

Handshake is the career platform for Gen Z. With a community of over 17 million students, alumni, employers, and career educators, our network is where career advice and discovery turn into first, second, and third jobs. Nearly 1 million companies use Handshake to build their future workforce—from Fortune 500 to federal agencies, school districts to startups, healthcare systems to small businesses.
"">

Your Impact
"">

In this role, you will contribute to the team's mission of driving marketplace outcomes like attributable hires, impressions, and CTR through product innovation; acquisition, and revenue generation. This is an exciting space where you will help build the ad engine, forecasting system, and bidding platform for promotions on the entire Handshake product.
"">

Your Role
"">

Your day-to-day work will feature regular collaboration on a cross-functional team with a designer, product manager, and other engineers. You will also engage frequently with engineers, support, marketing, and data analysts across the organization. As a senior software engineer, you will architect and build features to promote content like jobs and resumes on different channels of the Handshake platform.
"">

Your Experience
"">

You have experience as a full stack engineer with a focus on backend, and are confident driving architectural decisions on both frontend and backend. You have demonstrated success collaborating with partners in product, design, and analytics to define, build, and ship great products and experiences.
"">

Bonus Area of Expertise
"">

You have worked with Ruby, Ruby on Rails, Typescript, ReactJS, and PostgreSQL. You have worked on SMB SAAS products at scale, and demonstrate ownership-mentality and maintain a high degree of accountability for your work.
"">

About the Job
"">

This is an exciting opportunity to join our team and contribute to the growth and success of Handshake. If you are passionate about building innovative products and solving complex problems, we encourage you to apply.","","","","","","","",""
"go-cKod5V5yAEhkRwG7AAAAAA==","google","https://us.bebee.com/job/4a9a70fd615ac453024fcac398b08b9e?utm_campaign=google_jobs_apply&utm_source=google_jobs_apply&utm_medium=organic","","Research Software Engineer","Anthropic","San Francisco, CA, United States","2025-01-20","","","","","","",False,"","","","","About the Role

We're seeking highly skilled Software Engineers to join our Labs team, where they'll work closely with researchers to validate the feasibility and product potential of cutting-edge AI breakthroughs. As part of this role, you'll design and execute rapid experiments, balance creative exploration with rigorous evaluation, and build functional prototypes that demonstrate technical viability and product potential.","","","","","","","",""
"go-cbVeGJtQODcZso3tAAAAAA==","google","https://us.bebee.com/job/9d6ca8d5e014f39a55f2f77a4941cda2?utm_campaign=google_jobs_apply&utm_source=google_jobs_apply&utm_medium=organic","","Expert in Software Engineering","Candid Health","San Francisco, CA, United States","2025-01-20","","","","","","",False,"","","","","About You
\\
• You have a Bachelor's degree in Computer Science, Computer Engineering, Math, or a related field.
• You have at least 5 years of experience in software engineering with expertise in technologies such as Python, PostgreSQL, Docker, Kubernetes, React, Typescript, Google Cloud Platform, Auth0, and Terraform.
• You enjoy building high-quality software and taking ownership of features end-to-end.
• You have excellent communication skills and can explain complex ideas simply.","","","","","","","",""
"go-Av7Wmu8oxnJrYXU4AAAAAA==","google","https://www.linkedin.com/jobs/view/frontend-software-engineer-at-created-by-humans-4141222808?utm_campaign=google_jobs_apply&utm_source=google_jobs_apply&utm_medium=organic","","Frontend Software Engineer","Created by Humans","San Mateo, CA, United States","2025-01-19","","description","hourly",140.0,260.0,"USD",False,"","","","","Quick Facts

Focus

Connecting Human-Created Copyrighted Content & AI Companies training LLMs

Location:

San Francisco Hybrid (USA)

Websitehttps://createdbyhumans.ai

Team

8

Eng

4

Funding

$ 10M Seed Round from top-tier VCs.

About Us

Created by Humans is a groundbreaking AI Rights licensing platform that connects creators with AI developers, enabling the licensing of copyrighted works for AI training and reference uses. Our platform aims to protect copyright owners’ rights while fostering innovation in AI.

Created by Humans is built on our founding team’s extensive experience in the digital publishing, technology, and data infrastructure sectors. Trip Adler, our CEO, previously founded Scribd, where he pioneered the subscription model for books. We’re the official partner of the Authors Guild, the nation’s oldest and largest organization for 14,000+ writers.

We’ve raised $10 million in seed financing from David Sacks’ Craft Ventures, Mike Maples, Jr. at Floodgate, YCombinator CEO, Garry Tan, and bestselling author Walter Isaacson. We have already hired several senior engineers (ex-Google, ex-Snap, ex-Rubrik) and are looking to expand our team. Over 50 authors have tested our product in beta, including Douglas Preston, Susan Orlean, Lincoln Child, and others. We made a collaboration agreement with one of the largest author associations in the US and are about to sign an agreement with one of the Big Five publishers in the US.

Technical Challenge

We’re building a large-scale system to curate, store and deliver content from multiple industries (publishing, video, websites, etc.)to AI companies. One of our technical challenges is reconciling all stakeholders for various content and implementing a complex payout system so the value could flow back from AI Companies to all content creation stakeholders.

Team and Technologies

We’re building a team of seasoned senior engineers, where each member shows technical excellence and a high level of ownership. We’d like to stay lean and flat for as long as possible. Our primary backend language is Python, and we’re deployed on AWS; for our web app, we use TypeScript, React, Tailwind, NextJS, and Radix UI. Eventually, we’ll also train models ourselves and/or build consumer applications.

Compensation

We offer generous equity, competitive salaries, health insurance, 401k, and lunches for in-office days.

For California applicants: the base salary for this position is $140.000-$260.000.","","","","","","","",""
"go-A2FR73r7yDRq1_whAAAAAA==","google","https://us.bebee.com/job/6ecea01d8253246872b27a6ff00b23ff?utm_campaign=google_jobs_apply&utm_source=google_jobs_apply&utm_medium=organic","","Android Software Engineer Position","Meta","San Francisco, CA, United States","2025-01-19","","","","","","",False,"","","","","Key Responsibilities
• Lead complex technical or product efforts involving many engineers.
• Implement custom native user interfaces using the latest Android programming techniques.
Qualifications
• 8+ years of programming experience in a relevant language.
• Experience driving change within an organization and leading complex technical projects.","","","","","","","",""
"go-8rmVdoEjPtO07cmhAAAAAA==","google","https://www.linkedin.com/jobs/view/staff-software-engineer-member-growth-at-sofi-4141060727?utm_campaign=google_jobs_apply&utm_source=google_jobs_apply&utm_medium=organic","","Staff Software Engineer, Member Growth","SoFi","San Francisco, CA, United States","2025-01-16","","","","","","",True,"","","","accommodations@sofi.com","Employee Applicant Privacy Notice

Who we are:

Shape a brighter financial future with us.

Together with our members, we’re changing the way people think about and interact with personal finance.

We’re a next-generation financial services company and national bank using innovative, mobile-first technology to help our millions of members reach their goals. The industry is going through an unprecedented transformation, and we’re at the forefront. We’re proud to come to work every day knowing that what we do has a direct impact on people’s lives, with our core values guiding us every step of the way. Join us to invest in yourself, your career, and the financial world.
• SF OR Seattle hybrid (onsite 1-2x per week)

The role

At SoFi, our mission is to help our members achieve financial independence and realize their ambitions. The Member Growth Engineering Team plays a pivotal role in this mission by leveraging innovative marketing technologies to drive high-quality member growth. We’re seeking a Staff Software Engineer to help design, build, and optimize scalable systems that empower SoFi to acquire, engage, and retain members seamlessly.

As a Staff Engineer, you’ll be at the forefront of architecting and developing data-driven solutions that reduce friction for our members and drive SoFi’s growth strategy. You’ll collaborate with Product, Design, Engineering, and Data Science to build systems that scale, improve marketing effectiveness, and unlock new opportunities for member acquisition.

This is a high-impact, hands-on role requiring a blend of technical excellence, architectural vision, and leadership. Your contributions will directly influence SoFi’s business success and improve the financial well-being of our members. If you thrive in a fast-paced environment, love solving complex problems, and are passionate about innovation, we’d love to hear from you!

What You’ll Do
• Architect and scale high-performance systems and services that drive member growth and marketing efficiency.
• Collaborate cross-functionally with Product, Design, Engineering, and Data Science teams to translate business needs into scalable technical solutions.
• Mentor and inspire engineers through code reviews, technical leadership, and fostering a culture of innovation and collaboration.
• Solve complex challenges across infrastructure, data pipelines, and backend services to ensure systems are robust, reliable, and future-proof.
• Drive innovation by identifying opportunities for new technologies, AI/ML-driven marketing, and process improvements to enhance marketing capabilities.
• Own the full lifecycle of projects—from ideation to deployment, monitoring, and continuous improvement.
• Stay ahead of industry trends by exploring advancements in AI/ML, personalization, and automation to optimize SoFi’s marketing strategies.

What You’ll Need
• Bachelor’s Degree in Computer Science or related field.
• 6+ years of software engineering experience, with a proven track record of delivering scalable, production-grade applications.
• Strong backend expertise in Java, Kotlin, or Scala, with experience in frameworks like Spring Boot.
• Experience designing and deploying microservices in a cloud-native environment (Kubernetes, Docker, Kafka, AWS).
• Proficiency in relational databases (PostgreSQL) and ORMs with an ability to optimize data access patterns.
• Ability to balance engineering excellence with business impact, prioritizing high-value initiatives.
• Strong problem-solving skills and a passion for delivering efficient, well-tested, and maintainable solutions.
• Excellent communication skills and ability to collaborate cross-functionally with marketing, product, and data teams.

Nice to have
• Experience with MarTech or AdTech platforms, like marketing campaign orchestration, SEO, attribution and personalization.
• Interest in personal finance, fintech, or SoFi’s mission.
• Full-stack experience, including frontend (React, TypeScript) or infrastructure (Kafka, CI/CD, observability tools).
• Prior experience working with AI/ML-driven marketing solutions.

Why Join SoFi?

At SoFi, you’ll be part of a collaborative, forward-thinking team that values innovation, ownership, and impact. You’ll have the opportunity to work on challenging problems, shape the future of financial technology, and grow your career in a supportive and dynamic environment.

If you’re passionate about building systems that drive growth, thrive in a collaborative culture, and want to make a meaningful impact on millions of members’ financial lives, we’d love to hear from you.

Compensation And Benefits

The base pay range for this role is listed below. Final base pay offer will be determined based on individual factors such as the candidate’s experience, skills, and location.

To view all of our comprehensive and competitive benefits, visit our Benefits at SoFi page!

SoFi provides equal employment opportunities (EEO) to all employees and applicants for employment without regard to race, color, religion (including religious dress and grooming practices), sex (including pregnancy, childbirth and related medical conditions, breastfeeding, and conditions related to breastfeeding), gender, gender identity, gender expression, national origin, ancestry, age (40 or over), physical or medical disability, medical condition, marital status, registered domestic partner status, sexual orientation, genetic information, military and/or veteran status, or any other basis prohibited by applicable state or federal law.

The Company hires the best qualified candidate for the job, without regard to protected characteristics.

Pursuant to the San Francisco Fair Chance Ordinance, we will consider for employment qualified applicants with arrest and conviction records.

New York applicants: Notice of Employee Rights

SoFi is committed to embracing diversity. As part of this commitment, SoFi offers reasonable accommodations to candidates with physical or mental disabilities. If you need accommodations to participate in the job application or interview process, please let your recruiter know or email accommodations@sofi.com.

Due to insurance coverage issues, we are unable to accommodate remote work from Hawaii or Alaska at this time.

Internal Employees

If you are a current employee, do not apply here - please navigate to our Internal Job Board in Greenhouse to apply to our open roles.","","","","","","","",""
"go-DhNu8LQZ0eUY6eYxAAAAAA==","google","https://www.linkedin.com/jobs/view/senior-fullstack-software-engineer-observability-and-ai-multimedia-processing-at-recordly-ai-4140987999?utm_campaign=google_jobs_apply&utm_source=google_jobs_apply&utm_medium=organic","","Senior Fullstack Software Engineer - Observability and AI Multimedia Processing","Recordly.AI","San Francisco, CA, United States","2025-01-16","","","","","","",False,"","","","","Senior Fullstack Software Engineer - Observability and AI Multimedia Processing

Company Overview:

Recordly.AI

Speak. Transcribe. Illuminate.

Meet Recordly.AI. Experience the award-winning innovation! Recordly.AI, the world's first Unified

Audio & Video Intelligence Platform.

Join Recordly.ai – Pioneering the Future of Speech and Audio AI

At Recordly.ai, we are at the forefront of building industry-leading Speech and Audio foundation models that power our cutting-edge transcription, captioning, and translation services. As an AI Engineer specializing in Speech and Audio, you will have the unique opportunity to advance state-of-the-art research, develop foundational models, and integrate them into products that transform the way people and businesses interact with AI.

Our Mission:

Recordly.ai's mission is to create the most advanced Speech and Audio foundation models that enable unparalleled transcription accuracy and natural-sounding speech synthesis. Our current focus is on enhancing speech recognition and synthesis to deliver human-like voices and nuanced transcriptions, making AI interactions more intuitive and impactful.

Where We Stand:

We have already built and fine-tuned an accurate speech model capable of recognizing speech with 98% accuracy & another model for generating high-quality voice outputs from 10 seconds of input. We support advanced deep voice cloning using 30-60 minutes of voice data, setting new standards in AI-driven speech synthesis and transcription.

Job Title:

Senior Fullstack Software Engineer

Job Duties:

As a Senior Fullstack Software Engineer at Recordly, you will integrate advanced monitoring and observability technologies into innovative cloud native, web and mobile applications, while leading the development and optimization of cutting-edge models for audio and video data processing.

Key responsibilities include:
• Developing and integrating observability and monitoring frameworks for web and mobile applications, ensuring high performance, scalability, and real-time monitoring for critical systems.
• Designing and implementing advanced telemetry systems using tools like OpenTelemetry, AWS CloudWatch, and Datadog to monitor application health, performance, and availability.
• Building and deploying observability solutions that support distributed tracing, logging, and metrics collection for cloud-native environments.
• Leading efforts to optimize system monitoring tools, ensuring real-time alerting and efficient incident response processes.
• Implementing advanced monitoring strategies for microservices and serverless architectures to ensure smooth operation across platforms like AWS and GCP.
• Developing tools and processes for analyzing and visualizing telemetry data to provide actionable insights for performance improvements and troubleshooting.
• Collaborating with cross-functional teams to integrate observability solutions and enhance application resilience and reliability.
• Supporting the continuous improvement of infrastructure by monitoring system health and advising on necessary optimizations.
• Mentoring junior team members on best practices for observability, monitoring, and cloud architecture, ensuring high-quality code and system reliability.
• Working with cloud-native technologies such as Docker, Kubernetes, and serverless systems to implement scalable and secure observability solutions.
• Contributing to research on improving monitoring systems for distributed architectures, with an emphasis on reducing downtime and improving operational efficiency.
• Developing and integrating AI models for tasks such as speech recognition, emotion detection, video summarization, and content generation, focusing on achieving high performance, scalability, and real-time latency requirements.
• Conducting original research to address unsolved real-world problems in speech recognition and advancing the state-of-the-art for use cases involving multiple languages, including Turkish and English.
• Designing and implementing machine learning algorithms and training state-of-the-art Turkish and English speech recognition models on large datasets, followed by rigorous evaluation of their performance.
• Assisting in the development of voice AI models for specific tasks such as speech recognition and emotion detection, with a focus on integrating these models into broader system architectures.
• Supporting the fine-tuning and deployment of pre-trained AI models into production environments.
• Collaborating with teams to improve data collection and training processes for AI models in real-world applications.

Education Required:
• Bachelor’s degree or higher in Computer Science, Machine Learning, Electrical Engineering, or a closely related field.
• Must have GPA of 3.00 or above (based on 4.00)

Training Required:
• Exposure to machine learning concepts and frameworks, with a focus on deploying AI models for practical applications.

Experience Required:
• Progressive experience in Software Engineering, with a strong emphasis on observability and monitoring systems.
• Ability to design and localize software for Turkish-speaking users, ensuring cultural and linguistic relevance.
• Extensive experience working with Application Monitoring Tools (APM) like New Relic, Datadog, Prometheus, and Grafana.
• Strong background in implementing and managing monitoring systems for cloud-native applications and distributed architectures (microservices, serverless).
• Solid experience in deploying and maintaining monitoring infrastructure in cloud platforms like AWS, GCP, and Azure.
• Experience with Turkish Natural Language Processing tools and libraries such as Zemberek, NLTK, spaCy, and Hugging Face.
• Demonstrated ability to optimize application performance and troubleshoot issues using observability data.
• Previous experience in optimizing system performance, focusing on real-time latency and operational reliability.
• Proven ability to integrate observability tools into web and mobile applications to enhance system monitoring and application health.
• Hands-on experience with technologies such as Docker, Kubernetes, CI/CD pipelines, and cloud-native infrastructure.
• Strong experience in designing test cases and automation for English and Turkish-specific scenarios, including error handling and logging.
• Experience with English and Turkish-focused SEO strategies and UI/UX best practices.
• Strong knowledge of implementing distributed tracing, logging, and metrics collection for complex systems.

Special Requirements:
• Proficiency in programming languages like Python, Java, JavaScript, C#, SQL, and frameworks such as React, Spring Boot, Node.js, and Nest.js.
• Proficiency in AWS CDK and AWS Cloudformation
• Extensive experience with cloud platforms (AWS, GCP) and containerization technologies such as Docker and Kubernetes.
• Expertise in scaling observability tools, such as OpenTelemetry and Prometheus, for production environments.
• Advanced skills in analyzing telemetry data and creating dashboards for system performance insights.
• Experience with Elasticsearch for log aggregation, search, and analysis.
• Familiarity with data privacy regulations and ethical considerations related to monitoring and observability.
• Proven track record in optimizing system reliability and scalability across multiple cloud platforms.
• Ability to mentor junior team members in observability best practices, cloud architecture, and full-stack development.

Foreign Language Requirements:
• Fluent/Native in Turkish
• Fluent/Native in English","","","","","","","",""
"go-GRxvbrjjpum1O6_gAAAAAA==","google","https://builtin.com/job/staff-software-engineer/3754974?utm_campaign=google_jobs_apply&utm_source=google_jobs_apply&utm_medium=organic","","Staff Software Engineer","Collective (collective.com)","San Francisco, CA, United States","2025-01-16","","description","yearly",198000.0,230000.0,"USD",True,"","","","","About Collective:

Collective is on a mission to redefine the way businesses-of-one work. Collective’s technology and team of trusted advisors enables our members to achieve financial independence by taking care of everything from business incorporation to accounting, bookkeeping, tax services and access to a thriving community, all in one integrated platform. We believe in empowering self-employed people to enjoy the same tax savings that big companies get.

Featured in Forbes, Business Insider, Yahoo, Bloomberg, Financial Times, Techcrunch and more. We’re backed by General Catalyst, Sound Ventures (Ashton Kutcher and Guy Oseary), QED Investors, Google’s Gradient Ventures, Expa and prominent investors who have financed and built iconic companies like YouTube, Substack, Twitch, Box, Hims, Instacart, Lyft, and more.

About the Role

We are building the customer experience that scales Collective’s primary offerings - Onboarding, Bookkeeping, Payroll and Taxes. The role offers an exciting opportunity to be the architect of the backend of these core products. You will be part of a high-impact set of teams that builds the application used for our customers and for internal operations. Our primary technology stack is React, Django and Postgres DB.

Responsibilities
• Craft the v2 architecture for Collective BE platform that delivers more complex interactions while maintaining a consistent experience wrt API, maintainability and reusability
• Work cross-functionally with product, design, and other engineering counterparts to novel products and features that our users will love
• Ensure timely delivery of complex, multi-disciplinary, and highly visible projects by participating in the full development cycle: technical design, development, test, experimentation, analysis, and launch
• Contribute to standards that improve developer workflows, recommend best practices, and mentor junior engineers to grow their technical expertise
• Participate in writing design docs and reviewing code
• Work closely with product and design giving feedback on specs and mocks

What we want you to bring

We’re looking for someone who meets the minimum requirements to be considered for the role. The preferred qualifications are a bonus, not a requirement.

Minimum requirements
• Have 8+ years of experience developing platforms for user facing applications with Python
• Strong foundation in core data modeling, API design concepts and service oriented architecture
• Solid understanding in concepts like graphQL, idempotency, API response latency, cloud deployments and troubleshooting
• Ability to understand the business needs with respect to designing the architecture, while effectively communicating complex ideas to the rest of the team and stakeholders
• Prior experience or strong ability in tech leadership responsibilities, such as taking charge in technical decision-making, strategizing for and managing technical debt, and creating roadmaps for future developments
• Track record of mentoring senior engineers
• Passion for working with users, building a platform that supports great user experience spanning web and mobile
• Comfortable working in a highly agile, intensely iterative software development process
• An appreciation for the importance of good documentation -- internal and external
• Attention to detail, especially around performance, accessibility, reliability and security

Preferred requirements
• Has shipped a platform that has been used by other external applications/customers via APIs
• Experience working with a remote team
• Experience working with a global or otherwise multicultural team
• Entrepreneurial spirit. You are self-directed, innovative, and biased towards action in fast-paced environments. You love to build new things and thrive in ambiguity and even failure

What we offer in return

Compensation Range: $198,000-$230,000 USD annual base salary
• A remote first environment.
• A diverse and collaborative team culture.
• Stock options package.
• 14 company holidays + unlimited PTO.
• 401K
• Employer paid Health, Vision and Dental Insurance.
• 100% coverage for employees
• 75% coverage for dependents
• up to $5,000 for out of state travel expenses, if needed
• PC or Mac laptop + $750 Home office stipend.
• Paid parental leave.
• Team events and virtual gatherings.
• $600 wellness bonus.

Equal Employment Opportunity

At Collective, we don’t just accept differences — we celebrate them, we support them, and we thrive on them for the benefit of our employees, our customers, and our community. We are committed to building a team that represents a variety of backgrounds, perspectives, and skills. If you’re good at what you do, come as you are. The more inclusive we are, the better our work will be. Collective is proud to be an equal opportunity workplace.","","","","","","","",""
"go-fDsPwon1DPwMySJwAAAAAA==","google","https://www.learn4good.com/jobs/san-francisco/california/software_development/3924178891/e/?utm_campaign=google_jobs_apply&utm_source=google_jobs_apply&utm_medium=organic","","Senior Lead Software Engineer​/Full Stack","Capital One","San Francisco, CA, United States","2025-01-16","internship","description","yearly",245900.0,280600.0,"USD",False,"","","","","Senior Lead Software Engineer (Full Stack)
Do you love building and pioneering in the technology space? Do you enjoy solving complex business problems in a fast-paced, collaborative, inclusive, and iterative delivery environment? At Capital One, you'll be part of a big group of makers, breakers, doers and disruptors, who solve real problems and meet real customer needs. We are seeking Full Stack Software Engineers who are passionate about marrying data with emerging technologies.

As a Capital One Senior Lead Software Engineer, you’ll have the opportunity to be on the forefront of driving a major transformation within Capital One.

What You’ll Do:

Lead a portfolio of diverse technology projects and a team of developers with deep experience in distributed microservices, and full stack systems to create solutions that help meet regulatory needs for the company

Share your passion for staying on top of tech trends, experimenting with and learning new technologies, participating in internal & external technology communities, mentoring other members of the engineering community, and from time to time, be asked to code or evaluate code Collaborate with digital product managers, and deliver robust cloud-based solutions that drive powerful experiences to help millions of Americans achieve financial empowerment

Utilize programming languages like JavaScript, Java, HTML/CSS, Type Script, SQL, Python, and Go, Open Source RDBMS and No

SQL databases, Container Orchestration services including Docker and Kubernetes, and a variety of AWS tools and services

Basic Qualifications:

Bachelor’s Degree At least 6 years of experience in software engineering (Internship experience does not apply)
At least 1 year experience with cloud computing (AWS, Microsoft Azure, Google Cloud)

Preferred Qualifications:

Master’s Degree9+ years of experience in at least one of the following:
JavaScript, Java, Type Script, SQL, Python, or Go4+ years of experience with AWS, GCP, Microsoft Azure, or another cloud service4+ years of experience in open source frameworks1+ years of people management experience2+ years of experience in Agile practices

At this time, Capital One will not sponsor a new applicant for employment authorization, or offer any immigration related support for this position (i.e. H1B, F-1 OPT, F-1 STEM OPT, F-1 CPT, J-1, TN, or another type of work authorization).The minimum and maximum full-time annual salaries for this role are listed below, by location. Please note that this salary information is solely for candidates hired to perform work within one of these locations, and refers to the amount Capital One is willing to pay at the time of this posting.

Salaries for part-time roles will be prorated based upon the agreed upon number of hours to be regularly worked.

New York, NY: $245,900 - $280,600 for Sr. Lead Software Engineer Mc Lean , VA: $225,400 - $257,200 for Sr. Lead Software Engineer Plano, TX: $204,900 - $233,800 for Sr. Lead Software Engineer San Francisco, CA: $245,900 - $280,600 for Sr. Lead Software Engineer Candidates hired to work in other locations will be subject to the pay range associated with that location, and the actual annualized salary amount offered to any candidate at the time of hire will be reflected solely in the candidate’s offer letter.

This role is also eligible to earn performance based incentive compensation, which may include cash bonus(es) and/or long term incentives (LTI). Incentives could be discretionary or non discretionary depending on the plan.

Capital One offers a comprehensive, competitive, and inclusive set of health, financial and other benefits that support your total well-being. Learn more at the Capital One Careers website. Eligibility varies based on full or part-time status, exempt or non-exempt status, and management level.

This role is expected to accept applications for a minimum of 5 business days.

No agencies please. Capital One is an equal opportunity employer committed to diversity and inclusion in the workplace. All qualified applicants will receive consideration for employment without regard to sex (including pregnancy, childbirth or related medical conditions), race,…","","","","","","","",""
"go-YSYtQQasX_Etk-bNAAAAAA==","google","https://us.bebee.com/job/f88ebe8615a87865408e032b37ce93b7?utm_campaign=google_jobs_apply&utm_source=google_jobs_apply&utm_medium=organic","","Software Engineering Opportunity for a Billing Team","Figma","San Francisco, CA, United States","2025-01-16","","","","","","",False,"","","","","About Figma

Figma is a pioneering design platform dedicated to making creative tools accessible to all. Our mission-driven team helps entire product teams collaborate, innovate and build exceptional products – from concept to launch.
Job Overview

We are expanding our Billing Team, a high-performing group of engineers responsible for automating revenue workflows and developing end-to-end payment capabilities for Figma’s global customer base. As an engineer on this team, your contributions will play a vital role in shaping the company’s success.
Key Responsibilities
• Design, develop, test and deploy a seamless payment and billing experience for all Figma customers using a diverse range of technologies and systems.
• Collaborate with cross-functional partners across the business to ensure accuracy in revenue reporting, forecasting and adherence to compliance regulations.
Requirements
• A minimum of 5 years of experience as a software engineer.
• A proven track record of building, scaling and delivering high-quality products in fast-paced growth environments.
• Strong collaboration and communication skills.
• A passion for data modeling and API design challenges.
PREFERRED QUALIFICATIONS
• Experience in building B2B billing solutions or products in the payments industry.
• A working knowledge of revenue recognition, global tax laws and/or finance concepts.
• Expertise in Ruby, TypeScript, React, PostgreSQL and/or Snowflake.
About Us

At Figma, we value diversity, equity and inclusion. We believe that hiring talented individuals who share our values and are eager to learn and grow is essential to our success. If you’re passionate about this opportunity but don’t meet every requirement, we encourage you to apply.
Why Work at Figma?

We celebrate and support our differences. By fostering a culture of inclusivity and respect, we create a work environment where everyone can thrive. Figma is committed to equal employment opportunities for all candidates regardless of their background, identity or other personal characteristics.","","","","","","","",""
"go-2WsMjow86SeHzGxwAAAAAA==","google","https://www.learn4good.com/jobs/san-francisco/california/software_development/3925143092/e/?utm_campaign=google_jobs_apply&utm_source=google_jobs_apply&utm_medium=organic","","Software Developer, Network​/Payload Software - Intern​/Winter","Astranis","San Francisco, CA, United States","2025-01-16","internship","","","","","",False,"","","","","As a team, we've launched five satellites into orbit, signed ten commercial deals worth over $1 billion in revenue, raised over $750 million from top global investors, and recruited a team of over 400 world-class engineers. We all work out of our (legendary) San Francisco office, which was once used to build ships during the World Wars.

Our satellites, which operate from geostationary orbit (GEO), weigh only 400 kg and utilize a proprietary software-defined radio payload. Each satellite can connect over two million people, and we're very excited for the impact we'll soon have in the Philippines, Peru, Mexico, and more!

Backed by substantial funding and a passionate, collaborative team, we offer a rewarding work environment where you'll learn and make a significant impact, no matter where you are in your career.

Software Developer, Network/Payload Software - Intern (Winter 2025)

Internships at Astranis typically last for twelve weeks, and are hourly roles designed for students who are currently enrolled at a four-year university.

As an Intern, you will have an amazing opportunity to work on hard problems - we pride ourselves on giving everyone at Astranis a chance to do meaningful work on challenging projects, no matter their seniority. Many past interns have designed and tested hardware/software that is heading to space on our first satellite, and many of them are now full-time employees at Astranis.

If you have already graduated from a four-year university, please apply to be an Associate Engineer.
Role
• Work with the engineering team to design, write and test software (software running on satellites, ground control and testing software)
• Develop Software to manage the performance of the satellite from the Ground Stations
Requirements
• Currently pursuing a B.S. or M.S. in Computer Science, Electrical or Computer Engineering, Aerospace or equivalent technical degree
• Experience with C++, Python and scripting language(s)
• Demonstrated ability to personally design, write, and test software from scratch
• US Citizenship or Green Card
• Must be onsite in San Francisco 5 days a week
• Don't meet them all? Not a problem. Please apply even if you do not meet all these criteria.
Bonus
• Experience with RF and Signal processing
• Experience with real time operating systems
The base pay for this position is $29.00 per hour.

Base Hourly Pay

$29-$29 USD

U.S. Citizenship, Lawful Permanent Residency, or Refugee/Asylee Status Required

(To comply with U.S. Government space technology export regulations, applicant must be a U.S. citizen, lawful permanent resident of the United States, or other protected individual as defined by 8 U.S.C. 1324b(a)(3))

Our mission and our products are meant to connect the world and everyone in it, regardless of gender, race, creed, or any other distinction. We believe in a diverse and inclusive workplace, and we encourage all people to join our team and bring their unique perspective to help make us stronger.","","","","","","","",""
"go-sKBV9FIjrR2pXEiJAAAAAA==","google","https://us.bebee.com/job/6688c0ff1ca571240004140cb8c8a8b3?utm_campaign=google_jobs_apply&utm_source=google_jobs_apply&utm_medium=organic","","Software Engineer Expertise","Sentry","San Francisco, CA, United States","2025-01-15","","","","","","",False,"","","","","About the Role

The Product Foundation team is divided into two specialized pods: Alerts and Ecosystem. These pods work together to ensure seamless user experiences.

The team maintains foundational components of Sentry, including authentication, organization settings, and configuration.

We are seeking a skilled Senior Backend Engineer to join the team.
Key Responsibilities
• Develop and maintain features/integrations with other SaaS services using React (TypeScript) and Django (Python).
• Work on high-impact projects that touch the entire stack, understanding event ingestion pipelines, search and storage systems.
• Build tests and set up monitoring for your work to maintain engineering standards.","","","","","","","",""
"go-RTJfisWmO2O-q25wAAAAAA==","google","https://www.linkedin.com/jobs/view/senior-full-stack-software-engineer-remote-at-grabasoft-4141045728?utm_campaign=google_jobs_apply&utm_source=google_jobs_apply&utm_medium=organic","","Senior Full Stack Software Engineer (Remote)","GrabaSoft","San Francisco, CA, United States","2025-01-13","","","","","","",True,"","","","","This is a remote position.

Senior Full Stack Software Engineer (Remote)

Location: 100% Remote

Note: Candidates applying for this job must be authorized to work or a citizen of the United States.

About us: A 100% remote workplace! At GrabaSoft, we believe in building a strong and supportive team. We offer a collaborative and rewarding work environment where you can learn and grow alongside talented professionals. We value work-life balance and provide our employees with competitive benefits and opportunities for professional development. Join our team and experience the GrabaSoft difference

Benefits:
• Competitive salary.
• Unlimited PTO.
• Flexible working hours.
• Medical insurance.
• Vision insurance.
• Dental insurance.
• 401(k) program.

We strongly encourage candidates from all community and traditionally underrepresented backgrounds to apply!

We encourage all qualified candidates to apply regardless of race, color, ancestry, religion, national origin, sexual orientation, age, citizenship, marital or family status, disability, gender, gender identity or expression, pregnancy or caregiver status, veteran status, or any other legally protected status.

SUMMARY OF RESPONSIBILITIES:

Individual is working with a global HR employment firm headquarter in Southern California developing state of the art software systems for internal business processes and client operation needs. Looking for committed and can-do individual to join our dynamic team of system and business process specialists developing and upgrading mission critical applications, supporting and automating global payroll, HR, accounting and all related business process systems. Strong coding discipline, attention to details, high quality work and willingness to learn is key to success in this great team.

Individual possesses broad knowledge of computing and expertise in area of programming and system architecture. Individual will carry module or application level responsibilities to perform system-wise design and development utilizing advance programming approaches to address business process needs. Individual will involve with full cycle of software development; consult with users, design systems, write codes, performs code testing, support and maintain continual running of application systems.

REQUIRED QUALIFICATIONS:
• Bachelor or Master degree or equivalent in Computer Science, MIS or related discipline.
• 3 to 5 years of programming development experience in related area
• Strong to expert level programming development skills using relevant computer languages and development tools.
• Strong to expert level knowledge in standard concepts, practices and procedures within computer field.

PROGRAMMING SKILLS REQUIREMENTS:
• Deep knowledge of .Net 4.5+ Framework, including Visual Studion 2019/2022, VB.Net, C#, ASP.Net, MVC framework
• Strong experience with HTML5, CSS2, CSS3, Responsive Web Design, Bootstrap, Java Script, JQuery, JS LibrariesReactJS and React Native XML, XLST, XSD, and Ajax
• Design, build and test Microsoft SQL Server Stored Procedure.
• Consuming REST API’s (JSON) and web services
• Experience building Single Page Applications (SPA web apps)
• Application design patterns, such as MVC, MVVM etc.
• Experience in Mobile (ISO/AnDroid) is a plus","","","","","","","",""
"go-XHZ4I5uX_yfIyB75AAAAAA==","google","https://www.linkedin.com/jobs/view/senior-manager-embedded-software-engineering-at-grabasoft-4141049000?utm_campaign=google_jobs_apply&utm_source=google_jobs_apply&utm_medium=organic","","Senior Manager, Embedded Software Engineering","GrabaSoft","San Francisco, CA, United States","2025-01-13","","","","","","",True,"","","","","This is a remote position.

Senior Manager, Embedded Software Engineering

Location: 100% Remote

Note: Candidates applying for this job must be authorized to work or a citizen of the United States.

About us: A 100% remote workplace! At GrabaSoft, we believe in building a strong and supportive team. We offer a collaborative and rewarding work environment where you can learn and grow alongside talented professionals. We value work-life balance and provide our employees with competitive benefits and opportunities for professional development. Join our team and experience the GrabaSoft difference

Benefits:
• Competitive salary.
• Unlimited PTO.
• Flexible working hours.
• Medical insurance.
• Vision insurance.
• Dental insurance.
• 401(k) program.

We strongly encourage candidates from all community and traditionally underrepresented backgrounds to apply!

We encourage all qualified candidates to apply regardless of race, color, ancestry, religion, national origin, sexual orientation, age, citizenship, marital or family status, disability, gender, gender identity or expression, pregnancy or caregiver status, veteran status, or any other legally protected status.

About The Role

Reliable embedded firmware acts as the brain stem of our autonomous drones and the foundation for the growing accessory product line -- bridging the gap between the algorithms and the sensors/mechanical hardware. This team lives within the Device Platform organization and is a high impact team. As a Sr Engineering Manager you’ll make an impact in the following areas:

How You'll Make An Impact

Leadership & Development:

Inspire and mentor engineers, fostering their growth and professional development.

Cultivate a collaborative and innovative team environment.

Drive performance management and career development initiatives.

Managing performance reviews and 1:1s.

Maintain a high bar for hiring while further growing the team

Project Execution

Oversee the planning, execution, and successful delivery of embedded software projects.

Coordinate and build consensus with cross-functional teams to align goals and timelines.

Ensure projects are completed on time and within scope by effectively managing resources and leveraging the diverse skillsets of team members.

Technical Excellence

Provide technical guidance and make critical architectural decisions.

Promote best practices in coding, testing, and documentation.

Integrate the latest industry trends and technologies into our development process.

Able to dive in and contribute technically when needed.

Product Development

Collaborate with product management and other leaders to define and prioritize product features and requirements.

Ensure the development of reliable, efficient, and scalable embedded software solutions.

Conduct code reviews, design reviews, and technical discussions to maintain high-quality standards.

What Makes You a Good Fit

Proficiency in programming languages such as C, C++, and Python.

Deep understanding of embedded systems, RTOS, microcontrollers, and hardware interfaces.

Experience with SoC development, especially with Nvidia or Qualcomm platforms.

Experience with software development tools and methodologies.

Proven track record of delivering successful embedded software products.

Experience leading small to medium sized teams while delivering on high quality product outcomes.

Strong leadership and team-building skills.

Excellent communication and interpersonal skills.

Strategic thinker with strong problem-solving abilities.","","","","","","","",""
"go-vYV1cclfFq9F3MCRAAAAAA==","google","https://www.linkedin.com/jobs/view/flight-software-engineer-at-aegis-search-4137795310?utm_campaign=google_jobs_apply&utm_source=google_jobs_apply&utm_medium=organic","","Flight software engineer","Aegis Search","San Francisco, CA, United States","2025-01-13","fulltime","description","yearly",150000.0,200000.0,"USD",False,"","","","","We are currently recruiting for a Flight Software Engineer to join a well-funded start up in San Francisco who are looking for an engineer to help them in the design and development of their genuinely groundbreaking product. You will be working for a company that prides itself on being engineer led and having a heavy R&D focus.

This role would suit a candidate who enjoys getting in at the ground level of an early stage start up and who wants to build a flight software stack from the ground up.

The base salary for this role is in the region of $150k - $200k, with equity and health coverage on top. This role requires you to be based full time on site in San Francisco, five days a week.

Experience working in a similar role in a high growth start up would be highly beneficial.

You will ideally have worked with:
• C++ or Rust
• Flight software
• Linux, including working at kernel level
• RTOS
• Full lifecycle design including test
• Designing high reliability software
• Hardware knowledge

Please send in an up to date resume to apply","","","","","","","",""
"go-FQkK5vg6MeB_Gfc0AAAAAA==","google","https://us.bebee.com/job/827c1a9d68c681fe37ce1db9049f318a?utm_campaign=google_jobs_apply&utm_source=google_jobs_apply&utm_medium=organic","","Technical Lead Software Engineer","Square Capital","San Francisco, CA, United States","2025-01-12","","","","","","",False,"","","","","Job Summary

We are seeking an experienced Senior Fullstack Software Engineer to lead the development of the mining management UI for our Proto suite of mining rigs. As a key member of our team, you will be responsible for designing and implementing a modern, scalable interface using TypeScript, React, and Tailwind CSS.

About You
• 5+ years of experience in full-stack development with a strong focus on React for front-end work
• Experience with animations and interactive components using vanilla CSS, Frame Motion, GSAP, or Lottie
• Backend development experience with Rust and the Actix web framework (or a willingness to learn)
• Familiarity with API design and integration
• Strong communication skills and experience collaborating with designers and back-end engineers

About Our Team
We're a team of passionate individuals who believe in building a more inclusive economy where everyone has equal access to opportunity. We strive to live by these same values in building our workplace. Block is an equal opportunity employer evaluating all employees and job applicants without regard to identity or any legally protected class.

What We Offer
• A competitive salary based on your location and qualifications
• A comprehensive benefits package designed to empower you to do your best work while building the life you want
• Opportunities for growth and development in a dynamic and innovative environment

How to Apply
Please submit your resume and cover letter to us through our application portal.","","","","","","","",""
"go-nqHWfhhLMUBu4_WjAAAAAA==","google","https://us.bebee.com/job/600f5e423233cd2681e688ba471a5188?utm_campaign=google_jobs_apply&utm_source=google_jobs_apply&utm_medium=organic","","AI Innovations Software Engineer","CyberCoders","San Francisco, CA, United States","2025-01-12","","","","","","",False,"","","","","Job Overview

CyberCoders is a leading provider of cutting-edge artificial intelligence solutions. We are seeking an experienced Senior Machine Learning Engineer to join our team and contribute to the development of innovative AI systems.

About the Role
We are looking for a highly skilled engineer with expertise in designing and developing advanced AI algorithms, software systems, and high-performance applications using Python, Machine Learning, Golang, LLM, AI, and APIs. The successful candidate will have strong experience in software and system design, development, and optimization, as well as a strong understanding of machine learning algorithms and techniques.

Main Responsibilities
- Design and develop advanced AI algorithms for use in data-driven applications
- Develop high-performance software using Python, Machine Learning, Golang, LLM, AI, and APIs
- Analyze and optimize AI algorithms, models, and software applications
- Collaborate with other engineers to develop new products and technologies

Required Skills and Qualifications
- Bachelor's degree in Computer Science, Engineering, or a related field
- 5+ years of experience developing software with Python, Machine Learning, Golang, LLM, AI, and APIs
- Expertise in software and system design, development, and optimization
- Strong understanding of machine learning algorithms and techniques

Benefits
- Medical benefits
- Dental benefits
- Vision benefits
- 401k plan
- Paid time off

About CyberCoders
CyberCoders is a leading provider of cutting-edge artificial intelligence solutions. Our team is dedicated to pushing the boundaries of AI and developing innovative solutions that meet the needs of our clients.","","","","","","","",""
"go-Oht1cUSbghEOy3txAAAAAA==","google","https://us.bebee.com/job/d96a178e876fb2123fe2cf18bb62feaa?utm_campaign=google_jobs_apply&utm_source=google_jobs_apply&utm_medium=organic","","Cybersecurity Software Engineer","Palo Alto Networks","San Francisco, CA, United States","2025-01-12","","","","","","",False,"","","","","Company Overview
We are a leading cybersecurity company that protects our digital way of life. Our mission is to be the partner of choice, providing innovative solutions to stay ahead of cyber threats.

Job Description
As a Senior Software Engineer, you will be part of our Cortex Vulnerability Management Scanning team, expanding our software that provides customers with visibility into their behind-the-firewall attack surface. You will design, build, and maintain the end-to-end experience for running our network vulnerability scanner, working closely with cross-functional teams to drive technical best practices and evangelize new technologies within the engineering organization.

Required Skills and Qualifications
To succeed in this role, you will need 3+ years of experience as a professional software engineer writing full stack software. You should be experienced and opinionated about API design and distributed backend systems, able to switch between research, design, prototype, and implementation. You will also need experience using cloud managed services (ideally in GCP) and proficiency in Python and one of Rust, Golang, or C. Additionally, you should have working knowledge of at least one major cloud platform (e.g., GCP, AWS, or Azure) and familiarity with current penetration and security assessment tools such as Metasploit, Nmap, Burp Suite, Wireshark, etc.","","","","","","","",""
"go-aO_Lb4HaoyR71n4jAAAAAA==","google","https://us.bebee.com/job/d322e6795bcaab21066e44650f5c539d?utm_campaign=google_jobs_apply&utm_source=google_jobs_apply&utm_medium=organic","","Software Developer, Innovative Solutions","OpenAI","San Francisco, CA, United States","2025-01-10","","","","","","",False,"","","","","Company Overview
The Applied team at OpenAI is dedicated to bringing cutting-edge AI technology to the world. Our mission is to ensure that AI benefits all of humanity and we seek to learn from deployment to achieve this goal.
We value diversity and inclusion, fostering a culture where everyone feels welcome and valued.","","","","","","","",""
"go-JSdilEjS5SdwqO2SAAAAAA==","google","https://us.bebee.com/job/f5a4ec6a7fbe4f98b714e04f9fea9e3c?utm_campaign=google_jobs_apply&utm_source=google_jobs_apply&utm_medium=organic","","Cloud Security and Privacy Software Developer","Google","San Francisco, CA, United States","2025-01-09","","","","","","",False,"","","","","About the Job
At Google, we're always pushing the boundaries of technology to create innovative solutions that make a difference in people's lives. As a Software Engineer III, Full Stack, Cloud Security and Privacy, you'll be part of our team that develops cutting-edge technologies that change how billions of users connect, explore, and interact with information and one another.

In this role, you'll work on designing, developing, testing, deploying, maintaining, and enhancing software solutions that meet our high standards. You'll collaborate with cross-functional teams to deliver products that are scalable, reliable, and secure. Your expertise will help us solve complex problems and drive business growth.

We're looking for talented engineers who can contribute to our mission to make technology more accessible and useful to people everywhere. If you have a passion for software development, cloud security, and privacy, we'd love to hear from you.","","","","","","","",""
"in-642454fb95c875db","indeed","https://www.indeed.com/viewjob?jk=642454fb95c875db","https://www.moveworks.com/us/en/company/careers/position?gh_jid=7842685002","Software Engineer, Core Platform","Moveworks","Mountain View, CA, US","2025-02-02","fulltime","direct_data","yearly",144000.0,176000.0,"USD",False,"","","","","Platform Mountain View, CA Full\\-time


  
Who We Are



Moveworks is the universal AI copilot for search and automation across all your business applications. We give employees one place to go to find information and get support while reducing costs for your business. The Moveworks Copilot is powered by an industry\\-leading Reasoning Engine that uses a combination of public and proprietary language models to understand employee queries, then build and execute multi\\-step plans that achieve them. It does this by linking into systems (like ITSM, HRIS, ERP, identity management, and more) with native and custom\\-built integrations that turn natural language into powerful automations for employees.



The world’s most innovative brands like Databricks, Broadcom, Hearst, and Palo Alto Networks trust Moveworks to eliminaterepetitive support issues, deliver instant knowledge, and empower employees to work faster across applications.



Founded in 2016, Moveworks has raised $315 million in funding, at a valuation of $2\\.1 billion, thanks to our award\\-winning product and team. In 2023, we were included in the Forbes Cloud 100 list as well as the Forbes AI 50 for the fifth consecutive year. We were also recognized by the 2023 Edison Awards for AI Optimized Productivity, and were included on Fast Company's Most Innovative Companies list for 2024!



Moveworks has over 500 employees in six offices around the world, and is backed by some of the world's most prominent investors, including Kleiner Perkins, Lightspeed, Bain Capital Ventures, Sapphire Ventures, Iconiq, and more.



Come join one of the most innovative teams on the planet!

**What you’ll do:**



As a software engineer on the core platform team, you will play a key role in shaping the evolution of moveworks conversational AI platform. As an engineer on this team you will have the opportunity to \\- build enterprise products that solves real world problems by leveraging our machine learning platform, build the foundational frameworks and services which abstracts away the product needs and provides scalable and reliable building blocks, build the enterprise data platform for various product needs.



We’re building a team that indexes on moving fast, solving challenging product/engineering problems and providing value to our customers. To be successful, you'll be partnering with product, user experience, customer success, machine learning and other engineering teams to identify, define and build elegant solutions. This is an opportunity to play an integral role at the fastest\\-growing AI startup in its space. You will:


* Help design, build, and scale our robust platforms, ensuring reliability, performance, and seamless integration across our engineering ecosystem.
* Help define future product roadmap and evolve multiple platform engineering areas.
* Partner collaboratively within and across engineering and other cross\\-functional teams
* Build robust, scalable platform components that enable high\\-performance systems and contribute to the continuous improvement of the platform

**What you bring to the table:**


* 1\\-2 years of industry and/or internship experience in software development.
* Familiarity with designing and building software systems, with a willingness to learn and grow.
* Hands\\-on experience or coursework with platform and/or microservices development (Python, Go, or similar languages).
* Interest in distributed systems and scalable architecture (experience with Kafka or similar is a plus but not required).
* Strong communication skills and the ability to work effectively in cross\\-functional teams.
* A collaborative mindset, eagerness to learn, and openness to feedback.
* A passion for solving complex problems and delivering impactful solutions.

**Nice to have:**


* Experience with low\\-latency, high\\-throughput systems.
* Exposure to stream processing or similar systems (e.g., Kafka).
* A good sense of product design and user\\-centric thinking.
* Experience working with Machine Learning products


We’re committed to supporting your growth and providing mentorship as you take on meaningful challenges. If you’re excited to work in a fast\\-paced environment and contribute to building innovative solutions, we’d love to hear from you!

  



Salary Range: 144,000 \\- 176,000


* Our compensation package includes a market competitive salary, equity and benefits package.



Ultimately, in determining pay, final offers may vary from the amount listed based on geography, the role’s scope and complexity, the candidate’s experience and expertise, and other factors.


* Moveworks is proud to be an equal opportunity employer. We provide employment opportunities without regard to age, race, color, ancestry, national origin, religion, disability, sex, gender identity or expression, sexual orientation, veteran status, or any other characteristics protected by law.

* Our compensation package includes a market competitive salary, equity for all full time roles, exceptional benefits, and, for applicable roles, commissions or bonus plans.


Ultimately, in determining pay, final offers may vary from the amount listed based on geography, the role’s scope and complexity, the candidate’s experience and expertise, and other factors.

Moveworks Is An Equal Opportunity Employer  

* Moveworks is proud to be an equal opportunity employer. We provide employment opportunities without regard to age, race, color, ancestry, national origin, religion, disability, sex, gender identity or expression, sexual orientation, veteran status, or any other characteristics protected by law.","","https://www.indeed.com/cmp/Moveworks","https://d2q79iu7y748jz.cloudfront.net/s/_squarelogo/256x256/ba68e1696a3d8751737c1dd7f76aac8a","http://www.moveworks.com","Mountain View, CA","501 to 1,000","Decline to state","Founded in 2016, Moveworks has raised $315 million in funding, at a valuation of $2.1 billion, thanks to our award-winning product and team."
"in-b53dbd8927f2a3a5","indeed","https://www.indeed.com/viewjob?jk=b53dbd8927f2a3a5","https://ats.rippling.com/rippling/jobs/6a7ced0e-001f-476f-9bb4-860e203adad2?jobSite=Indeed","Software Engineer II, Backend - HRIS","Rippling","San Francisco, CA, US","2025-02-02","fulltime","direct_data","yearly",112200.0,196350.0,"USD",False,"","","","accomodations@rippling.com","**About Rippling**
Rippling gives businesses one place to run HR, IT, and Finance. It brings together all of the workforce systems that are normally scattered across a company, like payroll, expenses, benefits, and computers. For the first time ever, you can manage and automate every part of the employee lifecycle in a single system.  

Take onboarding, for example. With Rippling, you can hire a new employee anywhere in the world and set up their payroll, corporate card, computer, benefits, and even third\\-party apps like Slack and Microsoft 365—all within 90 seconds.  

Based in San Francisco, CA, Rippling has raised $1\\.2B from the world’s top investors—including Kleiner Perkins, Founders Fund, Sequoia, Greenoaks, and Bedrock—and was named one of America's best startup employers by Forbes.  

We prioritize candidate safety. Please be aware that all official communication will only be sent from @Rippling.com addresses. **About the role**  

The HRIS (Human Resources Information System) team sits at the core of Rippling’s system. It enables companies to set up the most important parts of their organizational structure – including departments, entities, teams, levels, job families, business partners, and work locations. It’s responsible for the experiences that allow employers to perform key actions like onboarding \\& offboarding new team members as well as making changes to their employment information. Lastly, it powers the platform that propagates (or “Ripples”) all this employee data, and any changes to it, to our downstream 1st and 3rd party products. Simply put, without a well functioning HRIS platform, there’s no “Ripple”\\-ing. **What you will do*** Develop high quality software with attention to detail.
* Work on complex engineering problems.
* As part of this role you will own (design and develop projects) around different initiatives. Helping the team execute our vision for 2024 to win Enterprise.
* You will collaborate with other teams across Rippling to support and scale products, both within and outside of HRIS.
* Hold a very high bar for quality of deliverables; you will be responsible to build and operationalize tools, monitors \\& processes across the org.

**What you will need*** Experience building large scale software product
* Strong CS/algorithms fundamentals
* You have seen systems operating at significant technical and organizational scale
* Experience working in a fast\\-paced, dynamic environment
* Experience in building projects with good abstractions and architecture
* Comfortable at developing scalable and extendable core services used in many products

**Additional Information***Rippling is an equal opportunity employer. We are committed to building a diverse and inclusive workforce and do not discriminate based on race, religion, color, national origin, ancestry, physical disability, mental disability, medical condition, genetic information, marital status, sex, gender, gender identity, gender expression, age, sexual orientation, veteran or military status, or any other legally protected characteristics, Rippling is committed to providing reasonable accommodations for candidates with disabilities who need assistance during the hiring process. To request a reasonable accommodation, please email* *accomodations@rippling.com*

*Rippling highly values having employees working in\\-office to foster a collaborative work environment and company culture. For office\\-based employees (employees who live within a 40 mile radius of a Rippling office), Rippling considers working in the office, at least three days a week under current policy, to be an essential function of the employee's role.*

*This role will receive a competitive salary \\+ benefits \\+ equity. The salary for US\\-based employees will be aligned with one of the ranges below based on location; see which tier applies to your location* *here**.*

*A variety of factors are considered when determining someone’s compensation–including a candidate’s professional background, experience, and location. Final offer amounts may vary from the amounts listed below.*

 **The pay range for this role is:**  

112,200 \\- 196,350 USD per year(US San Francisco Bay Area)","","https://www.indeed.com/cmp/Rippling","https://d2q79iu7y748jz.cloudfront.net/s/_squarelogo/256x256/d621ada17bcc71d13a5817834303263d","http://www.rippling.com","San Francisco","51 to 200","",""
"in-fbc208e875232144","indeed","https://www.indeed.com/viewjob?jk=fbc208e875232144","https://jobs.teradyne.com/Teradyne/job/San-Jose-Software-Engineer-%28Nextest%2C-San-Jose%29-CA-95101/1209560200/?feedId=320000&utm_source=Indeed","Software Engineer (Nextest, San Jose)","Teradyne","San Jose, CA, US","2025-02-01","","direct_data","yearly",140600.0,224900.0,"USD",False,"","","","","We are the global test and automation specialists, powering next\\-generation technologies through sophisticated solutions. Behind every electronic device you use, Teradyne's test technology ensures your device works right the first time, every time! Our portfolio of automation solutions help manufacturers to develop and deliver products quickly, efficiently and cost\\-effectively. Together, Teradyne companies deliver manufacturing automation across industries and applications around the world!

**Organization \\& Role**
------------------------


Nextest is looking for software engineers to join an exciting, dynamic, hardworking, engaging, and collaborative team. As an individual contributor, you will be involved in all aspects of software engineering and complex problem\\-solving, working with different functions to define, implement, and test new features and functionality. Nextest engineering teams are characterized by deep technical skills working with both software and hardware. Our Engineers thrive in a dynamic, customer\\-driven, global work environment where they succeed through innovation and collaboration. Internally, we work closely with the Systems Engineering, Hardware Engineering, and QA groups. Externally, we work closely with both our Field support organization and our customers.

**Qualifications**
------------------

* Computer Science degree with 5\\+ years experience
* Advanced to Expert knowledge of C\\+\\+
* Strong C\\+\\+ Object Oriented design and programming skills
* Experience implementing software that directly interacts with hardware (FPGAs and ASICs)
* Knowledge of Windows and experience with Visual Studio required
* Familiarity with Microsoft Visual Studio IDE's and the STL Library
* Proficiency with a source code control system (GIT preferred)
* Present ideas to groups of people
* Self\\-directed self\\-starter
* English Proficiency
**Desirable Skills**
--------------------

* Hands\\-on experience interacting with hardware designers and reading schematics/design documentation and implementing software interacting directly with hardware
* Software development for embedded systems, microcontrollers, and/or off\\-the\\-shelf small\\-form\\-factor devices (e.g. Raspberry Pi, BeagleBone, Ardunio).
* Experience and/or knowledge of Windows device drivers (specifically, KMDF).
* Experience with Windows OS Internals
**Education**
-------------

* Computer Science degree with 5\\+ years experience

 **Compensation**  

The base salary range for this role is $140,600 \\- $224,900\\. This range is a good faith estimate, and the amount of base salary will correspond with experience and skill set. This range can also fluctuate depending on demand and location.


Incentive Plan: This job is eligible for discretionary bonus(es) based on financial performance.

  

\\#LI\\-KD1","","https://www.indeed.com/cmp/Teradyne","https://d2q79iu7y748jz.cloudfront.net/s/_squarelogo/256x256/c7eef7f67d5b78d75a4e52aa0dd4596b","https://www.teradyne.com","North Reading, MA","5,001 to 10,000","$1B to $5B (USD)","Enabling the next generation of technology through advanced test solutions and collaborative and autonomous mobile robots."
"in-e0ce7ffea2eb03b9","indeed","https://www.indeed.com/viewjob?jk=e0ce7ffea2eb03b9","https://jobs.teradyne.com/Teradyne/job/San-Jose-Software-Engineer-%28Nextest%2C-San-Jose%29-CA-95101/1209549500/?feedId=320000&utm_source=Indeed","Software Engineer (Nextest, San Jose)","Teradyne","San Jose, CA, US","2025-02-01","","direct_data","yearly",140600.0,224900.0,"USD",False,"","","","","We are the global test and automation specialists, powering next\\-generation technologies through sophisticated solutions. Behind every electronic device you use, Teradyne's test technology ensures your device works right the first time, every time! Our portfolio of automation solutions help manufacturers to develop and deliver products quickly, efficiently and cost\\-effectively. Together, Teradyne companies deliver manufacturing automation across industries and applications around the world!

**Organization \\& Role**
------------------------


Nextest (San Jose, CA) is looking for front end (GUI) software engineers to join an exciting, dynamic, hardworking, engaging, and collaborative team. As an individual contributor, you will be involved in all aspects of software developing life cycles, working closely with our hardware engineers and marketing personnel to develop high quality, visually appealing, and user\\-friendly graphical user interface (GUI) hardware tools to access, debug, and verify system hardware. Nextest engineering teams are characterized by deep technical skills working with both software and hardware. Our Engineers thrive in a dynamic, customer\\-driven, global work environment where they succeed through innovation and collaboration. Internally, we work closely with the Systems Engineering, Hardware Engineering, and QA groups. Externally, we work closely with both our Field support organization and our customers.

**Responsibilities**
--------------------

* Understand Customer requirements and find innovative ways to incorporate those requirements within our existing software architecture.
* Learn from our most senior engineers and bring your experience and voice to help drive the next generation of Teradyne.
* Collaborate with our senior team to design and develop user friendly graphical user interface hardware tools for hardware verifying, debugging and accessing that are used for external customers and internal engineers.
* Assist with maintaining, sustaining, extending, and enhancing new features for existing hardware tools.
* Engage with our Field Applications team to find innovative ways to improve customer success and solve customer problems.
* Work with the Software QA group to devise effective test strategies and identify areas to improve and resolve issues with our internal and customer\\-facing software releases.
**Basic Qualifications \\& Skills**
----------------------------------

  

* Advanced to Expert knowledge of C\\+\\+ with strong C\\+\\+ Object Oriented design and programming skills
* Experience implementing software that directly interacts with hardware (FPGAs and ASICs)
* 2\\-5 years working knowledge of any GUI builder or IDE, preferably MFC in Microsoft Visual Studio C\\+\\+ IDE, required
* Knowledge of Windows and experience with Microsoft Visual Studio required
* Familiarity with C\\+\\+ STL Library
* Proficiency with a source code control system (GIT preferred)
* Present ideas to groups of people
* Self\\-directed self\\-starter

  

Desirable

* TCP/IP socket and multi\\-threaded programming.
* Hands\\-on experience interacting with hardware designers and reading schematics/design documentation and implementing software interacting directly with hardware.
* Software development for embedded systems, microcontrollers, and/or off\\-the\\-shelf small\\-form\\-factor devices (e.g. Raspberry Pi, BeagleBone, Ardunio).
* Experience and/or knowledge of Windows device drivers (specifically, KMDF).
* Experience delivering products directly to customers.
* Instrument design / control.
* ATE experience.
**Education**
-------------

* Computer Science or Computer Science and Engineering B.S. degree (M.S. degree preferred) with 5\\-7\\+ years of experience

 **Compensation**  

The base salary range for this role is $140,600 \\- $224,900\\. This range is a good faith estimate, and the amount of base salary will correspond with experience and skill set. This range can also fluctuate depending on demand and location.


Incentive Plan: This job is eligible for discretionary bonus(es) based on financial performance.


\\#LI\\-KD1","","https://www.indeed.com/cmp/Teradyne","https://d2q79iu7y748jz.cloudfront.net/s/_squarelogo/256x256/c7eef7f67d5b78d75a4e52aa0dd4596b","https://www.teradyne.com","North Reading, MA","5,001 to 10,000","$1B to $5B (USD)","Enabling the next generation of technology through advanced test solutions and collaborative and autonomous mobile robots."
"in-76fa7d828ae521b2","indeed","https://www.indeed.com/viewjob?jk=76fa7d828ae521b2","https://www.tesla.com/careers/search/job/236268?source=Indeed","Build & Release Manager, Tesla Bot","Tesla","Palo Alto, CA, US","2025-02-01","fulltime","direct_data","yearly",112000.0,276000.0,"USD",False,"","","","","**What to Expect**
The Tesla Test \\& Automation Team is looking for an amazing Build and Release Manager to develop automation pipelines and work on applications/firmware builds and releases across Tesla’s PCBAs. We are looking for someone who is excited about building great CI/CD pipelines and rapid software deployment, thrives in a fast\\-paced environment, and appreciates the importance of accuracy and on\\-time delivery.  

**What You'll Do*** Work with Design Engineering, Firmware, Validation, and Product Security teams to define and drive the build/release processes for Tesla’s electronic control units (ECU)/ PCBAs
* Define scalable policies and procedures that will ensure successful build and releases of firmware
* Develop and manage automation pipelines
* Manage build configuration requirements from early bring\\-up to start\\-of\\-production (SOP)
* Work with multi\\-functional teams to resolve bugs, feature/build issues, and drive the timeline for release from Tesla to supplier
 **What You'll Bring*** Minimum of 1 to 3 years prior experience managing a build and release process, either as an Technical Program Manager, Build and Release Manager, or Software Engineer
* Bachelor’s Degree in related fields like Computer Science, Engineering, Business Management, or an equivalent level of additional industry experience (5\\+)
* Thorough understanding of branching, configuration management, testing, build and release processes for complex software
* Technical understanding of development tools, source control, and continuous integration build systems, e.g. GitHub, Jenkins, Artifactory, CI/CD pipelines
* Strong analytical thinking, analysis, and problem\\-solving skills
* Exceptional verbal and written communication skills, with the ability to filter and distill relevant information for the right audience
* Proven ability to work effectively with multiple partners across a highly\\-matrixed, multi\\-functional organization
* Ability to independently manage complex project objectives
* Proven track record of defining processes and completing them
 **Compensation and Benefits**
Benefits
Along with competitive pay, as a full\\-time Tesla employee, you are eligible for the following benefits at day 1 of hire:


* Aetna PPO and HSA plans \\> 2 medical plan options with $0 payroll deduction
* Family\\-building, fertility, adoption and surrogacy benefits
* Dental (including orthodontic coverage) and vision plans, both have options with a $0 paycheck contribution
* Company Paid (Health Savings Account) HSA Contribution when enrolled in the High Deductible Aetna medical plan with HSA
* Healthcare and Dependent Care Flexible Spending Accounts (FSA)
* 401(k) with employer match, Employee Stock Purchase Plans, and other financial benefits
* Company paid Basic Life, AD\\&D, short\\-term and long\\-term disability insurance
* Employee Assistance Program
* Sick and Vacation time (Flex time for salary positions), and Paid Holidays
* Back\\-up childcare and parenting support resources
* Voluntary benefits to include: critical illness, hospital indemnity, accident insurance, theft \\& legal services, and pet insurance
* Weight Loss and Tobacco Cessation Programs
* Tesla Babies program
* Commuter benefits
* Employee discounts and perks program
Expected Compensation
$112,000 \\- $276,000/annual salary \\+ cash and stock awards \\+ benefits  

  

Pay offered may vary depending on multiple individualized factors, including market location, job\\-related knowledge, skills, and experience. The total compensation package for this position may also include other elements dependent on the position offered. Details of participation in these benefit plans will be provided if an employee receives an offer of employment.

  

Tesla is an Equal Opportunity / Affirmative Action employer committed to diversity in the workplace. All qualified applicants will receive consideration for employment without regard to race, color, religion, sex, sexual orientation, age, national origin, disability, protected veteran status, gender identity or any other factor protected by applicable federal, state or local laws.  

  

Tesla is also committed to working with and providing reasonable accommodations to individuals with disabilities. Please let your recruiter know if you need an accommodation at any point during the interview process.","Industrial Manufacturing","https://www.indeed.com/cmp/Tesla","https://d2q79iu7y748jz.cloudfront.net/s/_squarelogo/256x256/5e42be6c7dd264b60310b59afb8a3c48","https://www.tesla.com","1 Tesla Road Austin, TX 78725","10,000+","$5B to $10B (USD)","Tesla is accelerating the world’s transition to sustainable energy."
"in-00311b195e326dac","indeed","https://www.indeed.com/viewjob?jk=00311b195e326dac","https://careers.amperecomputing.com/jobs/15531897-ai-accelerator-software-engineer?tm_job=AC-2845&tm_event=view&tm_company=12892","AI Accelerator Software Engineer","Ampere Computing","Santa Clara, CA, US","2025-02-01","fulltime","direct_data","yearly",135400.0,225600.0,"USD",False,"","","","","**Description**  



  

**Invent the future with us.**  

  

Recognized by https://amperecomputing.com/blogs/top\\-five\\-workplaces Ampere is a semiconductor design company for a new era, leading the future of computing with an innovative approach to CPU design focused on high\\-performance, energy efficient, sustainable cloud computing.  

  

By providing a new level of predictable performance, efficiency, and sustainability Ampere is working with leading cloud suppliers and a growing partner ecosystem to deliver cloud instances, servers and embedded/edge products that can handle the compute demands of today and tomorrow.  

  

Join us at Ampere and work alongside a passionate and growing team — we’d love to have you apply!  

  

**About the role:**  

As an AI Accelerator Software Engineer at Ampere, you'll work on the full stack of cutting\\-edge AI technologies. You'll work on different layers in the AI SW stack including framework integration, compiler, and compute/communication kernel development. You'll also have the chance to work closely with our AI HW architect to codesign next generation of AI accelerators.  

  

**What you’ll achieve:**  

* In this role, you will work on deep learning model enabling with performance and accuracy for popular frameworks like TensorFlow, PyTorch, Llama.cpp, and vLLM, positioning you at the forefront of AI innovation.
* Will go deep into to the entire SW/HW stack to accelerate the deep learning including but not limited to framework integration, compile, kernel development, simulation, and performance tuning.
* Utilize a data\\-driven approach to focus on an optimization efforts.
* Troubleshoot and resolve existing issues, and explore alternative, more efficient methods to achieve similar results.
* Be a key team member in building state\\-of\\-the\\-art software and hardware AI co\\-processors/accelerators, pushing the boundaries of what's possible in AI technology.


  

**About you:**  

* Bachelors degree in Computer Science, Mathematics or a related technical field \\& 8 years of related experience; or Master's degree \\& 6 years
* Strong expertise in Python, PyTorch \\& similar AI tools (TensorFlow, scikit\\-learn, Cuda)
* Experience building and maintaining software benchmarking and integration plans
* A big plus if your experience includes SW development for AI accelerators
* An innovative and creative mindset with a strong attention to detail


  

**What we’ll offer:**  

At Ampere we believe in taking care of our employees and providing a competitive total rewards package that includes base pay, bonus, equity, and comprehensive benefits. The full base pay range for this role is between $135,400 and $225,600, except in the San Francisco Bay Area where the range is between $146,300 and $243,800\\. We offer an annual bonus program tied to internal company goals and annual meritocratic equity awards that enable our employees to participate in the success of the company.  

  

Our benefits include health, wellness, and financial programs that support employees through every stage of life, with full benefits eligibility at 20 hours per week.  

  

**Benefit highlights include:**  

* Premium medical, dental, vision insurance, as well as income protection and a 401K retirement plan, so that you can feel secure in your health and financial future.
* Unlimited Flextime and 10\\+ paid holidays so that you can embrace a healthy work\\-life balance.
* A variety of healthy snacks, energizing espresso, and refreshing drinks to keep you fueled and focused throughout the day.


  

And there is much more than compensation and benefits. At Ampere, we foster an inclusive culture that empowers our employees to do more and grow more. We are passionate about inventing industry leading cloud\\-native designs that contribute to a more sustainable future. We are excited to share more about our career opportunities with you through the interview process.  

\\#LI\\-DR  

\\#Hybrid  

  

Ampere is an inclusive and equal opportunity employer and welcomes applicants from all backgrounds. All qualified applicants will receive consideration for employment without regard to race, color, national origin, citizenship, religion, age, veteran and/or military status, sex, sexual orientation, gender, gender identity, gender expression, physical or mental disability, or any other basis protected by federal, state or local law.","","https://www.indeed.com/cmp/Ampere-Computing","","http://www.amperecomputing.com","Santa Clara, CA","1,001 to 5,000","Decline to state","Ampere is a semiconductor design company for a new era, leading the future of computing with an innovative approach to CPU design focused on high-performance, energy efficiency and sustainability.  "
"in-372bad3f9602c2cd","indeed","https://www.indeed.com/viewjob?jk=372bad3f9602c2cd","https://dsp.prng.co/F2t3LMb","Senior Backend Software Engineer","Intuit","Mountain View, CA, US","2025-02-01","","direct_data","yearly",161500.0,219000.0,"USD",False,"","","","","**Overview**
------------


We're cultivating a culture that prioritizes innovators, risk\\-takers, and imaginative thinkers. In pursuit of becoming AI\\-native, we recognize that fostering a ""builder"" mindset is essential. This means seeking out those who can seamlessly integrate AI and emerging technologies to efficiently and effectively solve our customers' problems.  

At Intuit, we hold a global leadership position in financial management solutions. We've been at the forefront of inventing Virtual Platforms and democratizing cloud computing for small businesses and their patrons alike. Our 40 years of expertise have rooted us in the startup mentality, positively disrupting ourselves as we constantly identify cutting\\-edge technology and design paradigms. Our teams are dynamic, focused on delivering creative solutions with a side of fun.**What you'll bring**
---------------------

* BS/MS in Computer Science or related area or equivalent experience
* 5\\+ years of experience developing systems/software for large businesses using Java/J2EE, Python, or Go
* Strong communication skills with a demonstrated ability to explain complex technical issues to both technical and non\\-technical audiences
* Experience with databases, cloud, APIs, and other technologies to ensure that the application is scalable, secure, and performant.
* Experience with unit testing and Test Driven Development (TDD)
* Experience developing, maintaining, and innovating large scale, consumer facing web applications
* Possess basic understanding of AI concepts and foundations
* Ability to work collaboratively with AI experts and integrate AI into existing systems as needed, with guidance
* Familiarity with data and metrics required for building and evaluating AI models
* Conversant with AI Native principles and able to apply them to software development
* Strong problem\\-solving skills and ability to think creatively about software and AI based solutions
* Ability to communicate effectively with cross\\-functional teams
* Ability to keep up\\-to\\-date with the latest trends and advances in AI technology and incorporate them into software development practices.
**How you will lead**
---------------------

* Be responsible for roughly 80\\-90% hands\\-on coding and serve as a technical leader by mentoring junior engineers and applying technical expertise to challenging programming and design problems
* Drive the design and implementation of reliable and scalable backend software solutions that solve critical customer problems and interact with numerous other services.
* Deliver high quality web application code and contributing to overall site stability by conducting code reviews and writing unit and integration tests
* Contribute to the design/architecture of the project and developing web software while implementing best practices for architecture, design, coding standards \\& CI/CD
* Work collaboratively with AI experts and integrate AI into existing systems, leveraging expertise and guidance as needed
* Propose AI solutions that can be applied to a variety of problems

 *Intuit provides a competitive compensation package with a strong pay for performance rewards approach. The expected base pay range for this position is: $161,500\\- 219,000\\.**This position will be eligible for a cash bonus, equity rewards and benefits, in accordance with our applicable plans and programs (see more about our compensation and benefits at* *Intuit®: Careers \\| Benefits**).Pay offered is based on factors such as job\\-related knowledge, skills, experience, and work location. To drive ongoing pay equity for employees, Intuit conducts regular comparisons across categories of ethnicity and gender.*","","https://www.indeed.com/cmp/Intuit","https://d2q79iu7y748jz.cloudfront.net/s/_squarelogo/256x256/8baee6407ec864598934184b8b80b4bf","http://www.intuit.com/careers/glassdoor","Mountain View, CA","10,000+","more than $10B (USD)","Intuit is the global financial technology platform that powers prosperity for the people and communities we serve with TurboTax, Credit Karma, QuickBooks, and Mailchimp."
"in-b655592021bdfedb","indeed","https://www.indeed.com/viewjob?jk=b655592021bdfedb","https://discordapp.com/jobs/7807641002","Senior Software Engineer, Machine Learning (Ads)","Discord","San Francisco, CA, US","2025-02-01","fulltime","direct_data","yearly",202000.0,222000.0,"USD",True,"","","","","Discord is used by over 200 million people every month for many different reasons, but there’s one thing that nearly everyone does on our platform: play video games. Over 90% of our users play games, spending a combined 1\\.5 billion hours playing thousands of unique titles on Discord each month. Discord plays a uniquely important role in the future of gaming. We are focused on making it easier and more fun for people to talk and hang out before, during, and after playing games.We are looking for a Senior Software Engineer specializing in Machine Learning to join our Revenue ML team at Discord. This team partners with our revenue product groups, focusing on both consumer revenue and our emerging Ads initiative. This role will specifically contribute to our Ads ML efforts, helping to build and scale ML capabilities in areas such as ads measurement, targeting, and delivery ranking. As part of this team, you will play a critical role in developing foundational ML models that enhance ad relevance, optimize performance, and drive revenue. This is a unique opportunity to work on an early\\-stage Ads ML platform and have a direct impact on the business’s success. Our tech stack includes Python, ML frameworks like TensorFlow and PyTorch, large\\-scale data infrastructure, and real\\-time ad\\-serving technologies. What You'll Be Doing: Design, develop, and deploy machine learning models for ads measurement, targeting, and ranking. Improve our ads measurement framework by integrating first\\-party and third\\-party data to provide accurate campaign performance insights. Develop sophisticated ML models to infer user interests, enhance ad targeting. Build and optimize ad ranking models to serve the most effective ads based on campaign objectives (e.g., app installs, impression delivery). Collaborate cross\\-functionally with product, engineering, and business teams to define and execute on the Ads ML roadmap. Scale our ML infrastructure to support an increasing number of concurrent ad campaigns while ensuring low\\-latency decision\\-making. Drive research and implementation of state\\-of\\-the\\-art ML techniques in the field of online advertising. What You Should Have: 5\\+ years of experience as a Machine Learning Engineer or Data Scientist. 3\\+ years of experience specifically in Ads ML (ads ranking, personalization, optimization, user profiling, targeting, or measurement). Strong proficiency in Python and experience building ML models for large\\-scale applications. Proven track record of designing, implementing, and scaling ML\\-driven ad systems in real\\-world applications. Experience working with real\\-time ML inference, A/B testing, and optimization frameworks. Strong understanding of performance advertising and how ML impacts revenue and advertiser retention. The ability to thrive in a fast\\-moving, ambiguous environment and build systems from the ground up. Bonus Skills: Experience with large\\-scale data infrastructure and distributed computing. Familiarity with deep learning frameworks such as TensorFlow or PyTorch. Knowledge of ad tech industry standards and third\\-party measurement solutions. \\#LI\\-Remote The US base salary range for this full\\-time position is $202,000 to $222,000 \\+ equity \\+ benefits. Our salary ranges are determined by role and level. Within the range, individual pay is determined by additional factors, including job\\-related skills, experience, and relevant education or training. Please note that the compensation details listed in US role postings reflect the base salary only, and do not include equity, or benefits.Why Discord?Discord plays a uniquely important role in the future of gaming. We're a multiplatform, multigenerational and multiplayer platform that helps people deepen their friendships around games and shared interests. We believe games give us a way to have fun with our favorite people, whether listening to music together or grinding in competitive matches for diamond rank. Join us in our mission! Your future is just a click away! Check out ourinclusion, diversity and purpose efforts, company principles, or learn more about the Life @ Discord experience!","","https://www.indeed.com/cmp/Discord","https://d2q79iu7y748jz.cloudfront.net/s/_squarelogo/256x256/69c3e6df6e321e61d3b408ca9250e884","https://www.discord.com","San Francisco","501 to 1,000","$25M to $100M (USD)","Discord is a voice, video and text app that helps friends and communities come together to hang out and explore their interests."
"in-64ee0c9327ffb158","indeed","https://www.indeed.com/viewjob?jk=64ee0c9327ffb158","https://jobs.ashbyhq.com/echotwin/c41eeb12-7242-4ecd-af8e-f7540cb2f769?utm_source=VePLlPjq0R","Machine Learning Engineer","","San Francisco, CA, US","2025-02-01","fulltime","direct_data","yearly",148567.0,212747.0,"USD",False,"","","","","**About Us**


EchoTwin AI is the leader in automated compliance monitoring for smart cities. Using advanced artificial intelligence and digital twin technologies, we collect real\\-time data from vehicles, robots, and drones to ensure service, regulatory, and safety compliance that fosters more sustainable and resilient communities.

**Responsibilities**

* Collaborate with cross\\-functional teams, including the product manager, software developers, and domain experts.
* Research and experiment with state\\-of\\-the\\-art tools and techniques in Machine Learning.
* Document processes, pipelines, and model performance thoroughly.

**Computer Vision**

* Train and deploy machine learning models for object detection and classification in images and videos.
* Preprocess and annotate image and video datasets for training purposes.
* + Optimize deep learning models for efficiency and scalability in production.

**Predictive Analytics**

* + Design and implement predictive models to analyze trends, patterns, and anomalies.
* Develop data pipelines with data engineers to handle large\\-scale structured and unstructured datasets.
* Apply statistical and machine learning techniques to forecast outcomes and support decision\\-making.

**Experience**

* Master’s or Bachelor's degree in Computer Science, Mathematics, IT, or a related field.
* 5\\+ years of experience as a Computer Vision Engineer.
* 10\\+ years in software development and machine learning.
* Strong knowledge of machine learning concepts and algorithms.
* Proficiency in Python, C\\+\\+, and ML libraries like TensorFlow or PyTorch.
* Solid understanding of data preprocessing, feature engineering, and model evaluation techniques.
* Experience in computer vision, particularly object detection and image processing techniques (e.g., YOLO).
* Familiarity with predictive analytics tools.
* Knowledge of cloud platforms (AWS) for deploying and managing machine learning models.
* Experience with MLOps practices.
* Proficiency in spoken and written English.","","","","","","","",""
"in-ee9aa3fbb6ea7d5f","indeed","https://www.indeed.com/viewjob?jk=ee9aa3fbb6ea7d5f","https://jobs.ashbyhq.com/echotwin/a073cc22-1093-419d-8b9c-291fe0e96f6c?utm_source=VePLlPjq0R","Software Engineer, Backend Developer","","San Francisco, CA, US","2025-02-01","fulltime","direct_data","yearly",119110.0,158751.0,"USD",False,"","","","","**About Us**


EchoTwin AI is the leader in automated compliance monitoring for smart cities. Using advanced artificial intelligence and digital twin technologies, we collect real\\-time data from vehicles, robots, and drones to ensure service, regulatory, and safety compliance that fosters more sustainable and resilient communities.

**What The Job Involves**  

The Backend Engineering team is crucial to the overall success of EchoTwin AI's products and solutions. Our CityVision and CitySync web portals are used directly by customers and include internal tools to support IoT health monitoring for thousands of devices deployed on our network.

**Responsibilities**

* Design, develop, and implement efficient, high\\-throughput backend solutions, prioritizing performance, scalability, and reliability
* Continuous integration and continuous deployment
* Work effectively with cross\\-functional teams of engineers and domain experts
* Interface with external partners to refine technical requirements

**Qualifications**

* Experience working with relational, time series, and document databases, including knowledge of SQL.
* Proven problem\\-solving skills; ability to take ownership of issues and driving towards resolution effectively.
* Knowledge of best practices in designing, using, and testing web services and APIs.
* Being comfortable in an agile, fast\\-paced environment; ability to organize chaos and leave things cleaner than you found them.
* Master’s or Bachelor's degree in Computer Science, Mathematics, IT, or a related field
* 5\\+ years’ experience as a backend developer (Python)
* 3\\+ years’ experience in Fast API/Django
* Experience with AWS services
* Experience with relational and non\\-relational databases
* Experience with creating and deploying RESTful APIs
* Experience with Docker and Kubernetes
* Experience with Git, CI/CD, and software testing
* Experience with computer vision\\-based applications
* Strong desire to learn and share knowledge with others
* Proficiency in spoken and written English","","","","","","","",""
"in-0bbec8d0ad254056","indeed","https://www.indeed.com/viewjob?jk=0bbec8d0ad254056","https://JPMorganChase.contacthr.com/146057825","Director of Site Reliability Engineering","JPMorganChase","Palo Alto, CA, US","2025-02-01","fulltime","direct_data","yearly",204250.0,285000.0,"USD",False,"","","","","**JOB DESCRIPTION**  

You have discovered the perfect setting to expand your skills and make a meaningful impact. Partner with an organization committed to defining the future of site reliability in the financial sector.


As a Director of Site Reliability Engineering at JPMorgan Chase within the AI/ML TECHNOLOGY in Corporate Sector, you are constantly establishing new collaborative partnerships that allow your team to work across functions. Proactively engage team members, initiate career conversations, and delegate assignments and opportunities equitably.
**Job responsibilities**


* Manages stakeholders with broad direction on complex projects to ensure work is executed according to compliance standards, service level agreements, and business requirements
* Anticipates the needs of immediate team to proactively make decisions to eliminate roadblocks and deliver products and applications in line with business requirements
* Applies cross\\-functional technical and business knowledge and leadership to multiple technical areas and disciplines
* Identifies opportunities to initiate operational changes across disciplines and partners with leadership to support, influence, and drive innovation
* Manage the Product Infrastructure/SRE function for business critical, AI platforms in hybrid multi\\-cloud environment.
* Collaborates with multiple stakeholders for complex projects and takes accountability for AI products reliability and user experience.
**Required qualifications, capabilities, and skills**


* Experience leading technologists to manage, anticipate, and solve complex technological issues
* Influences the team’s culture by championing innovation and change for success
* Experience hiring, developing, and recognizing talent
* Draws upon leadership experience to engage team members to expresses complex ideas with appropriate level of detail
* Formal training or certification on software engineering concepts and 10\\+ years applied experience
* 10\\+ years of experience leading technologists to manage, anticipate, and solve complex technical items within your domain of expertise
* Experience in building large scale distributed managed services or large\\-scale infrastructure platforms
* Demonstrated prior experience with maturity uplifts, observability strategies and TOIL reduction at an enterprise scale
* Demonstrated prior experience managing high severity production incidents to resolution
**ABOUT US**  


JPMorganChase, one of the oldest financial institutions, offers innovative financial solutions to millions of consumers, small businesses and many of the world’s most prominent corporate, institutional and government clients under the J.P. Morgan and Chase brands. Our history spans over 200 years and today we are a leader in investment banking, consumer and small business banking, commercial banking, financial transaction processing and asset management.
We offer a competitive total rewards package including base salary determined based on the role, experience, skill set and location. Those in eligible roles may receive commission\\-based pay and/or discretionary incentive compensation, paid in the form of cash and/or forfeitable equity, awarded in recognition of individual achievements and contributions. We also offer a range of benefits and programs to meet employee needs, based on eligibility. These benefits include comprehensive health care coverage, on\\-site health and wellness centers, a retirement savings plan, backup childcare, tuition reimbursement, mental health support, financial coaching and more. Additional details about total compensation and benefits will be provided during the hiring process.


We recognize that our people are our strength and the diverse talents they bring to our global workforce are directly linked to our success. We are an equal opportunity employer and place a high value on diversity and inclusion at our company. We do not discriminate on the basis of any protected attribute, including race, religion, color, national origin, gender, sexual orientation, gender identity, gender expression, age, marital or veteran status, pregnancy or disability, or any other basis protected under applicable law. We also make reasonable accommodations for applicants’ and employees’ religious practices and beliefs, as well as mental health or physical disability needs. Visit our FAQs for more information about requesting an accommodation.


JPMorgan Chase \\& Co. is an Equal Opportunity Employer, including Disability/Veterans

  

  

  

**ABOUT THE TEAM**  

  

Our professionals in our Corporate Functions cover a diverse range of areas from finance and risk to human resources and marketing. Our corporate teams are an essential part of our company, ensuring that we’re setting our businesses, clients, customers and employees up for success.","","https://www.indeed.com/cmp/Jpmorganchase-2","https://d2q79iu7y748jz.cloudfront.net/s/_squarelogo/256x256/62e186e96c7550325814ef6880fae379","https://www.jpmorganchase.com/","New York, NY","10,000+","more than $10B (USD)","Headquartered in New York City, JPMorgan Chase is the largest bank in the United States."
"in-11dfad06b624053b","indeed","https://www.indeed.com/viewjob?jk=11dfad06b624053b","https://careers-americas.icims.com/jobs/17569/job?utm_source=indeed_integration&iis=Job%20Board&iisn=Indeed&indeed-apply-token=73a2d2b2a8d6d5c0a62696875eaebd669103652d3f0c2cd5445d3e66b1592b0f","Senior Machine Learning Engineer","Atlassian","Mountain View, CA, US","2025-02-01","fulltime","direct_data","yearly",146300.0,235000.0,"USD",True,"","","","","Overview:
**Working at Atlassian**


Atlassians can choose where they work – whether in an office, from home, or a combination of the two. That way, Atlassians have more control over supporting their family, personal goals, and other priorities. We can hire people in any country where we have a legal entity. Interviews and onboarding are conducted virtually, a part of being a distributed\\-first company.


Responsibilities:
**What you’ll do**
------------------


As a Senior Machine Learning engineer, you will work on the development and implementation of the cutting edge machine learning algorithms, training sophisticated models, collaborating with product, engineering, and analytics teams, to build the AI functionalities into each Atlassian products and services. Your daily responsibilities will encompass a broad spectrum of tasks such as designing system and model architectures, conducting rigorous experimentation and model evaluations, and providing guidance to junior ML engineers. Your role is pivotal, stretching beyond these tasks, ensuring AI's transformative potential is realized across our offerings.

**Your background**
-------------------

### **On the first day, we'll expect you to have**

* Master or PhD in a quantitative subject (Statistics, Mathematics, Computer Science, Operations Research, or relevant work experience)
* 4\\+ years of related industry experience in the data science domain
* Expertise in Python or Java with and the ability to write performant production\\-quality code, familiarity with SQL, knowledge of Spark and cloud data environments (e.g. AWS, Databricks)
* Experience building and scaling machine learning models in business applications using large amounts of data
* Ability to communicate and explain data science concepts to diverse audiences, craft a compelling story
* Focus on business practicality and the 80/20 rule; very high bar for output quality, but recognize the business benefit of ""having something now"" vs ""perfection sometime in the future""
* Agile development mindset, appreciating the benefit of constant iteration and improvement

### **It's great, but not required, if you have**

* Experience working in a consumer or B2C space for a SaaS product provider, or the enterprise/B2B space
* Experience in developing deep learning\\-based models and working on LLM\\-related applications
* Excelling in solving ambiguous and complex problems, being able to navigate through uncertain situations, breaking down complex challenges into manageable components and developing innovative solutions


Qualifications:
**Compensation**


At Atlassian, we strive to design equitable, explainable, and competitive compensation programs. To support this goal, the baseline of our range is higher than that of the typical market range, but in turn we expect to hire most candidates near this baseline. Base pay within the range is ultimately determined by a candidate's skills, expertise, or experience. In the United States, we have three geographic pay zones. For this role, our current base pay ranges for new hires in each zone are:


Zone A: $176,200 \\- $235,000


Zone B: $158,600 \\- $211,500


Zone C: $146,300 \\- $195,000


This role may also be eligible for benefits, bonuses, commissions, and equity.


Please visit go.atlassian.com/payzones for more information on which locations are included in each of our geographic pay zones. However, please confirm the zone for your specific location with your recruiter.


**Our perks \\& benefits**


Atlassian offers a variety of perks and benefits to support you, your family and to help you engage with your local community. Our offerings include health coverage, paid volunteer days, wellness resources, and so much more. Visit **go.atlassian.com/perksandbenefits**to learn more.

**About Atlassian**


At Atlassian, we're motivated by a common goal: to unleash the potential of every team. Our software products help teams all over the planet and our solutions are designed for all types of work. Team collaboration through our tools makes what may be impossible alone, possible together.


We believe that the unique contributions of all Atlassians create our success. To ensure that our products and culture continue to incorporate everyone's perspectives and experience, we never discriminate based on race, religion, national origin, gender identity or expression, sexual orientation, age, or marital, veteran, or disability status. All your information will be kept confidential according to EEO guidelines.


To provide you the best experience, we can support with accommodations or adjustments at any stage of the recruitment process. Simply inform our Recruitment team during your conversation with them.


To learn more about our culture and hiring process, visit **go.atlassian.com/crh****.**","","https://www.indeed.com/cmp/Atlassian","https://d2q79iu7y748jz.cloudfront.net/s/_squarelogo/256x256/236f8ff078fa6689201af583930fe77e","https://www.atlassian.com","Sydney","5,001 to 10,000","Decline to state","We build software to help teams plan, collaborate, code and service."
"in-a8f30a38cfe82aa3","indeed","https://www.indeed.com/viewjob?jk=a8f30a38cfe82aa3","https://careers-americas.icims.com/jobs/17599/job?utm_source=indeed_integration&iis=Job%20Board&iisn=Indeed&indeed-apply-token=73a2d2b2a8d6d5c0a62696875eaebd669103652d3f0c2cd5445d3e66b1592b0f","Senior Machine Learning Engineer -- Teamwork Graph","Atlassian","Mountain View, CA, US","2025-02-01","fulltime","direct_data","yearly",165500.0,265800.0,"USD",True,"","","","","Overview:
**Working at Atlassian**


Atlassians can choose where they work – whether in an office, from home, or a combination of the two. That way, Atlassians have more control over supporting their family, personal goals, and other priorities. We can hire people in any country where we have a legal entity. Interviews and onboarding are conducted virtually, a part of being a distributed\\-first company.

**Role:**


We are looking for a Senior ML engineer to join the Teamwork Graph team and a group of talented engineers who are responsible for helping build and deploy the knowledge graph of how teams work together. The graph is the foundational data layer Teamwork Graph logically representing all of a customer’s data, with edges/relationships to connect entities across feature and product boundaries. The Graph powers various new AI products such as Rovo, as well as enables Atlassian products to work better together. Checkout this clip from the recent founder keynote for more details. You will work closely with the team to execute the strategy for advanced graph querying and powering a suite of Graph \\+ AI powered applications and experiences. You will also collaborate with the federated product teams and other central orgs to integrate the Teamwork knowledge deeply in various products such as Search, Jira, Confluence, and many upcoming ones.


Responsibilities:

Responsibilities:

* Process and structure large amounts of graph data to power applications across Atlassian
* Build great APIs
* Creative use of generative AI and ML to process, structure, and reason over large amounts of data to power intelligent products
* Mentor and coach your team members on best practices, code quality, design patterns, testing, debugging, and documentation.
* Communicate and explain data science concepts to diverse audiences, craft a compelling story
* Communicate effectively with internal and external partners, present technical concepts and results clearly and concisely, and solicit feedback and input from various stakeholders.


Experience:

* 5\\+ years of experience building and scaling business applications and systems using large amounts of data
* Built generalizable platforms with a keen eye on empowering applications in product
* Experience building and scaling business applications and systems using large amounts of data
* Agile development mindset, appreciating the benefit of iteration and improvement
* Experience working with LLMs and RAG a bonus


Qualifications:
**Compensation**


At Atlassian, we strive to design equitable, explainable, and competitive compensation programs. To support this goal, the baseline of our range is higher than that of the typical market range, but in turn we expect to hire most candidates near this baseline. Base pay within the range is ultimately determined by a candidate's skills, expertise, or experience. In the United States, we have three geographic pay zones. For this role, our current base pay ranges for new hires in each zone are:


Zone A: $199,400 \\- $265,800


Zone B: $179,400 \\- $239,200


Zone C: $165,500 \\- $220,600


This role may also be eligible for benefits, bonuses, commissions, and equity.


Please visit go.atlassian.com/payzones for more information on which locations are included in each of our geographic pay zones. However, please confirm the zone for your specific location with your recruiter.


**Our perks \\& benefits**


Atlassian offers a variety of perks and benefits to support you, your family and to help you engage with your local community. Our offerings include health coverage, paid volunteer days, wellness resources, and so much more. Visit **go.atlassian.com/perksandbenefits**to learn more.

**About Atlassian**


At Atlassian, we're motivated by a common goal: to unleash the potential of every team. Our software products help teams all over the planet and our solutions are designed for all types of work. Team collaboration through our tools makes what may be impossible alone, possible together.


We believe that the unique contributions of all Atlassians create our success. To ensure that our products and culture continue to incorporate everyone's perspectives and experience, we never discriminate based on race, religion, national origin, gender identity or expression, sexual orientation, age, or marital, veteran, or disability status. All your information will be kept confidential according to EEO guidelines.


To provide you the best experience, we can support with accommodations or adjustments at any stage of the recruitment process. Simply inform our Recruitment team during your conversation with them.


To learn more about our culture and hiring process, visit **go.atlassian.com/crh****.**","","https://www.indeed.com/cmp/Atlassian","https://d2q79iu7y748jz.cloudfront.net/s/_squarelogo/256x256/236f8ff078fa6689201af583930fe77e","https://www.atlassian.com","Sydney","5,001 to 10,000","Decline to state","We build software to help teams plan, collaborate, code and service."
"in-8e70ed1ec596ff7d","indeed","https://www.indeed.com/viewjob?jk=8e70ed1ec596ff7d","https://careers-americas.icims.com/jobs/17556/job?utm_source=indeed_integration&iis=Job%20Board&iisn=Indeed&indeed-apply-token=73a2d2b2a8d6d5c0a62696875eaebd669103652d3f0c2cd5445d3e66b1592b0f","Principal Full Stack Engineer - Finance Technology","Atlassian","San Francisco, CA, US","2025-02-01","fulltime","direct_data","yearly",170800.0,274300.0,"USD",True,"","","","","Overview:
**Working at Atlassian**


Atlassians can choose where they work – whether in an office, from home, or a combination of the two. That way, Atlassians have more control over supporting their family, personal goals, and other priorities. We can hire people in any country where we have a legal entity. Interviews and onboarding are conducted virtually, a part of being a distributed\\-first company.


Responsibilities:

As a Principal Full Stack Engineer, you will be responsible for architecting, designing, developing, and maintaining complex systems that integrate Finance systems or business applications with AI features. This role involves working across the full stack, from front\\-end interfaces to back\\-end services, and leveraging AI technologies to enhance product capabilities, and ability to groom junior resources by mentoring and leading on project assignments. **A good understanding of Finance and QTC architecture is required to make an impact.**  

**Key Responsibilities**

* **Full Stack Development**: Design and implement scalable and robust full\\-stack solutions that integrate with finance systems or business applications.
* **AI Integration**: Collaborate with data scientists and machine learning engineers to incorporate AI features into products, enhancing functionality and user experience.
* **Technical Leadership**: Lead technical design and architecture discussions, ensuring best practices are followed in software development and AI integration.
* **Collaboration**: Work closely with technical product managers (TPM), designers, and other engineers and business teams to deliver high\\-quality products that meet business needs.
* **Innovation**: Drive innovation by exploring new technologies and methodologies to improve product offerings and development processes.

**Required Skills and Experience**

* **Business Applications** Experience with Oracle Fusion Cloud, Zuora Revenue, Coupa, Anaplan, Avalara, and prior QTC architecture experience.
* **Technical Expertise**: Strong proficiency in modern programming languages (e.g., Java, Python) and frameworks (e.g., React, Node.js). Exposure to integration platforms such as Workato and RPA platforms such as UIPath.
* **AI and Machine Learning**: Experience with AI technologies and machine learning frameworks, with a focus on integrating these into business applications.
* **Cloud Platforms**: Familiarity with cloud environments such as AWS or GCP, and experience with deploying and managing applications in the cloud.
* **Problem Solving**: Ability to tackle complex technical challenges and provide innovative solutions.
* **Communication**: Excellent communication skills to collaborate effectively with cross\\-functional and leadership teams both across Engineering and Finance organizations.

**Preferred Qualifications**

* 10\\+ years of experience in Finance systems and business applications.
* BS or Masters in Computer Science and Engineering
* Experience leading multiple company\\-wide transformations
* Certifications in Architecture frameworks
* Knowledge of agile software development methodologies.
* Experience with micro\\-services architecture and RESTful APIs.
* Prior experience of leading teams with or without authority


Qualifications:
**Compensation**


At Atlassian, we strive to design equitable, explainable, and competitive compensation programs. To support this goal, the baseline of our range is higher than that of the typical market range, but in turn we expect to hire most candidates near this baseline. Base pay within the range is ultimately determined by a candidate's skills, expertise, or experience. In the United States, we have three geographic pay zones. For this role, our current base pay ranges for new hires in each zone are:


Zone A: $205,700 \\- $274,300


Zone B: $185,200 \\- $246,900


Zone C: $170,800 \\- $227,700


This role may also be eligible for benefits, bonuses, commissions, and equity.


Please visit go.atlassian.com/payzones for more information on which locations are included in each of our geographic pay zones. However, please confirm the zone for your specific location with your recruiter.


**Our perks \\& benefits**


Atlassian offers a variety of perks and benefits to support you, your family and to help you engage with your local community. Our offerings include health coverage, paid volunteer days, wellness resources, and so much more. Visit **go.atlassian.com/perksandbenefits**to learn more.

**About Atlassian**


At Atlassian, we're motivated by a common goal: to unleash the potential of every team. Our software products help teams all over the planet and our solutions are designed for all types of work. Team collaboration through our tools makes what may be impossible alone, possible together.


We believe that the unique contributions of all Atlassians create our success. To ensure that our products and culture continue to incorporate everyone's perspectives and experience, we never discriminate based on race, religion, national origin, gender identity or expression, sexual orientation, age, or marital, veteran, or disability status. All your information will be kept confidential according to EEO guidelines.


To provide you the best experience, we can support with accommodations or adjustments at any stage of the recruitment process. Simply inform our Recruitment team during your conversation with them.


To learn more about our culture and hiring process, visit **go.atlassian.com/crh****.**","","https://www.indeed.com/cmp/Atlassian","https://d2q79iu7y748jz.cloudfront.net/s/_squarelogo/256x256/236f8ff078fa6689201af583930fe77e","https://www.atlassian.com","Sydney","5,001 to 10,000","Decline to state","We build software to help teams plan, collaborate, code and service."
"in-e468d40bddc444fb","indeed","https://www.indeed.com/viewjob?jk=e468d40bddc444fb","https://apptrkr.com/5972829","IAM JAVA DEVELOPER - REMOTE WITHIN CALIFORNIA","University of California Office of the President","Oakland, CA, US","2025-01-31","fulltime","direct_data","yearly",145000.0,165000.0,"USD",True,"","","","epost@ucop.edu","**Location:** Oakland  

**Job ID:** 75975  

  

**Job Posting**  

  

**UC OFFICE OF THE PRESIDENT**  

  

At the University of California (UC), your contributions make a difference. A world leader producing Nobel and Pulitzer Prize recipients with over 150 years of groundbreaking research transforming the world. Choose a career where you can leverage your knowledge, skills and aspirations to inspire and support some of the greatest minds in the world, and those who will follow in their footsteps. Working at the University of California is being part of a unique institution, and a vibrant and diverse community. At the University of California, Office of the President, we propel our mission through impactful work locally, in government centers and systemwide. We are passionate people, serving the greater good.  

  

The University of California, one of the largest and most acclaimed institutions of higher learning in the world, is dedicated to excellence in teaching, research and public service. The University of California Office of the President is the headquarters to the 10 campuses, six academic medical centers and three national laboratories and enrolls premier students from California, the nation and the world. Learn more about the UC Office of the President  

  

**Department Overview**  

As a security first organization, Technology Delivery Services (TDS) is part of the Information Technology (IT) Department. The TDS teams include Information Security, Planning (architecture and PMO), Application Development, HR \\& Payroll Development, Infrastructure, and Client Services teams. We maintain an innovative, inclusive, and supportive work environment.  

  

**Position Summary**  

The Java developer / analyst will act as a technical resource for application \\& interface design, configuration, and operation within the Identity and Access Management (IAM) domain. This role includes coding, deployment, and support for IAM\\-related functions and integrations, with a focus on Single Sign\\-On (SSO) solutions, web services, and security protocols. The role may also configure IAM\\-related software and integrations with other systems, including operating systems, middleware, databases, web services, software, and authentication proxies. The ideal candidate will have experience in the areas of software development / coding (Java), installation, configuration, and support for software products, and with configuring integrations between IT systems. A background in IAM solution development, configuration, and support is a strong plus. Proven experience with Identity and Access Management technologies and protocols (e.g., OAuth, SAML, OpenID Connect, Shibboleth). Strong Java development skills, with experience in Spring and Hibernate. Experience with RESTful APIs, SOAP messaging, and system integrations. Familiarity with database technologies (SQL, MySQL) and database security best practices. Knowledge of version control systems (Git) for version control and collaboration. Experience with cloud platforms (AWS). Familiarity with front\\-end technologies (HTML, CSS, JavaScript). Familiarity with updating certificates. Excellent problem\\-solving skills, attention to detail, and the ability to work effectively in a team\\-oriented environment. Excellent communication and collaboration skills for working with cross\\-functional teams. This role is ideal for candidates who have a strong background in Java development, IAM, and SSO technologies and are looking to contribute to secure authentication and identity management solutions within a highly matrixed and collaborative environment.  

  

**Key Responsibilities**  

  

35% Designs, develops, modifies, debugs, deploys and evaluates user identity, provisioning, and authentication related software and scripts. Performs data analysis and analyzes the design and use of data sources, including relational databases, LDAP data stores, and file\\-based data stores. Monitors and employs identity authentication and provisioning related source code control techniques and configuration management. Performs adequate testing of software to ensure proper operation and conformance to test plans. Implements release management.  

  

20% Manages user identity authentication systems and services for an organization of moderate size comprising multiple, integrated systems. Makes recommendations and performs upgrades and patches to computer hardware, software and services relating to identity and access management. Performs analysis to acquire, install, modify and support operating systems, web services, software, databases, utilities and/or tools for the management of user identities, federated authentication, user provisioning interfaces, and related logging, audit, and monitoring. Applies and manages essential security configurations.  

  

15% Identifies, evaluates and develops complex systems, processes and procedures specific to the creation, lifecycle management, and provisioning of trusted user accounts and related authentication mechanisms. Creates specifications for IAM related systems to meet end\\-user requirements. Develops user interface designs, including self\\-registration and user provisioning / approval workflow mechanisms. Gathers, analyzes, and documents IAM system requirements, revising existing system and process logic issues as necessary.  

  

10% Troubleshoots and resolves complex technical issues, including hardware, custom and off\\-the\\-shelf software, supporting service integrations, and related interfaces and network configurations. Coordinates workflow of support requests, setting priorities and tracking resolution. Ensures compliance with and provides input to service level agreements.  

  

10% Security \\- Participates in security training and keeps current with industry best practices to ensure software is not exposing the organization to unnecessary risk. Contributes to architecture design to ensure that software/applications are secure. Addresses vulnerabilities as they are discovered by assisting in developing action plans and remediating issues discovered in the software. Keeps up to date of new developments in software vulnerabilities and prevention.  

  

10% Act as the IT point of contact for questions, application support, and maintenance of the system. Participate in a 24x7 on\\-call rotation and perform regular system maintenance during off hours and over the weekends as needed.  

  

**Experience**  

Required Qualifications  

Min 8 years of related Information Technology work experience.  

* 

  

  

**Skills and Abilities**  

Required Qualifications  

* Demonstrated skills associated with programming design, modification and implementation.
* Advanced knowledge of secure software development. Demonstrated ability to create software specifications.
* Ability to elicit and communicate technical and non\\-technical information in a clear and concise manner.
* Interpersonal skills sufficient to work with both technical and non\\-technical personnel at various levels in the organization.
* Demonstrated ability to install software and troubleshoot and repair moderately complex problems with computing devices, peripherals and software.
* Understanding of and experience troubleshooting client, server and peripherals\\-related issues and actions that can be taken to improve or correct performance.
* Thorough knowledge of business and process analysis functions.
* Skills and experience with development, configuration, testing, and operational support of identity and access management related tools and technologies.
* Ability to write technical documentation in a clear and concise manner.
* Knowledge of identity and access management concepts, tools, and technologies.

  

Preferred Qualifications  

* Knowledge of the design, development and application of technology and systems to meet business needs.
* Demonstrated experience with database administration.
* Working knowledge of database management systems and standards.
* Advanced database querying and modeling skills working with moderately complex databases.
* Advanced knowledge of computer security tools, best practices and policies including demonstrated experience securing server\\-based software.
* Demonstrated skill at administering moderately complex security controls and configurations to computer hardware, software and networks.
* Experience in incident response and digital forensics, including data collection, examination and analysis.
* Demonstrated testing and test planning skills.
* Demonstrated comprehensive understanding of how system management actions affect other systems, system users and dependent / related functions.
* Familiarity with data quality and governance issues and requirements.
* Familiarity with logical data design and data mapping or data conversion.

  

**Education**  

Required Qualifications  

Bachelor's degree in related area and / or equivalent experience / training  

* 

  

  

**Licenses and Certifications**  

Preferred Qualifications  

* CISSP

  

**Job Title**  

Information Systems Analyst 4  

  

**Job Code**  

000499  

  

**Salary Grade**  

Grade 25  

  

**Payscale:**  

$145,000 \\- $165,000  

  

The University of California, Office of the President, is required to provide a reasonable estimate of the compensation range for this role. This range takes into account the wide range of factors that are considered in making compensation decisions including but not limited to experience, skills, knowledge, abilities, education, licensure and certifications, and other business and organizational needs. It is not typical for an individual to be offered a salary at or near the top of the range for a position. Salary offers are determined based on final candidate qualifications and experience. The full salary range shows the growth potential for this position and the pay scale is the budgeted salary or hourly range that the University reasonably expects to pay for this position.  

  

Benefits: For information on the comprehensive benefits package offered by the University visit: Benefits of Belonging  

  

**ADDITIONAL INFORMATION**  

  

**California residents, or those willing to relocate to CA, who wish to work onsite, hybrid, or remote, will be considered. Not eligible for Visa sponsorship or transfer.**  

  

**HOW TO APPLY**  

  

Please be prepared to attach a cover letter and resume with your application.  

  

**APPLICATION REVIEW DATE**  

  

The first review date for this job is2/21/2025\\. The position will be open until filled.  

  

**CONDITIONS OF EMPLOYMENT**  

  

Background Check Process: Successful completion of a background check is required for this critical position. Background check process at UCOP  

  

Smoke Free Work Environment: The University of California, Office of the President, is smoke \\& tobacco\\-free as of January 1, 2014\\. UC Smoke \\& Tobacco Free Policy  

  

As a condition of employment, you will be required to comply with the University of California Policy on Vaccination Programs, as may be amended or revised from time to time. Federal, state, or local public health directives may impose additional requirements.  

  

As a condition of employment, the finalist will be required to disclose if they are subject to any final administrative or judicial decisions within the last seven years determining that they committed any misconduct, are currently being investigated for misconduct, left a position during an investigation for alleged misconduct, or have filed an appeal with a previous employer.  

* ""Misconduct"" means any violation of the policies or laws governing conduct at the applicant's previous place of employment, including, but not limited to, violations of policies or laws prohibiting sexual harassment, sexual assault, or other forms of harassment, discrimination, dishonesty, or unethical conduct, as defined by the employer.
	+ UC Sexual Violence and Sexual Harassment Policy
	+ UC Anti\\-Discrimination Policy for Employees, Students and Third Parties
	+ APM \\- 035: Affirmative Action and Nondiscrimination in Employment

  

**EEO STATEMENT**  

  

The University of California, Office of the President, is an Equal Opportunity/Affirmative Action Employer. All qualified applicants will receive consideration for employment without regard to race, color, religion, sex, sexual orientation, gender identity, national origin, disability, age or protected veteran status. For the University of California's Affirmative Action Policy please visit: https://policy.ucop.edu/doc/4010393/PPSM\\-20\\. For the University of California's Anti\\-Discrimination Policy, please visit: https://policy.ucop.edu/doc/1001004/Anti\\-Discrimination.  

  

The University of California, Office of the President, strives to make this job board accessible to any and all users. If you have comments regarding the accessibility of our website or need assistance completing the application process, please contact us at: Accessibility or email the Human Resource Department at: epost@ucop.edu.  

  

  

  

  

**To apply, visit** **https://careerspub.universityofcalifornia.edu/psc/ucop/EMPLOYEE/HRMS/c/HRS\\_HRAM\\_FL.HRS\\_CG\\_SEARCH\\_FL.GBL?Page\\=HRS\\_APP\\_JBPST\\_FL\\&JobOpeningId\\=75975\\&PostingSeq\\=1\\&SiteId\\=19\\&languageCd\\=ENG\\&FOCUS\\=Applicant**  

  

jeid\\-9d1ba1a78239724782a2d2c8ffb73cfe","","https://www.indeed.com/cmp/University-of-California-Office-of-the-President-3","https://d2q79iu7y748jz.cloudfront.net/s/_squarelogo/256x256/904deaa8a4f952e9236b721b4d5469ad","https://ucop.edu/","Oakland, CA","1,001 to 5,000","Decline to state","The Office of the President is the system wide headquarters of the University of California, managing its fiscal and business operations, and supporting the academic and research missions across its c"
"in-bf750252b6f1d1a7","indeed","https://www.indeed.com/viewjob?jk=bf750252b6f1d1a7","https://careers.rivian.com/jobs/21694/job?utm_source=indeed_integration&iis=Job%20Board&iisn=Indeed&indeed-apply-token=73a2d2b2a8d6d5c0a62696875eaebd669103652d3f0c2cd5445d3e66b1592b0f","Sr./Staff Software Engineer, Perception, Autonomy","Rivian","Palo Alto, CA, US","2025-01-31","fulltime","direct_data","yearly",228000.0,285000.0,"USD",False,"","","","candidateaccommodations@rivian.com","About Us:

Rivian is on a mission to keep the world adventurous forever. This goes for the emissions\\-free Electric Adventure Vehicles we build, and the curious, courageous souls we seek to attract.  

As a company, we constantly challenge what’s possible, never simply accepting what has always been done. We reframe old problems, seek new solutions and operate comfortably in areas that are unknown. Our backgrounds are diverse, but our team shares a love of the outdoors and a desire to protect it for future generations.
Role Summary:

In this role you will be a member of the Perception team at Rivian, which develops advanced machine learning algorithms that directly impact safety critical self\\-driving features of our category defining vehicles. You will be responsible for design, implementation, testing, deployment and maintenance of onboard Perception functionality.
Responsibilities:
* Be independently responsible for the entire lifecycle of projects or features including engineering design, development, testing and maintenance
* Develop production ready software to run on our vehicles and in the cloud
* Develop perception capabilities using tools from Machine Learning, state estimation and robotics
* Develop tools and processes to evaluate and measure the performance of the Perception system
* Work with the broader team to ensure that our Perception outputs are integrated to deliver a great experience to our customers


Qualifications:
* BS, MS or PhD in Computer Science, Robotics, or other relevant Engineering disciplines
* 3\\+ years of experience in C\\+\\+ and Python, ideally in a context of real\\-time Perception systems
* 3\\+ years of robotics, AV (Autonomous Vehicle), or other real\\-time, safety\\-critical experience
* Experience developing Perception algorithms using tools from machine learning, state estimation and/or robotics
* Effective communication and collaborative skills


Pay Disclosure:

Salary Range for California Based Applicants: $228,000\\.00 \\- $285,000\\.00 (actual compensation will be determined based on experience, location, and other factors permitted by law).  

Benefits Summary: Rivian provides robust medical/Rx, dental and vision insurance packages for full\\-time employees, their spouse or domestic partner, and children up to age 26\\. Coverage is effective on the first day of employment  


Company Statements:
#### **Equal Opportunity**


Rivian is an equal opportunity employer and complies with all applicable federal, state, and local fair employment practices laws. All qualified applicants will receive consideration for employment without regard to race, color, religion, national origin, ancestry, sex, sexual orientation, gender, gender expression, gender identity, genetic information or characteristics, physical or mental disability, marital/domestic partner status, age, military/veteran status, medical condition, or any other characteristic protected by law.  

Rivian is committed to ensuring that our hiring process is accessible for persons with disabilities. If you have a disability or limitation, such as those covered by the Americans with Disabilities Act, that requires accommodations to assist you in the search and application process, please email us at candidateaccommodations@rivian.com.#### **Candidate Data Privacy**


Rivian may collect, use and disclose your personal information or personal data (within the meaning of the applicable data protection laws) when you apply for employment and/or participate in our recruitment processes (“Candidate Personal Data”). This data includes contact, demographic, communications, educational, professional, employment, social media/website, network/device, recruiting system usage/interaction, security and preference information. Rivian may use your Candidate Personal Data for the purposes of (i) tracking interactions with our recruiting system; (ii) carrying out, analyzing and improving our application and recruitment process, including assessing you and your application and conducting employment, background and reference checks; (iii) establishing an employment relationship or entering into an employment contract with you; (iv) complying with our legal, regulatory and corporate governance obligations; (v) recordkeeping; (vi) ensuring network and information security and preventing fraud; and (vii) as otherwise required or permitted by applicable law.  

Rivian may share your Candidate Personal Data with (i) internal personnel who have a need to know such information in order to perform their duties, including individuals on our People Team, Finance, Legal, and the team(s) with the position(s) for which you are applying; (ii) Rivian affiliates; and (iii) Rivian’s service providers, including providers of background checks, staffing services, and cloud services.  

Rivian may transfer or store internationally your Candidate Personal Data, including to or in the United States, Canada, the United Kingdom, and the European Union and in the cloud, and this data may be subject to the laws and accessible to the courts, law enforcement and national security authorities of such jurisdictions. **Please note that we are currently not accepting applications from third party application services.**","","https://www.indeed.com/cmp/Rivian-3","https://d2q79iu7y748jz.cloudfront.net/s/_squarelogo/256x256/dce137c67c15b65005d1558077d07c2b","https://careers.rivian.com/careers-home/","Irvine, CA","10,000+","Decline to state","Rivian is developing and manufacturing vehicles and technology to inspire people to  explore the world."
"in-ebad2eb1697c9bc5","indeed","https://www.indeed.com/viewjob?jk=ebad2eb1697c9bc5","https://careers.amd.com/jobs/58131/job?utm_source=indeed_integration&iis=Job%20Board&iisn=Indeed&indeed-apply-token=73a2d2b2a8d6d5c0a62696875eaebd669103652d3f0c2cd5445d3e66b1592b0f","MTS Software Development Eng.","AMD","San Jose, CA, US","2025-01-31","","direct_data","yearly",147818.0,222936.0,"USD",False,"","","","","Overview:
**WHAT YOU DO AT AMD CHANGES EVERYTHING**

We care deeply about transforming lives with AMD technology to enrich our industry, our communities, and the world. Our mission is to build great products that accelerate next\\-generation computing experiences – the building blocks for the data center, artificial intelligence, PCs, gaming and embedded. Underpinning our mission is the AMD culture. We push the limits of innovation to solve the world’s most important challenges. We strive for execution excellence while being direct, humble, collaborative, and inclusive of diverse perspectives.

AMD together we advance\\_
Responsibilities:
**AI Models Engineering, Efficient Generative AI** **THE ROLE:**
Join our innovative team at AMD as an AI Models Software Engineer. We are seeking passionate individuals who are dedicated to optimizing, accelerating, and applying AI models. As a member of our dynamic team, you will have the opportunity to shape the future of AI model development and make a significant impact in various industries and applications. **THE PERSON:**
We are looking for a candidate who is deeply passionate about AI models and possesses strong engineering skills to tackle complex challenges. You should have experience in optimizing and accelerating NLP/Generative AI models. Effective communication and collaboration with diverse teams across AMD are essential for success in this role.  

  

As an AI Models Software Engineer, you will:  

1\\. Drive Innovation: Work on cutting\\-edge projects and collaborate with a team of highly skilled industry specialists. Push the boundaries of AI model optimization and application and contribute to the advancement of AI technology.  

2\\. Optimize AI Models: Leverage quantization, sparsity, and architecture search methods to optimize and enhance the performance, efficiency, and accuracy of Generative AI models. Unlock the full potential of AI technology and enable groundbreaking solutions.  

3\\. Collaborate with Experts: Collaborate closely with software engineers, data scientists, and researchers to integrate AI models into software applications and platforms. Learn from the best in the field and work together to achieve seamless integration and optimal performance.  

4\\. Stay Ahead of the Curve: Stay updated with the latest advancements in AI algorithms, frameworks, and technologies. Continuously explore new techniques and approaches to stay at the forefront of AI model development and optimization.  

  

By joining our team, you will be part of a collaborative environment that fosters innovation and encourages professional growth. You will have access to cutting\\-edge technology, training programs, mentorship opportunities, and a clear career progression path.  

  

If you are passionate about AI models and possess the skills to drive innovation and optimization, we invite you to join our team at AMD. Apply now and be at the forefront of the AI revolution! **KEY RESPONSIBILITIES:*** Research, design, and implement novel methods for efficient Generative AI training and inference
* Algorithmic model optimization and training methods design including quantization, sparsity, innovative parallelism strategies etc.
* Innovate and publish your work.
* Collaborate with other team members and teams.

 **PREFERRED EXPERIENCE:*** Project experiences on generative tasks. Familiar with deep learning framework, e.g., Pytorch/JAX/ONNX/TensorFlow.
* Experience working with linear scaling of large language models and training at scale
* Project experiences on model compression, quantization, and end\\-to\\-end inference optimization.
* Strong knowledge of artificial intelligence, deep learning or machine learning.
* Strong coding skills in Python required, C/C\\+\\+ skills a plus.
* Skilled in academic paper writing and technical innovation.
* Additional plus if recent publications include conferences such as NeuRIPS, CVPR, ECCV/ICCV, ICML, ICLR, etc.
* Experience with any of the following also a plus: LLMs, Large Multi\\-modal models, stable diffusion, or text\\-to\\-video generation.

 **ACADEMIC CREDENTIALS:*** A PhD or master’s degree in artificial intelligence, machine learning, or a related field.

 **LOCATION:*** San Jose, USA


Qualifications:

At AMD, your base pay is one part of your total rewards package. Your base pay will depend on where your skills, qualifications, experience, and location fit into the hiring range for the position. You may be eligible for incentives based upon your role such as either an annual bonus or sales incentive. Many AMD employees have the opportunity to own shares of AMD stock, as well as a discount when purchasing AMD stock if voluntarily participating in AMD’s Employee Stock Purchase Plan. You’ll also be eligible for competitive benefits described in more detail here. *AMD does not accept unsolicited resumes from headhunters, recruitment agencies, or fee\\-based recruitment services. AMD and its subsidiaries are equal opportunity, inclusive employers and will consider all applicants without regard to age, ancestry, color, marital status, medical condition, mental or physical disability, national origin, race, religion, political and/or third\\-party affiliation, sex, pregnancy, sexual orientation, gender identity, military or veteran status, or any other characteristic protected by law. We encourage applications from all qualified candidates and will accommodate applicants’ needs under the respective laws throughout all stages of the recruitment and selection process.*","Computers And Electronics","https://www.indeed.com/cmp/Amd","https://d2q79iu7y748jz.cloudfront.net/s/_squarelogo/256x256/0d88c8b7ad753413e8139d134955d34d","http://www.amd.com/","Sunnyvale, California","5,001 to 10,000","$5B to $10B (USD)",""
"in-a4a6b4ac84dba3a0","indeed","https://www.indeed.com/viewjob?jk=a4a6b4ac84dba3a0","https://www.amazon.jobs/jobs/2889577/software-development-engineer-alexa-alarms?cmpid=DA_INAD200785B","Software Development Engineer, Alexa Alarms","Amazon.com","Sunnyvale, CA, US","2025-01-29","fulltime","direct_data","yearly",129300.0,223600.0,"USD",False,"","","","","\\- 3\\+ years of non\\-internship professional software development experience
\\- 2\\+ years of non\\-internship design or architecture (design patterns, reliability and scaling) of new and existing systems experience
\\- Experience programming with at least one software programming language
\\- Bachelor's degree in computer science or equivalent
  

Do you want to work on industry leading technology, solve new problems that didn’t exist before, and have the ability to see the impact of your successes?
Join the Alexa Alarms team to impact millions of customers daily! Our team leads mission\\-critical features including Alarm creation and management, scheduling and delivery across Echo devices, voice and UI interactions, ultimately shaping how customers interact with Alexa every day.
Amazon's technology teams innovate directly for customers, making us one of the world's leading brands. Our Software Development Engineers (SDEs) leverage the latest technologies to solve complex challenges that immediately impact our global user base.
As an SDE at Amazon, you'll create products that serve millions of customers and sellers worldwide. We develop and ship features in weeks, not years, requiring strong technical skills and comfort with ambiguity. If you're ready to build large\\-scale solutions that define the future of intelligent assistants, apply now!
Key job responsibilities
\\- Design and ship high quality systems that meet the highest customer standards
\\- Lead development and maintenance of domain features
\\- Maintain a high operational bar, bring the right rigor and oversight to code, own what you and your team delivers
\\- Work in an Agile/Scrum environment to deliver high quality software without compromising speed or quality
\\- Participate in code reviews, design discussions, and team meetings
\\- Mentor other engineers and provide technical guidance
  

* 3\\+ years of full software development life cycle, including coding standards, code reviews, source control management, build processes, testing, and operations experience
* Knowledge of professional software engineering \\& best practices for full software development life cycle, including coding standards, software architectures, code reviews, source control management, continuous deployments, testing, and operational excellence
* Master's degree in computer science or equivalent
* Excellent understanding of design for scalability, performance and reliability for building Java\\-based cloud services using NoSQL, AWS etc.

  

Amazon is committed to a diverse and inclusive workplace. Amazon is an equal opportunity employer and does not discriminate on the basis of race, national origin, gender, gender identity, sexual orientation, protected veteran status, disability, age, or other legally protected status.  

  

Los Angeles County applicants: Job duties for this position include: work safely and cooperatively with other employees, supervisors, and staff; adhere to standards of excellence despite stressful conditions; communicate effectively and respectfully with employees, supervisors, and staff to ensure exceptional customer service; and follow all federal, state, and local laws and Company policies. Criminal history may have a direct, adverse, and negative relationship with some of the material job duties of this position. These include the duties and responsibilities listed above, as well as the abilities to adhere to company policies, exercise sound judgment, effectively manage stress and work safely and respectfully with others, exhibit trustworthiness and professionalism, and safeguard business operations and the Company’s reputation. Pursuant to the Los Angeles County Fair Chance Ordinance, we will consider for employment qualified applicants with arrest and conviction records.  

  

Our inclusive culture empowers Amazonians to deliver the best results for our customers. If you have a disability and need a workplace accommodation or adjustment during the application and hiring process, including support for the interview or onboarding process, please visit https://amazon.jobs/content/en/how\\-we\\-hire/accommodations for more information. If the country/region you’re applying in isn’t listed, please contact your Recruiting Partner.  

  

Our compensation reflects the cost of labor across several US geographic markets. The base pay for this position ranges from $129,300/year in our lowest geographic market up to $223,600/year in our highest geographic market. Pay is based on a number of factors including market location and may vary depending on job\\-related knowledge, skills, and experience. Amazon is a total compensation company. Dependent on the position offered, equity, sign\\-on payments, and other forms of compensation may be provided as part of a total compensation package, in addition to a full range of medical, financial, and/or other benefits. For more information, please visit https://www.aboutamazon.com/workplace/employee\\-benefits. This position will remain posted until filled. Applicants should apply via our internal or external career site.","Internet And Software","https://www.indeed.com/cmp/Amazon.com","https://d2q79iu7y748jz.cloudfront.net/s/_squarelogo/256x256/3e9d43f5c277de169808abdcaf49ba2c","https://www.amazon.jobs","440 Terry Ave N, Seattle, WA, United States, Washington","10,000+","more than $10B (USD)","Our mission is to be Earth's most customer-centric company."
"in-ed6b3a013db50065","indeed","https://www.indeed.com/viewjob?jk=ed6b3a013db50065","https://www.amazon.jobs/jobs/2889665/software-development-engineer-blackwatch-core-platform?cmpid=DA_INAD200785B","Software Development Engineer, BlackWatch Core Platform","Amazon.com","Santa Clara, CA, US","2025-01-28","fulltime","direct_data","yearly",129300.0,223600.0,"USD",False,"","","","","\\- 3\\+ years of non\\-internship professional software development experience
\\- 2\\+ years of non\\-internship design or architecture (design patterns, reliability and scaling) of new and existing systems experience
\\- Experience programming with at least one software programming language
  

AWS Infrastructure Services owns the design, planning, delivery, and operation of all AWS global infrastructure. In other words, we’re the people who keep the cloud running. We support all AWS data centers and all of the servers, storage, networking, power, and cooling equipment that ensure our customers have continual access to the innovation they rely on. We work on the most challenging problems, with thousands of variables impacting the supply chain — and we’re looking for talented people who want to help.
You’ll join a diverse team of software, hardware, and network engineers, supply chain specialists, security experts, operations managers, and other vital roles. You’ll collaborate with people across AWS to help us deliver the highest standards for safety and security while providing seemingly infinite capacity at the lowest possible cost for our customers. And you’ll experience an inclusive culture that welcomes bold ideas and empowers you to own them to completion.
The Anti\\-DDoS team is the frontline defense for all DDoS threats world\\-wide, against all Amazon \\& AWS customers and services. Our architecture must be highly scalable, performant, and continually evolve against threats as they emerge.
The Anti\\-DDoS team is looking for software engineers to solve incredibly challenging low\\-level networking problems, deliver new capabilities, and continue to scale our platform to meet the increasing needs of our customers world\\-wide. The ideal candidate has strong technical background in computer networking and programming experience in Java, C, C\\+\\+, Python.
Candidates who enjoy computer networking, building scalable user interfaces and performance sensitive control plane infrastructure, deep packet analysis, systems programming and have deep analytical skills and excellent communication skills will find the Anti\\-DDoS team to be inline with their interests and desire for challenge. You must be able to highly collaborate, be creative, analytical and thrive in fast\\-paced environments, all while interacting with highly technical software and networking development teams.
Key job responsibilities
The AWS Shield Anti\\-DDoS team is looking for a Software Development Engineer who can help us build the next generation of our service's Control Plane infrastructure. Our team also owns and maintains the existing control plane infrastructure, while also ensuring that packet processing metrics are delivered in a timely and efficient manner. In addition to this, the team is responsible to scale and maintain the Anti\\-DDoS service's configuration dashboard and user interface, which provides insight and visibility into the SoW (state of the world) for our service.
About the team
\\*Why AWS\\*
Amazon Web Services (AWS) is the world’s most comprehensive and broadly adopted cloud platform. We pioneered cloud computing and never stopped innovating — that’s why customers from the most successful startups to Global 500 companies trust our robust suite of products and services to power their businesses.
\\*Diverse Experiences\\*
Amazon values diverse experiences. Even if you do not meet all of the preferred qualifications and skills listed in the job description, we encourage candidates to apply. If your career is just starting, hasn’t followed a traditional path, or includes alternative experiences, don’t let it stop you from applying.
\\*Work/Life Balance\\*
We value work\\-life harmony. Achieving success at work should never come at the expense of sacrifices at home, which is why we strive for flexibility as part of our working culture. When we feel supported in the workplace and at home, there’s nothing we can’t achieve in the cloud.
\\*Inclusive Team Culture\\*
Here at AWS, it’s in our nature to learn and be curious. Our employee\\-led affinity groups foster a culture of inclusion that empower us to be proud of our differences. Ongoing events and learning experiences, including our Conversations on Race and Ethnicity (CORE) and AmazeCon (gender diversity) conferences, inspire us to never stop embracing our uniqueness.
\\*Mentorship and Career Growth\\*
We’re continuously raising our performance bar as we strive to become Earth’s Best Employer. That’s why you’ll find endless knowledge\\-sharing, mentorship and other career\\-advancing resources here to help you develop into a better\\-rounded professional.
  

* 3\\+ years of full software development life cycle, including coding standards, code reviews, source control management, build processes, testing, and operations experience
* Bachelor's degree in computer science or equivalent

  

Amazon is committed to a diverse and inclusive workplace. Amazon is an equal opportunity employer and does not discriminate on the basis of race, national origin, gender, gender identity, sexual orientation, protected veteran status, disability, age, or other legally protected status.  

  

Los Angeles County applicants: Job duties for this position include: work safely and cooperatively with other employees, supervisors, and staff; adhere to standards of excellence despite stressful conditions; communicate effectively and respectfully with employees, supervisors, and staff to ensure exceptional customer service; and follow all federal, state, and local laws and Company policies. Criminal history may have a direct, adverse, and negative relationship with some of the material job duties of this position. These include the duties and responsibilities listed above, as well as the abilities to adhere to company policies, exercise sound judgment, effectively manage stress and work safely and respectfully with others, exhibit trustworthiness and professionalism, and safeguard business operations and the Company’s reputation. Pursuant to the Los Angeles County Fair Chance Ordinance, we will consider for employment qualified applicants with arrest and conviction records.  

  

Our inclusive culture empowers Amazonians to deliver the best results for our customers. If you have a disability and need a workplace accommodation or adjustment during the application and hiring process, including support for the interview or onboarding process, please visit https://amazon.jobs/content/en/how\\-we\\-hire/accommodations for more information. If the country/region you’re applying in isn’t listed, please contact your Recruiting Partner.  

  

Our compensation reflects the cost of labor across several US geographic markets. The base pay for this position ranges from $129,300/year in our lowest geographic market up to $223,600/year in our highest geographic market. Pay is based on a number of factors including market location and may vary depending on job\\-related knowledge, skills, and experience. Amazon is a total compensation company. Dependent on the position offered, equity, sign\\-on payments, and other forms of compensation may be provided as part of a total compensation package, in addition to a full range of medical, financial, and/or other benefits. For more information, please visit https://www.aboutamazon.com/workplace/employee\\-benefits. This position will remain posted until filled. Applicants should apply via our internal or external career site.","Internet And Software","https://www.indeed.com/cmp/Amazon.com","https://d2q79iu7y748jz.cloudfront.net/s/_squarelogo/256x256/3e9d43f5c277de169808abdcaf49ba2c","https://www.amazon.jobs","440 Terry Ave N, Seattle, WA, United States, Washington","10,000+","more than $10B (USD)","Our mission is to be Earth's most customer-centric company."
"in-fd18dbeaedb19b51","indeed","https://www.indeed.com/viewjob?jk=fd18dbeaedb19b51","http://www.indeed.com/job/senior-full-stack-developer-fd18dbeaedb19b51","Senior Full Stack Developer","TimberSync","South San Francisco, CA, US","2025-01-26","fulltime","direct_data","yearly",97000.0,150000.0,"USD",True,"","","","","**The Opportunity**

We're seeking a Senior Full\\-Stack Developer to work on our forward\\-thinking team. This is an opportunity to help architect and optimize a modern, scalable platform that serves as the backbone of our operations. The ideal candidate will be familiar with front\\-end and back\\-end development, cloud infrastructure, and ideally GIS map\\-based web applications. Our applications often involve a spatial database (PostGIS), APIs, and front\\-end applications built with React and mapping libraries like Mapbox, Esri, and OpenLayers.

Ideally we’re looking for someone that will be interested in the business and its processes who can become a core part of the team. This role is for an ambitious developer who can understand the balance between building good technology and really addressing the needs of the business.

**Primary Responsibilities**

* Build an intuitive React\\-based frontend that allows users to search properties based on multiple attributes
* Create efficient data export functionality for generating reports and lists
* Implement secure user authentication and role\\-based access control
* Integrate with mapping services and potentially build custom mapping solutions

**Required Technical Skills**

* 3\\+ years of experience with modern JavaScript/TypeScript and React
* Strong expertise in backend development (Node.js preferred)
* Extensive experience with SQL databases and optimization of complex queries
* Proven track record of building and deploying production applications
* Experience with cloud infrastructure (AWS/Azure/GCP)
* Ideal but not required: Experience with geospatial data and mapping technologies (PostGIS, Mapbox, or similar)

**Desired Skills \\& Experience**

* Familiarity with GIS concepts and spatial data analysis
* Experience with data visualization libraries
* Knowledge of automated testing and CI/CD practices
* Background in building SaaS applications
* Knowledge of Machine Learning techniques for Vision Analysis a plus
* Design efficient systems for storing and querying both traditional property data and ML model outputs
* Experience deploying ML models in production environments
* Experience with deep learning frameworks (PyTorch or TensorFlow)

**Exciting Technical Challenges You'll Tackle**

* Design efficient algorithms for processing and analyzing property attributes across large datasets
* Build sophisticated geospatial queries that can scale across multiple counties and states
* Create an intuitive interface for complex multi\\-attribute searching
* Implement real\\-time data visualization of search results and analytics
* Develop automated systems for tracking and managing publicly available datasets

**What We Offer**

* Direct impact on the company's core product
* Flexible work environment
* Competitive salary and benefits
* Chance to work with cutting\\-edge geospatial technologies
* A central role on our team
* Equity offered to the right candidate

**Location**

This job has a hybrid/remote policy. We’d like to have the developer in the office periodically but remote work is part of the package.

**How to Apply**

Qualified candidates should submit their resume, relevant portfolio/GitHub links, and a brief description of a complex technical challenge they've solved. Please include the phrase horse and buggy in your application subject line to show you’ve read this post.

Job Type: Full\\-time

Pay: $97,000\\.00 \\- $150,000\\.00 per year

Benefits:

* 401(k)
* Dental insurance
* Health insurance

Compensation Package:

* Stock options
* Yearly pay

Schedule:

* 8 hour shift
* Day shift
* Monday to Friday

Experience:

* Software development: 3 years (Preferred)

Work Location: Hybrid remote in South San Francisco, CA 94080","","https://www.indeed.com/cmp/Timbersync","","","","","",""
"li-4118957035","linkedin","https://www.linkedin.com/jobs/view/4118957035","","Software Engineer - Security Infrastructure","LinkedIn","Mountain View, CA","2025-02-01","","","","","","","","","","","","","","https://www.linkedin.com/company/linkedin","","","","","",""
"li-4140404517","linkedin","https://www.linkedin.com/jobs/view/4140404517","","Software Engineer Grad","Pure Storage","Santa Clara, CA","2025-02-01","","","","","","","","","","","","","","https://www.linkedin.com/company/purestorage","","","","","",""
"li-4034652789","linkedin","https://www.linkedin.com/jobs/view/4034652789","","Software Engineer I (Intern) United States","Cisco","San Jose, CA","2025-02-01","","","","","","","","","","","","","","https://www.linkedin.com/company/cisco","","","","","",""
"li-4140828480","linkedin","https://www.linkedin.com/jobs/view/4140828480","","Software Engineer Intern - Summer 2025","Rippling","San Francisco, CA","2025-02-01","","","","","","","","","","","","","","https://www.linkedin.com/company/rippling","","","","","",""
"li-4140094801","linkedin","https://www.linkedin.com/jobs/view/4140094801","","Frontend Engineer","Pump.co","San Francisco, CA","2025-02-01","","","","","","","","","","","","","","https://www.linkedin.com/company/pumpcloud","","","","","",""
"li-4135530700","linkedin","https://www.linkedin.com/jobs/view/4135530700","","Software Engineer Mobile - Recent Graduate","PayPal","San Jose, CA","2025-02-01","","","","","","","","","","","","","","https://www.linkedin.com/company/paypal","","","","","",""
"li-4140363006","linkedin","https://www.linkedin.com/jobs/view/4140363006","","Software Engineer, Internal Tools","Notion","San Francisco, CA","2025-02-01","","","","","","","","","","","","","","https://www.linkedin.com/company/notionhq","","","","","",""
"li-4140313501","linkedin","https://www.linkedin.com/jobs/view/4140313501","","Software Engineer I, Fullstack","Pinterest","San Francisco, CA","2025-01-31","","","","","","","","","","","","","","https://www.linkedin.com/company/pinterest","","","","","",""
"li-4139560994","linkedin","https://www.linkedin.com/jobs/view/4139560994","","Software Engineer","Microsoft","Mountain View, CA","2025-01-31","","","","","","","","","","","","","","https://www.linkedin.com/company/microsoft","","","","","",""
"li-4139745271","linkedin","https://www.linkedin.com/jobs/view/4139745271","","Software Engineer, Backend","UnitedMasters","San Francisco, CA","2025-01-31","","","","","","","","","","","","","","https://www.linkedin.com/company/unitedmasters","","","","","",""
"li-4140316529","linkedin","https://www.linkedin.com/jobs/view/4140316529","","Software Engineer","Comulate","San Francisco, CA","2025-01-31","","","","","","","","","","","","","","https://www.linkedin.com/company/comulatehq","","","","","",""
"li-4139383532","linkedin","https://www.linkedin.com/jobs/view/4139383532","","Software Engineer (New Grad)","Codeium","Mountain View, CA","2025-01-30","","","","","","","","","","","","","","https://www.linkedin.com/company/codeiumdev","","","","","",""
"li-4139293795","linkedin","https://www.linkedin.com/jobs/view/4139293795","","Software Engineer I (Co-Op) United States","Cisco","San Jose, CA","2025-01-30","","","","","","","","","","","","","","https://www.linkedin.com/company/cisco","","","","","",""
"li-4139283155","linkedin","https://www.linkedin.com/jobs/view/4139283155","","New Grads 2025 - General Software Engineer","WeRide","San Jose, CA","2025-01-30","","","","","","","","","","","","","","https://www.linkedin.com/company/werideai","","","","","",""
"li-4138382271","linkedin","https://www.linkedin.com/jobs/view/4138382271","","Software Engineer","PayPal","San Jose, CA","2025-01-30","","","","","","","","","","","","","","https://www.linkedin.com/company/paypal","","","","","",""
"li-4116726793","linkedin","https://www.linkedin.com/jobs/view/4116726793","","Software Engineer","Cohere","San Francisco, CA","2025-01-30","","","","","","","","","","","","","","https://ca.linkedin.com/company/cohere-ai","","","","","",""
"li-4138516710","linkedin","https://www.linkedin.com/jobs/view/4138516710","","Frontend Developer","Landbase","Mountain View, CA","2025-01-30","","","","","","","","","","","","","","https://www.linkedin.com/company/landbase","","","","","",""
"li-4119820431","linkedin","https://www.linkedin.com/jobs/view/4119820431","","Software Engineer - Frontend","LinkedIn","Mountain View, CA","","","","","","","","","","","","","","","https://www.linkedin.com/company/linkedin","","","","","",""
"li-4140469660","linkedin","https://www.linkedin.com/jobs/view/4140469660","","Full Stack Engineer","Replicate","San Francisco, CA","","","","","","","","","","","","","","","https://www.linkedin.com/company/replicate","","","","","",""
"li-4141225408","linkedin","https://www.linkedin.com/jobs/view/4141225408","","Frontend Software Engineer","Created by Humans","San Francisco, CA","","","","","","","","","","","","","","","https://www.linkedin.com/company/createdbyhumans","","","","","",""
